{
  "designSystem.defs.ts": [],
  "designSystem.test.ts": [
    "./_100554_tsTestAST"
  ],
  "designSystem.ts": [
    "./_100554_designSystemBase"
  ],
  "layer1Context.defs.ts": [],
  "layer1Context.test.ts": [
    "./_100554_tsTestAST"
  ],
  "layer1Context.ts": [
    "./_102009_layer1SchedulingDB",
    "./_102009_layer1ServiceOrderDB",
    "./_102009_layer4SchedulingBase",
    "./_102009_layer4ServiceOrderBase",
    "./_102009_layer4ResReqBase"
  ],
  "layer1Exec.defs.ts": [],
  "layer1Exec.test.ts": [
    "./_100554_tsTestAST"
  ],
  "layer1Exec.ts": [
    "./_102009_layer1Context",
    "./_102009_layer4ResReqBase",
    "./_102009_layer2AddScheduling",
    "./_102009_layer2UpdScheduling",
    "./_102009_layer2DelScheduling",
    "./_102009_layer2ListScheduling",
    "./_102009_layer2GetByIdScheduling",
    "./_102009_layer2GetByClientScheduling",
    "./_102009_layer2AddServiceOrder",
    "./_102009_layer2UpdServiceOrder",
    "./_102009_layer2DelServiceOrder",
    "./_102009_layer2ListServiceOrder",
    "./_102009_layer2GetByIdServiceOrder"
  ],
  "layer1SchedulingDB.defs.ts": [],
  "layer1SchedulingDB.test.ts": [
    "./_100554_tsTestAST"
  ],
  "layer1SchedulingDB.ts": [
    "./_102009_layer4SchedulingBase",
    "./_102009_layer4Scheduling"
  ],
  "layer1ServiceOrderDB.defs.ts": [],
  "layer1ServiceOrderDB.test.ts": [
    "./_100554_tsTestAST"
  ],
  "layer1ServiceOrderDB.ts": [
    "./_102009_layer4ServiceOrderBase",
    "./_102009_layer4ServiceOrder"
  ],
  "layer2AddScheduling.defs.ts": [],
  "layer2AddScheduling.test.ts": [
    "./_100554_tsTestAST"
  ],
  "layer2AddScheduling.ts": [
    "./_102009_layer3AddScheduling",
    "./_102009_layer4Scheduling",
    "./_102009_layer1Context",
    "./_102009_layer4ResReqBase"
  ],
  "layer2AddServiceOrder.defs.ts": [],
  "layer2AddServiceOrder.test.ts": [
    "./_100554_tsTestAST"
  ],
  "layer2AddServiceOrder.ts": [
    "./_102009_layer3AddServiceOrder",
    "./_102009_layer4ServiceOrder",
    "./_102009_layer1Context",
    "./_102009_layer4ResReqBase"
  ],
  "layer2DelScheduling.defs.ts": [],
  "layer2DelScheduling.test.ts": [
    "./_100554_tsTestAST"
  ],
  "layer2DelScheduling.ts": [
    "./_102009_layer3DelScheduling",
    "./_102009_layer1Context",
    "./_102009_layer4ResReqBase"
  ],
  "layer2DelServiceOrder.defs.ts": [],
  "layer2DelServiceOrder.test.ts": [
    "./_100554_tsTestAST"
  ],
  "layer2DelServiceOrder.ts": [
    "./_102009_layer3DelServiceOrder",
    "./_102009_layer1Context",
    "./_102009_layer4ResReqBase"
  ],
  "layer2GetByClientScheduling.defs.ts": [],
  "layer2GetByClientScheduling.test.ts": [
    "./_100554_tsTestAST"
  ],
  "layer2GetByClientScheduling.ts": [
    "./_102009_layer3GetByClientScheduling",
    "./_102009_layer4Scheduling",
    "./_102009_layer1Context",
    "./_102009_layer4ResReqBase"
  ],
  "layer2GetByIdScheduling.defs.ts": [],
  "layer2GetByIdScheduling.test.ts": [
    "./_100554_tsTestAST"
  ],
  "layer2GetByIdScheduling.ts": [
    "./_102009_layer3GetByIdScheduling",
    "./_102009_layer4Scheduling",
    "./_102009_layer1Context",
    "./_102009_layer4ResReqBase"
  ],
  "layer2GetByIdServiceOrder.defs.ts": [],
  "layer2GetByIdServiceOrder.test.ts": [
    "./_100554_tsTestAST"
  ],
  "layer2GetByIdServiceOrder.ts": [
    "./_102009_layer3GetByIdServiceOrder",
    "./_102009_layer4ServiceOrder",
    "./_102009_layer1Context",
    "./_102009_layer4ResReqBase"
  ],
  "layer2ListScheduling.defs.ts": [],
  "layer2ListScheduling.test.ts": [
    "./_100554_tsTestAST"
  ],
  "layer2ListScheduling.ts": [
    "./_102009_layer3ListScheduling",
    "./_102009_layer4Scheduling",
    "./_102009_layer1Context",
    "./_102009_layer4ResReqBase"
  ],
  "layer2ListServiceOrder.defs.ts": [],
  "layer2ListServiceOrder.test.ts": [
    "./_100554_tsTestAST"
  ],
  "layer2ListServiceOrder.ts": [
    "./_102009_layer3ListServiceOrder",
    "./_102009_layer4ServiceOrder",
    "./_102009_layer1Context",
    "./_102009_layer4ResReqBase"
  ],
  "layer2UpdScheduling.defs.ts": [],
  "layer2UpdScheduling.test.ts": [
    "./_100554_tsTestAST"
  ],
  "layer2UpdScheduling.ts": [
    "./_102009_layer3UpdScheduling",
    "./_102009_layer4Scheduling",
    "./_102009_layer1Context",
    "./_102009_layer4ResReqBase"
  ],
  "layer2UpdServiceOrder.defs.ts": [],
  "layer2UpdServiceOrder.test.ts": [
    "./_100554_tsTestAST"
  ],
  "layer2UpdServiceOrder.ts": [
    "./_102009_layer3UpdServiceOrder",
    "./_102009_layer4ServiceOrder",
    "./_102009_layer1Context",
    "./_102009_layer4ResReqBase"
  ],
  "layer3AddScheduling.defs.ts": [],
  "layer3AddScheduling.test.ts": [
    "./_100554_tsTestAST"
  ],
  "layer3AddScheduling.ts": [
    "./_102009_layer4Scheduling",
    "./_102009_layer1Context"
  ],
  "layer3AddServiceOrder.defs.ts": [],
  "layer3AddServiceOrder.test.ts": [
    "./_100554_tsTestAST"
  ],
  "layer3AddServiceOrder.ts": [
    "./_102009_layer4ServiceOrder",
    "./_102009_layer1Context"
  ],
  "layer3DelScheduling.defs.ts": [],
  "layer3DelScheduling.test.ts": [
    "./_100554_tsTestAST"
  ],
  "layer3DelScheduling.ts": [
    "./_102009_layer1Context"
  ],
  "layer3DelServiceOrder.defs.ts": [],
  "layer3DelServiceOrder.test.ts": [
    "./_100554_tsTestAST"
  ],
  "layer3DelServiceOrder.ts": [
    "./_102009_layer1Context"
  ],
  "layer3GetByClientScheduling.defs.ts": [],
  "layer3GetByClientScheduling.test.ts": [
    "./_100554_tsTestAST"
  ],
  "layer3GetByClientScheduling.ts": [
    "./_102009_layer4Scheduling",
    "./_102009_layer1Context"
  ],
  "layer3GetByIdScheduling.defs.ts": [],
  "layer3GetByIdScheduling.test.ts": [
    "./_100554_tsTestAST"
  ],
  "layer3GetByIdScheduling.ts": [
    "./_102009_layer4Scheduling",
    "./_102009_layer1Context"
  ],
  "layer3GetByIdServiceOrder.defs.ts": [],
  "layer3GetByIdServiceOrder.test.ts": [
    "./_100554_tsTestAST"
  ],
  "layer3GetByIdServiceOrder.ts": [
    "./_102009_layer4ServiceOrder",
    "./_102009_layer1Context"
  ],
  "layer3ListScheduling.defs.ts": [],
  "layer3ListScheduling.test.ts": [
    "./_100554_tsTestAST"
  ],
  "layer3ListScheduling.ts": [
    "./_102009_layer4Scheduling",
    "./_102009_layer1Context"
  ],
  "layer3ListServiceOrder.defs.ts": [],
  "layer3ListServiceOrder.test.ts": [
    "./_100554_tsTestAST"
  ],
  "layer3ListServiceOrder.ts": [
    "./_102009_layer4ServiceOrder",
    "./_102009_layer1Context"
  ],
  "layer3UpdScheduling.defs.ts": [],
  "layer3UpdScheduling.test.ts": [
    "./_100554_tsTestAST"
  ],
  "layer3UpdScheduling.ts": [
    "./_102009_layer4Scheduling",
    "./_102009_layer1Context"
  ],
  "layer3UpdServiceOrder.defs.ts": [],
  "layer3UpdServiceOrder.test.ts": [
    "./_100554_tsTestAST"
  ],
  "layer3UpdServiceOrder.ts": [
    "./_102009_layer4ServiceOrder",
    "./_102009_layer1Context"
  ],
  "layer4ResReqBase.defs.ts": [],
  "layer4ResReqBase.test.ts": [
    "./_100554_tsTestAST"
  ],
  "layer4ResReqBase.ts": [],
  "layer4Scheduling.defs.ts": [],
  "layer4Scheduling.test.ts": [
    "./_100554_tsTestAST"
  ],
  "layer4Scheduling.ts": [],
  "layer4SchedulingBase.defs.ts": [],
  "layer4SchedulingBase.test.ts": [
    "./_100554_tsTestAST"
  ],
  "layer4SchedulingBase.ts": [
    "./_102009_layer4Scheduling",
    "./_102009_layer4ResReqBase"
  ],
  "layer4ServiceOrder.defs.ts": [],
  "layer4ServiceOrder.test.ts": [
    "./_100554_tsTestAST"
  ],
  "layer4ServiceOrder.ts": [],
  "layer4ServiceOrderBase.defs.ts": [],
  "layer4ServiceOrderBase.test.ts": [
    "./_100554_tsTestAST"
  ],
  "layer4ServiceOrderBase.ts": [
    "./_102009_layer4ServiceOrder",
    "./_102009_layer4ResReqBase"
  ],
  "project.defs.ts": [],
  "project.test.ts": [
    "./_100554_tsTestAST"
  ],
  "project.ts": []
}