{
  "admin.defs.ts": [],
  "admin.ts": [
    "./_100554_collabPageElement",
    "lit/decorators.js",
    "./_100554_collabState"
  ],
  "agendamento.defs.ts": [],
  "agendamento.ts": [
    "./_100554_collabPageElement",
    "lit/decorators.js",
    "./_100554_collabState"
  ],
  "catalogo.defs.ts": [],
  "catalogo.ts": [
    "./_100554_collabPageElement",
    "lit/decorators.js",
    "./_100554_collabState"
  ],
  "contato.defs.ts": [],
  "contato.ts": [
    "./_100554_collabPageElement",
    "lit/decorators.js",
    "./_100554_collabState"
  ],
  "designSystem.ts": [
    "./_100554_designSystemBase"
  ],
  "home.defs.ts": [],
  "home.ts": [
    "./_100554_collabPageElement",
    "lit/decorators.js",
    "./_100554_collabState"
  ],
  "login.defs.ts": [],
  "login.ts": [
    "./_100554_collabPageElement",
    "lit/decorators.js",
    "./_100554_collabState"
  ],
  "organismBanner.defs.ts": [],
  "organismBanner.ts": [
    "lit/decorators.js",
    "./_100554_icaOrganismWireframeBase"
  ],
  "organismBuscaProdutos.defs.ts": [],
  "organismBuscaProdutos.ts": [
    "lit/decorators.js",
    "./_100554_icaOrganismWireframeBase"
  ],
  "organismChamadaAgendamento.defs.ts": [],
  "organismChamadaAgendamento.ts": [
    "lit/decorators.js",
    "./_100554_icaOrganismWireframeBase"
  ],
  "organismConfirmacaoPagamento.defs.ts": [],
  "organismConfirmacaoPagamento.ts": [
    "lit/decorators.js",
    "./_100554_icaOrganismWireframeBase"
  ],
  "organismDestaquesProdutos.defs.ts": [],
  "organismDestaquesProdutos.ts": [
    "lit/decorators.js",
    "./_100554_icaOrganismWireframeBase"
  ],
  "organismFiltroCategorias.defs.ts": [],
  "organismFiltroCategorias.ts": [
    "lit/decorators.js",
    "./_100554_icaOrganismWireframeBase"
  ],
  "organismFooter.defs.ts": [],
  "organismFooter.ts": [
    "lit/decorators.js",
    "./_100554_icaOrganismWireframeBase"
  ],
  "organismFormAgendamento.defs.ts": [],
  "organismFormAgendamento.ts": [
    "lit/decorators.js",
    "./_100554_icaOrganismWireframeBase"
  ],
  "organismFormContato.defs.ts": [],
  "organismFormContato.ts": [
    "lit/decorators.js",
    "./_100554_icaOrganismWireframeBase"
  ],
  "organismFormLogin.defs.ts": [],
  "organismFormLogin.ts": [
    "lit/decorators.js",
    "./_100554_icaOrganismWireframeBase"
  ],
  "organismFormPagamento.defs.ts": [],
  "organismFormPagamento.ts": [
    "lit/decorators.js",
    "./_100554_icaOrganismWireframeBase"
  ],
  "organismGerenciarAgendamentos.defs.ts": [],
  "organismGerenciarAgendamentos.ts": [
    "lit/decorators.js",
    "./_100554_icaOrganismWireframeBase"
  ],
  "organismGerenciarProdutos.defs.ts": [],
  "organismGerenciarProdutos.ts": [
    "lit/decorators.js",
    "./_100554_icaOrganismWireframeBase"
  ],
  "organismGerenciarUsuarios.defs.ts": [],
  "organismGerenciarUsuarios.ts": [
    "lit/decorators.js",
    "./_100554_icaOrganismWireframeBase"
  ],
  "organismHistoricoAgendamentos.defs.ts": [],
  "organismHistoricoAgendamentos.ts": [
    "lit/decorators.js",
    "./_100554_icaOrganismWireframeBase"
  ],
  "organismInfoContato.defs.ts": [],
  "organismInfoContato.ts": [
    "lit/decorators.js",
    "./_100554_icaOrganismWireframeBase"
  ],
  "organismListaProdutos.defs.ts": [],
  "organismListaProdutos.ts": [
    "lit/decorators.js",
    "./_100554_icaOrganismWireframeBase"
  ],
  "organismLoginSocial.defs.ts": [],
  "organismLoginSocial.ts": [
    "lit/decorators.js",
    "./_100554_icaOrganismWireframeBase"
  ],
  "organismMenuAdmin.defs.ts": [],
  "organismMenuAdmin.ts": [
    "lit/decorators.js",
    "./_100554_icaOrganismWireframeBase"
  ],
  "organismNav.defs.ts": [],
  "organismNav.ts": [
    "lit/decorators.js",
    "./_100554_icaOrganismWireframeBase"
  ],
  "organismNavAdmin.defs.ts": [],
  "organismNavAdmin.ts": [
    "lit/decorators.js",
    "./_100554_icaOrganismWireframeBase"
  ],
  "organismRecuperarSenha.defs.ts": [],
  "organismRecuperarSenha.ts": [
    "lit/decorators.js",
    "./_100554_icaOrganismWireframeBase"
  ],
  "organismRedesSociais.defs.ts": [],
  "organismRedesSociais.ts": [
    "lit/decorators.js",
    "./_100554_icaOrganismWireframeBase"
  ],
  "organismResumoPedido.defs.ts": [],
  "organismResumoPedido.ts": [
    "lit/decorators.js",
    "./_100554_icaOrganismWireframeBase"
  ],
  "organismServicosDestaque.defs.ts": [],
  "organismServicosDestaque.ts": [
    "lit/decorators.js",
    "./_100554_icaOrganismWireframeBase"
  ],
  "pagamento.defs.ts": [],
  "pagamento.ts": [
    "./_100554_collabPageElement",
    "lit/decorators.js",
    "./_100554_collabState"
  ],
  "projectStates.ts": [
    "./_100554_collabState"
  ],
  "tableAgendamento.defs.ts": [],
  "tableAgendamento.ts": [],
  "tableCategoria.defs.ts": [],
  "tableCategoria.ts": [],
  "tableContato.defs.ts": [],
  "tableContato.ts": [],
  "tableItempedido.defs.ts": [],
  "tableItempedido.ts": [],
  "tablePagamento.defs.ts": [],
  "tablePagamento.ts": [],
  "tablePedido.defs.ts": [],
  "tablePedido.ts": [],
  "tableProduto.defs.ts": [],
  "tableProduto.ts": [],
  "tableUsuario.defs.ts": [],
  "tableUsuario.ts": []
}