{
  "admin.defs.ts": [],
  "admin.ts": [
    "./_100554_collabPageElement",
    "lit/decorators.js",
    "./_100554_collabState"
  ],
  "agendamento.defs.ts": [],
  "agendamento.ts": [
    "./_100554_collabPageElement",
    "lit/decorators.js",
    "./_100554_collabState"
  ],
  "carrinho.defs.ts": [],
  "carrinho.ts": [
    "./_100554_collabPageElement",
    "lit/decorators.js",
    "./_100554_collabState"
  ],
  "checkout.defs.ts": [],
  "checkout.ts": [
    "./_100554_collabPageElement",
    "lit/decorators.js",
    "./_100554_collabState"
  ],
  "designSystem.ts": [
    "./_100554_designSystemBase"
  ],
  "home.defs.ts": [],
  "home.ts": [
    "./_100554_collabPageElement",
    "lit/decorators.js",
    "./_100554_collabState"
  ],
  "loja.defs.ts": [],
  "loja.ts": [
    "./_100554_collabPageElement",
    "lit/decorators.js",
    "./_100554_collabState"
  ],
  "organismAddToCart.defs.ts": [],
  "organismAddToCart.ts": [
    "lit",
    "lit/decorators.js",
    "./_100554_icaOrganismBase"
  ],
  "organismAdminAppointments.defs.ts": [],
  "organismAdminAppointments.ts": [
    "lit",
    "lit/decorators.js",
    "./_100554_icaOrganismBase"
  ],
  "organismAdminCustomers.defs.ts": [],
  "organismAdminCustomers.ts": [
    "lit",
    "lit/decorators.js",
    "./_100554_icaOrganismBase"
  ],
  "organismAdminNav.defs.ts": [],
  "organismAdminNav.ts": [
    "lit",
    "lit/decorators.js",
    "./_100554_icaOrganismBase"
  ],
  "organismAdminProducts.defs.ts": [],
  "organismAdminProducts.ts": [
    "lit",
    "lit/decorators.js",
    "./_100554_icaOrganismBase"
  ],
  "organismAdminServices.defs.ts": [],
  "organismAdminServices.ts": [
    "lit",
    "lit/decorators.js",
    "./_100554_icaOrganismBase"
  ],
  "organismAdminSidebar.defs.ts": [],
  "organismAdminSidebar.ts": [
    "lit",
    "lit/decorators.js",
    "./_100554_icaOrganismBase"
  ],
  "organismAppointmentConfirmation.defs.ts": [],
  "organismAppointmentConfirmation.ts": [
    "lit",
    "lit/decorators.js",
    "./_100554_icaOrganismBase"
  ],
  "organismAppointmentForm.defs.ts": [],
  "organismAppointmentForm.ts": [
    "lit",
    "lit/decorators.js",
    "./_100554_icaOrganismBase"
  ],
  "organismAppointmentsHistory.defs.ts": [],
  "organismAppointmentsHistory.ts": [
    "lit",
    "lit/decorators.js",
    "./_100554_icaOrganismBase"
  ],
  "organismBanner.defs.ts": [],
  "organismBanner.ts": [
    "lit",
    "lit/decorators.js",
    "./_100554_icaOrganismBase"
  ],
  "organismBusinessHours.defs.ts": [],
  "organismBusinessHours.ts": [
    "lit",
    "lit/decorators.js",
    "./_100554_icaOrganismBase"
  ],
  "organismCartActions.defs.ts": [],
  "organismCartActions.ts": [
    "lit",
    "lit/decorators.js",
    "./_100554_icaOrganismBase"
  ],
  "organismCartList.defs.ts": [],
  "organismCartList.ts": [
    "lit",
    "lit/decorators.js",
    "./_100554_icaOrganismBase"
  ],
  "organismCartSummary.defs.ts": [],
  "organismCartSummary.ts": [
    "lit",
    "lit/decorators.js",
    "./_100554_icaOrganismBase"
  ],
  "organismCategoryFilter.defs.ts": [],
  "organismCategoryFilter.ts": [
    "lit",
    "lit/decorators.js",
    "./_100554_icaOrganismBase"
  ],
  "organismCheckoutConfirmation.defs.ts": [],
  "organismCheckoutConfirmation.ts": [
    "lit",
    "lit/decorators.js",
    "./_100554_icaOrganismBase"
  ],
  "organismCheckoutForm.defs.ts": [],
  "organismCheckoutForm.ts": [
    "lit",
    "lit/decorators.js",
    "./_100554_icaOrganismBase"
  ],
  "organismFooterInfo.defs.ts": [],
  "organismFooterInfo.ts": [
    "lit",
    "lit/decorators.js",
    "./_100554_icaOrganismBase"
  ],
  "organismNav.defs.ts": [],
  "organismNav.ts": [
    "lit",
    "lit/decorators.js",
    "./_100554_icaOrganismBase"
  ],
  "organismOrderSummary.defs.ts": [],
  "organismOrderSummary.ts": [
    "lit",
    "lit/decorators.js",
    "./_100554_icaOrganismBase"
  ],
  "organismOrdersHistory.defs.ts": [],
  "organismOrdersHistory.ts": [
    "lit",
    "lit/decorators.js",
    "./_100554_icaOrganismBase"
  ],
  "organismPaymentMethods.defs.ts": [],
  "organismPaymentMethods.ts": [
    "lit",
    "lit/decorators.js",
    "./_100554_icaOrganismBase"
  ],
  "organismPetProfiles.defs.ts": [],
  "organismPetProfiles.ts": [
    "lit",
    "lit/decorators.js",
    "./_100554_icaOrganismBase"
  ],
  "organismPetSelector.defs.ts": [],
  "organismPetSelector.ts": [
    "lit",
    "lit/decorators.js",
    "./_100554_icaOrganismBase"
  ],
  "organismProductDetails.defs.ts": [],
  "organismProductDetails.ts": [
    "lit",
    "lit/decorators.js",
    "./_100554_icaOrganismBase"
  ],
  "organismProductList.defs.ts": [],
  "organismProductList.ts": [
    "lit",
    "lit/decorators.js",
    "./_100554_icaOrganismBase"
  ],
  "organismProductSearch.defs.ts": [],
  "organismProductSearch.ts": [
    "lit",
    "lit/decorators.js",
    "./_100554_icaOrganismBase"
  ],
  "organismProductsHighlight.defs.ts": [],
  "organismProductsHighlight.ts": [
    "lit",
    "lit/decorators.js",
    "./_100554_icaOrganismBase"
  ],
  "organismQuickAccess.defs.ts": [],
  "organismQuickAccess.ts": [
    "lit",
    "lit/decorators.js",
    "./_100554_icaOrganismBase"
  ],
  "organismServiceDetails.defs.ts": [],
  "organismServiceDetails.ts": [
    "lit",
    "lit/decorators.js",
    "./_100554_icaOrganismBase"
  ],
  "organismServicesHighlight.defs.ts": [],
  "organismServicesHighlight.ts": [
    "lit",
    "lit/decorators.js",
    "./_100554_icaOrganismBase"
  ],
  "organismServicesList.defs.ts": [],
  "organismServicesList.ts": [
    "lit",
    "lit/decorators.js",
    "./_100554_icaOrganismBase"
  ],
  "organismTestimonials.defs.ts": [],
  "organismTestimonials.ts": [
    "lit",
    "lit/decorators.js",
    "./_100554_icaOrganismBase"
  ],
  "organismUserProfile.defs.ts": [],
  "organismUserProfile.ts": [
    "lit",
    "lit/decorators.js",
    "./_100554_icaOrganismBase"
  ],
  "perfil.defs.ts": [],
  "perfil.ts": [
    "./_100554_collabPageElement",
    "lit/decorators.js",
    "./_100554_collabState"
  ],
  "produto.defs.ts": [],
  "produto.ts": [
    "./_100554_collabPageElement",
    "lit/decorators.js",
    "./_100554_collabState"
  ],
  "project.defs.ts": [],
  "project.test.ts": [
    "./_100554_tsTestAST"
  ],
  "project.ts": [],
  "servicos.defs.ts": [],
  "servicos.ts": [
    "./_100554_collabPageElement",
    "lit/decorators.js",
    "./_100554_collabState"
  ]
}