{
  "designSystem.ts": [
    "./_100554_designSystemBase"
  ],
  "tableAgendamento.defs.ts": [],
  "tableAgendamento.ts": [],
  "tableCategoria.defs.ts": [],
  "tableCategoria.ts": [],
  "tableContato.defs.ts": [],
  "tableContato.ts": [],
  "tableItempedido.defs.ts": [],
  "tableItempedido.ts": [],
  "tablePagamento.defs.ts": [],
  "tablePagamento.ts": [],
  "tablePedido.defs.ts": [],
  "tablePedido.ts": [],
  "tableProduto.defs.ts": [],
  "tableProduto.ts": [],
  "tableUsuario.defs.ts": [],
  "tableUsuario.ts": []
}