{
  "lastModified": "2025-12-09T17:39:51.922Z",
  "files": [
    {
      "shortPath": "l0/README.md",
      "versionRef": "2e1b14e8ed73119f964600f2fe185863d3fba359",
      "Length": 14,
      "update_at": "2025-07-02T19:24:46.000Z"
    },
    {
      "shortPath": "l2/crm/organismAttachmentsAdd.defs.ts",
      "versionRef": "edc4f625c8e4f0a6e9e3f4c0561fbfd8291e34f8",
      "Length": 99,
      "update_at": "2025-09-24T14:42:00.000Z"
    },
    {
      "shortPath": "l2/crm/organismAttachmentsAdd.test.ts",
      "versionRef": "c86dca69eff8c7ca20140b1e7cbf2c8cf10c5ced",
      "Length": 267,
      "update_at": "2025-09-24T14:42:00.000Z"
    },
    {
      "shortPath": "l2/designSystem.defs.ts",
      "versionRef": "38b2f1dbeceb8727480a980712f1cd55a1d8a9a0",
      "Length": 86,
      "update_at": "2025-08-05T18:28:44.000Z"
    },
    {
      "shortPath": "l2/designSystem.html",
      "versionRef": "fffd2f95b3e2532a42ad4612a9e3cdddd1af06b4",
      "Length": 29,
      "update_at": "2025-07-09T20:24:51.000Z"
    },
    {
      "shortPath": "l2/designSystem.less",
      "versionRef": "58a6e1b32b14ca601c97ac37f0c9b40497282f5e",
      "Length": 188,
      "update_at": "2025-07-09T20:24:51.000Z"
    },
    {
      "shortPath": "l2/designSystem.test.ts",
      "versionRef": "08616dabe8247a594fb0d46d46580f68f749e634",
      "Length": 254,
      "update_at": "2025-08-05T18:28:44.000Z"
    },
    {
      "shortPath": "l2/designSystem.ts",
      "versionRef": "4a77cf8169aebb7bc66462e1d6e80c34b30ea301",
      "Length": 28788,
      "update_at": "2025-10-13T18:20:50.000Z"
    },
    {
      "shortPath": "l2/petshop/module.defs.ts",
      "versionRef": "57a571c3822a907c8e39fe6de5341fb32fac6302",
      "Length": 87,
      "update_at": "2025-08-05T18:28:44.000Z"
    },
    {
      "shortPath": "l2/petshop/module.html",
      "versionRef": "6e54754ae6e62592cfb1ba96840c597443af8605",
      "Length": 15,
      "update_at": "2025-08-05T18:28:44.000Z"
    },
    {
      "shortPath": "l2/petshop/module.less",
      "versionRef": "9ebadc752fc5e1d3f2b4c28002cdaf41e0932d43",
      "Length": 147,
      "update_at": "2025-08-05T18:28:44.000Z"
    },
    {
      "shortPath": "l2/petshop/module.test.ts",
      "versionRef": "6070ed2d3209c76263993a855d9d2ed402aa841f",
      "Length": 255,
      "update_at": "2025-08-05T18:28:44.000Z"
    },
    {
      "shortPath": "l2/petshop/module.ts",
      "versionRef": "4249e9f27392ab4bec695bdd90f3c1942d758474",
      "Length": 36011,
      "update_at": "2025-11-03T18:06:04.000Z"
    },
    {
      "shortPath": "l2/petshop/organismAdminAddService.defs.ts",
      "versionRef": "fb9c0aedf8182de62e1e8b8c41ca6d19d661ed92",
      "Length": 104,
      "update_at": "2025-10-14T17:33:21.000Z"
    },
    {
      "shortPath": "l2/petshop/organismAdminAddService.html",
      "versionRef": "b9597bb32d081ce296f8532e6a5990a65a2fceb3",
      "Length": 89,
      "update_at": "2025-10-14T17:33:21.000Z"
    },
    {
      "shortPath": "l2/petshop/organismAdminAddService.less",
      "versionRef": "0e574199ad651700700641f73d18585189ff2faf",
      "Length": 250,
      "update_at": "2025-10-15T11:59:57.000Z"
    },
    {
      "shortPath": "l2/petshop/organismAdminAddService.test.ts",
      "versionRef": "587c81197b460084318d505705b6ac7d1f44140b",
      "Length": 272,
      "update_at": "2025-10-14T17:33:21.000Z"
    },
    {
      "shortPath": "l2/petshop/organismAdminAddService.ts",
      "versionRef": "b582b88de2b7730cbd177680fd73b3f7dc3fa0f3",
      "Length": 6266,
      "update_at": "2025-10-24T18:28:41.000Z"
    },
    {
      "shortPath": "l2/project.defs.ts",
      "versionRef": "d3a4684e7bad41f2a6bc798cf2fd8baca0f668e3",
      "Length": 81,
      "update_at": "2025-08-08T13:40:58.000Z"
    },
    {
      "shortPath": "l2/project.html",
      "versionRef": "88a90cf32ef33346febb29387541246b1be9a2e0",
      "Length": 16,
      "update_at": "2025-08-08T13:40:58.000Z"
    },
    {
      "shortPath": "l2/project.less",
      "versionRef": "582a6b4bcbae7c0cd07415b7c56ead26265b1eb7",
      "Length": 6024,
      "update_at": "2025-11-03T18:06:04.000Z"
    },
    {
      "shortPath": "l2/project.test.ts",
      "versionRef": "718f5d9b060e714beca0def108663dbc07c05435",
      "Length": 250,
      "update_at": "2025-08-08T13:40:58.000Z"
    },
    {
      "shortPath": "l2/project.ts",
      "versionRef": "e37511ecbba59e1207ef04a8fbb057fbab275b89",
      "Length": 3581,
      "update_at": "2025-11-05T14:48:56.000Z"
    },
    {
      "shortPath": "l2/wwwroot/collabRunTime.js",
      "versionRef": "7367010602686436eb2709bfe7607485c997eede",
      "Length": 264,
      "update_at": "2025-11-05T15:19:11.000Z"
    },
    {
      "shortPath": "l2/wwwroot/globalStyle.css",
      "versionRef": "4191892bf60bc59d38cefa5b8a9b22e2e5084a52",
      "Length": 12417,
      "update_at": "2025-11-03T17:43:37.000Z"
    },
    {
      "shortPath": "l2/wwwroot/petshop/adminPanel.html",
      "versionRef": "a74c5180bf1ac3427b524685c1b4570641b6bc8c",
      "Length": 1101,
      "update_at": "2025-11-03T17:43:37.000Z"
    },
    {
      "shortPath": "l2/wwwroot/petshop/adminPanel.js",
      "versionRef": "993317f0b70aabda71634cd09f3f0778165a718c",
      "Length": 262140,
      "update_at": "2025-11-03T17:43:37.000Z"
    },
    {
      "shortPath": "l2/wwwroot/petshop/pageAdminAddProduct.html",
      "versionRef": "4acbb62b4f72a3e60437e8a8bded7ddc9596a796",
      "Length": 306,
      "update_at": "2025-11-03T17:43:37.000Z"
    },
    {
      "shortPath": "l2/wwwroot/petshop/pageAdminAddProduct.js",
      "versionRef": "c7d108f0674c224f0167b0b0f58c528dbb47dd60",
      "Length": 222233,
      "update_at": "2025-11-03T17:43:37.000Z"
    },
    {
      "shortPath": "l2/wwwroot/petshop/pageAdminAddService.html",
      "versionRef": "aa1164c47744839f7868ad7c3369c669f7700af7",
      "Length": 301,
      "update_at": "2025-11-03T17:43:37.000Z"
    },
    {
      "shortPath": "l2/wwwroot/petshop/pageAdminAddService.js",
      "versionRef": "517555cbf6da434dc2d33843f298e35fc1c1269a",
      "Length": 223529,
      "update_at": "2025-11-03T17:43:37.000Z"
    },
    {
      "shortPath": "l2/wwwroot/petshop/pageAdminDashboard.html",
      "versionRef": "fb89b0647be34d37472ffe7773da103ebce1b1b8",
      "Length": 655,
      "update_at": "2025-11-03T17:43:37.000Z"
    },
    {
      "shortPath": "l2/wwwroot/petshop/pageAdminDashboard.js",
      "versionRef": "311e30686ba98fbb2437c09ddd7e0105d92418df",
      "Length": 232432,
      "update_at": "2025-11-03T17:43:37.000Z"
    },
    {
      "shortPath": "l2/wwwroot/petshop/pageAdminEditProduct.html",
      "versionRef": "cbfe121290e5b690e8d318de46cfa8fe09d03da3",
      "Length": 1149,
      "update_at": "2025-11-03T17:44:08.000Z"
    },
    {
      "shortPath": "l2/wwwroot/petshop/pageAdminEditProduct.js",
      "versionRef": "387020b3ecbb8f841049a0eff116ad33046b75e9",
      "Length": 228203,
      "update_at": "2025-11-03T17:44:08.000Z"
    },
    {
      "shortPath": "l2/wwwroot/petshop/pageAdminEditScheduling.html",
      "versionRef": "57bb14b60aed66c84d3d8077cf902d9ea1676648",
      "Length": 305,
      "update_at": "2025-11-03T17:44:08.000Z"
    },
    {
      "shortPath": "l2/wwwroot/petshop/pageAdminEditScheduling.js",
      "versionRef": "4fc8674a88fba4423bf2bc21ca2c94d3e4ddeb95",
      "Length": 244557,
      "update_at": "2025-11-03T17:44:08.000Z"
    },
    {
      "shortPath": "l2/wwwroot/petshop/pageAdminEditService.html",
      "versionRef": "7d94d7465651664f0db5b1a98bb3ff38589d3831",
      "Length": 1381,
      "update_at": "2025-11-03T17:44:08.000Z"
    },
    {
      "shortPath": "l2/wwwroot/petshop/pageAdminEditService.js",
      "versionRef": "5ceb5e944e469e836187fd607d8970ae11ba4725",
      "Length": 230136,
      "update_at": "2025-11-03T17:44:08.000Z"
    },
    {
      "shortPath": "l2/wwwroot/petshop/pageAdminOrderEdit.html",
      "versionRef": "7cdf989719c65a28da08bc70308c0fa891c324ab",
      "Length": 297,
      "update_at": "2025-11-03T17:44:08.000Z"
    },
    {
      "shortPath": "l2/wwwroot/petshop/pageAdminOrderEdit.js",
      "versionRef": "909a8e2b2821546028e7c621fd1e57d7d258b25a",
      "Length": 237793,
      "update_at": "2025-11-03T17:44:08.000Z"
    },
    {
      "shortPath": "l2/wwwroot/petshop/pageAdminProduct.html",
      "versionRef": "5b681a4ee811a3362c0dcc5c3872061f71419270",
      "Length": 298,
      "update_at": "2025-11-03T17:44:29.000Z"
    },
    {
      "shortPath": "l2/wwwroot/petshop/pageAdminProduct.js",
      "versionRef": "13b38d8a842df80bee1bc229e914d26cfc872e15",
      "Length": 219109,
      "update_at": "2025-11-03T17:44:29.000Z"
    },
    {
      "shortPath": "l2/wwwroot/petshop/pageAdminScheduling.html",
      "versionRef": "32e1a27c4bb3c7f620b2c93f7e6d0d00ec8d08aa",
      "Length": 293,
      "update_at": "2025-11-03T17:44:29.000Z"
    },
    {
      "shortPath": "l2/wwwroot/petshop/pageAdminScheduling.js",
      "versionRef": "5a25a1d31625df16e22c9e03af79345b67ad70ef",
      "Length": 228073,
      "update_at": "2025-11-03T17:44:29.000Z"
    },
    {
      "shortPath": "l2/wwwroot/petshop/pageAdminSchedulingAdd.html",
      "versionRef": "727eb4645defc18e22bf6713c2ff59a7711e8121",
      "Length": 305,
      "update_at": "2025-11-03T17:44:29.000Z"
    },
    {
      "shortPath": "l2/wwwroot/petshop/pageAdminSchedulingAdd.js",
      "versionRef": "e779b5e3a71529e2b8f5903a07cebf362fdd9d8a",
      "Length": 244729,
      "update_at": "2025-11-03T17:44:29.000Z"
    },
    {
      "shortPath": "l2/wwwroot/petshop/pageAdminService.html",
      "versionRef": "cb08e7012f65ac8742cac74fcab73c0590484159",
      "Length": 297,
      "update_at": "2025-11-03T17:44:29.000Z"
    },
    {
      "shortPath": "l2/wwwroot/petshop/pageAdminService.js",
      "versionRef": "6cd57fd3eb138ac99367d701958ee7dcf73611b6",
      "Length": 219458,
      "update_at": "2025-11-03T17:44:29.000Z"
    },
    {
      "shortPath": "l2/wwwroot/petshop/pageAppointments.html",
      "versionRef": "f107aa78d181d1a6fef91772c00901260269ae00",
      "Length": 814,
      "update_at": "2025-11-03T17:45:02.000Z"
    },
    {
      "shortPath": "l2/wwwroot/petshop/pageAppointments.js",
      "versionRef": "f0bd69576c7e053d7b13c90761e29e6cea60c8b4",
      "Length": 182766,
      "update_at": "2025-11-03T17:45:02.000Z"
    },
    {
      "shortPath": "l2/wwwroot/petshop/pageContact.html",
      "versionRef": "b8dfc0116ced00d92d0d19c4bde78a40da0fc0ce",
      "Length": 661,
      "update_at": "2025-11-03T17:45:02.000Z"
    },
    {
      "shortPath": "l2/wwwroot/petshop/pageContact.js",
      "versionRef": "c56f5ae1edb4f22bf03164cbbdc39e529992b71b",
      "Length": 132005,
      "update_at": "2025-11-03T17:45:02.000Z"
    },
    {
      "shortPath": "l2/wwwroot/petshop/pageHome.html",
      "versionRef": "25be6041583d15664a2b949d4538f9f43ab53e86",
      "Length": 894,
      "update_at": "2025-11-03T17:45:02.000Z"
    },
    {
      "shortPath": "l2/wwwroot/petshop/pageHome.js",
      "versionRef": "d050a12df8b5785e8442de01ab4f157241992620",
      "Length": 153635,
      "update_at": "2025-11-03T17:45:02.000Z"
    },
    {
      "shortPath": "l2/wwwroot/petshop/pageLogin.html",
      "versionRef": "2eb408a2a03c54e1bbf4009846005fbc4e2f101d",
      "Length": 150,
      "update_at": "2025-11-03T17:45:02.000Z"
    },
    {
      "shortPath": "l2/wwwroot/petshop/pageLogin.js",
      "versionRef": "0e6da5e2b63f2e567caef3c56a80bbe9106df0e2",
      "Length": 165390,
      "update_at": "2025-11-03T17:45:02.000Z"
    },
    {
      "shortPath": "l2/wwwroot/petshop/pagePerfil.html",
      "versionRef": "bc40e5ad4c508f0bcb8cb3e597980d5c2f5b6c2e",
      "Length": 593,
      "update_at": "2025-11-03T17:45:02.000Z"
    },
    {
      "shortPath": "l2/wwwroot/petshop/pagePerfil.js",
      "versionRef": "b5dfb3fb12340f0cd11557afa98a881533c41925",
      "Length": 153674,
      "update_at": "2025-11-03T17:45:02.000Z"
    },
    {
      "shortPath": "l2/wwwroot/petshop/pagePerfilAppointments.html",
      "versionRef": "eb9c0cf6b0a2e0a498b0daea96fb72198d803202",
      "Length": 639,
      "update_at": "2025-11-03T17:45:02.000Z"
    },
    {
      "shortPath": "l2/wwwroot/petshop/pagePerfilAppointments.js",
      "versionRef": "c96504fe7a6abf05df68472c9a1fa4bcef47f75d",
      "Length": 148792,
      "update_at": "2025-11-03T17:45:02.000Z"
    },
    {
      "shortPath": "l2/wwwroot/petshop/pagePerfilPets.html",
      "versionRef": "8b6f2cdbfda9e63dfcb6828818b9c6073eb672eb",
      "Length": 607,
      "update_at": "2025-11-03T17:45:26.000Z"
    },
    {
      "shortPath": "l2/wwwroot/petshop/pagePerfilPets.js",
      "versionRef": "9b2c343fda6d7b41251c283cace7f098cecba586",
      "Length": 156560,
      "update_at": "2025-11-03T17:45:26.000Z"
    },
    {
      "shortPath": "l2/wwwroot/petshop/pageProduct.html",
      "versionRef": "4b1a570ff26ed03e42a1e8da055105172905543a",
      "Length": 665,
      "update_at": "2025-11-03T17:45:26.000Z"
    },
    {
      "shortPath": "l2/wwwroot/petshop/pageProduct.js",
      "versionRef": "7a5c5a1ea8f58cff690598d186e8aa3272199a0b",
      "Length": 148977,
      "update_at": "2025-11-03T17:45:26.000Z"
    },
    {
      "shortPath": "l5/project.json",
      "versionRef": "1f1bd83da5b855b3059233e3e39ef0f841784c29",
      "Length": 357,
      "update_at": "2025-07-02T19:24:51.000Z"
    },
    {
      "shortPath": "l0/package.json",
      "versionRef": "a74873287289a3b43e8541b34372722a086e8a03",
      "Length": 470,
      "update_at": "2025-07-02T19:24:49.000Z"
    },
    {
      "shortPath": "l0/tsconfig.json",
      "versionRef": "f631a300b5933b05930cd9f4bcd1b72ee38178e4",
      "Length": 1042,
      "update_at": "2025-12-04T19:27:17.000Z"
    }
  ]
}