{
  "lastModified": "2025-10-13T13:09:30.873Z",
  "files": [
    {
      "shortPath": "l0/README.md",
      "versionRef": "2e1b14e8ed73119f964600f2fe185863d3fba359",
      "Length": 14,
      "update_at": "2025-07-02T19:24:46.000Z"
    },
    {
      "shortPath": "l2/crm/module.defs.ts",
      "versionRef": "4df95277d70a3e879674fe9db9c16fd6931fe758",
      "Length": 83,
      "update_at": "2025-09-19T17:22:28.000Z"
    },
    {
      "shortPath": "l2/crm/module.html",
      "versionRef": "6e54754ae6e62592cfb1ba96840c597443af8605",
      "Length": 15,
      "update_at": "2025-09-19T17:22:28.000Z"
    },
    {
      "shortPath": "l2/crm/module.less",
      "versionRef": "8c1d3f6a5b30ad3c345846f8b142f6e9be3a0109",
      "Length": 139,
      "update_at": "2025-09-19T17:22:28.000Z"
    },
    {
      "shortPath": "l2/crm/module.test.ts",
      "versionRef": "4bdd57f51f4afc733023d9f25894ac9b26a0ff1d",
      "Length": 251,
      "update_at": "2025-09-19T17:22:28.000Z"
    },
    {
      "shortPath": "l2/crm/module.ts",
      "versionRef": "097752b85760e9a26e89a14fd58d18e8f7993b16",
      "Length": 1370,
      "update_at": "2025-09-19T17:22:28.000Z"
    },
    {
      "shortPath": "l2/crm/organismAddNewAddress.defs.ts",
      "versionRef": "c40042249478a4fe9500e2818c45c54f16cf8f52",
      "Length": 822,
      "update_at": "2025-09-24T14:42:00.000Z"
    },
    {
      "shortPath": "l2/crm/organismAddNewAddress.html",
      "versionRef": "7f7907e9d5f8277e56431b90952f7dccfbd3fc38",
      "Length": 77,
      "update_at": "2025-09-24T14:42:00.000Z"
    },
    {
      "shortPath": "l2/crm/organismAddNewAddress.less",
      "versionRef": "80c3c85213ce73b7fc62742e57c4bbd24a34259c",
      "Length": 3305,
      "update_at": "2025-09-24T14:42:00.000Z"
    },
    {
      "shortPath": "l2/crm/organismAddNewAddress.test.ts",
      "versionRef": "137dad3e287d1cbd6cd70f2a9f60f2e7149f1225",
      "Length": 266,
      "update_at": "2025-09-24T14:42:00.000Z"
    },
    {
      "shortPath": "l2/crm/organismAddNewAddress.ts",
      "versionRef": "2a1c7608e2d39821e971a24632271ddd7a04dd69",
      "Length": 3884,
      "update_at": "2025-09-24T14:42:00.000Z"
    },
    {
      "shortPath": "l2/crm/organismAddRelationship.defs.ts",
      "versionRef": "10f308a5c80db7f6b47fdfa0d71b2cd94240448d",
      "Length": 826,
      "update_at": "2025-09-24T14:42:00.000Z"
    },
    {
      "shortPath": "l2/crm/organismAddRelationship.html",
      "versionRef": "0a72d6f87c0fd99699f418e32a25d455d88548d9",
      "Length": 79,
      "update_at": "2025-09-24T14:42:00.000Z"
    },
    {
      "shortPath": "l2/crm/organismAddRelationship.less",
      "versionRef": "373271ee58b1cc5b70492cd8fc689710073f17fb",
      "Length": 2968,
      "update_at": "2025-09-24T14:42:00.000Z"
    },
    {
      "shortPath": "l2/crm/organismAddRelationship.test.ts",
      "versionRef": "ee59faa4c68a873e0ec8ec4076cde96d15c25c49",
      "Length": 268,
      "update_at": "2025-09-24T14:42:00.000Z"
    },
    {
      "shortPath": "l2/crm/organismAddRelationship.ts",
      "versionRef": "4442d8ccc0900dc9b7e3293e3e948ce56d303e6b",
      "Length": 4206,
      "update_at": "2025-09-24T14:42:00.000Z"
    },
    {
      "shortPath": "l2/crm/organismAttachmentsAdd.defs.ts",
      "versionRef": "edc4f625c8e4f0a6e9e3f4c0561fbfd8291e34f8",
      "Length": 99,
      "update_at": "2025-09-24T14:42:00.000Z"
    },
    {
      "shortPath": "l2/crm/organismAttachmentsAdd.html",
      "versionRef": "eebcca9be2859b2661ba28734f6381270f539aed",
      "Length": 77,
      "update_at": "2025-09-24T14:42:00.000Z"
    },
    {
      "shortPath": "l2/crm/organismAttachmentsAdd.less",
      "versionRef": "c8409e1a7c5e9641b8accd45964df72e1a284fb1",
      "Length": 3241,
      "update_at": "2025-09-24T14:42:00.000Z"
    },
    {
      "shortPath": "l2/crm/organismAttachmentsAdd.test.ts",
      "versionRef": "c86dca69eff8c7ca20140b1e7cbf2c8cf10c5ced",
      "Length": 267,
      "update_at": "2025-09-24T14:42:00.000Z"
    },
    {
      "shortPath": "l2/crm/organismAttachmentsAdd.ts",
      "versionRef": "113dada6031e0d6f6f5fa5aef1a44f5b3794c435",
      "Length": 2252,
      "update_at": "2025-09-24T14:42:00.000Z"
    },
    {
      "shortPath": "l2/crm/organismAttachmentsEdit.defs.ts",
      "versionRef": "82d459d3e09edd00c419a236d424a54f206be1ef",
      "Length": 826,
      "update_at": "2025-09-24T14:42:00.000Z"
    },
    {
      "shortPath": "l2/crm/organismAttachmentsEdit.html",
      "versionRef": "f7dea88fac499f355ed71d6698f4c49d8a7fb491",
      "Length": 79,
      "update_at": "2025-09-24T14:42:00.000Z"
    },
    {
      "shortPath": "l2/crm/organismAttachmentsEdit.less",
      "versionRef": "f9a79cb403fcb570bd342a60159e73305bafb621",
      "Length": 3247,
      "update_at": "2025-09-24T14:42:00.000Z"
    },
    {
      "shortPath": "l2/crm/organismAttachmentsEdit.test.ts",
      "versionRef": "17dc486ee0526aeef18b589f80e95bc4d2377430",
      "Length": 268,
      "update_at": "2025-09-24T14:42:00.000Z"
    },
    {
      "shortPath": "l2/crm/organismAttachmentsEdit.ts",
      "versionRef": "6cd1014c7039a50bdf141142e11ad5b0f1c563e5",
      "Length": 2661,
      "update_at": "2025-09-24T14:42:00.000Z"
    },
    {
      "shortPath": "l2/crm/organismAttachmentsList.defs.ts",
      "versionRef": "7b2698a8d03b3ed3663925655938d024340d9a68",
      "Length": 826,
      "update_at": "2025-09-24T14:42:00.000Z"
    },
    {
      "shortPath": "l2/crm/organismAttachmentsList.html",
      "versionRef": "f238ebd2630d4f8d7ffe84fcaf97e955f76cea3f",
      "Length": 79,
      "update_at": "2025-09-24T14:42:00.000Z"
    },
    {
      "shortPath": "l2/crm/organismAttachmentsList.less",
      "versionRef": "9a2994914b89ded0bb0604729d47f156ead6385a",
      "Length": 1540,
      "update_at": "2025-09-24T14:42:00.000Z"
    },
    {
      "shortPath": "l2/crm/organismAttachmentsList.test.ts",
      "versionRef": "6294f16546c27172535ea72818ac0bdea9c9c93b",
      "Length": 268,
      "update_at": "2025-09-24T14:42:00.000Z"
    },
    {
      "shortPath": "l2/crm/organismAttachmentsList.ts",
      "versionRef": "c2d2cd69cc473b1a84a356f1321960c8ae215989",
      "Length": 1451,
      "update_at": "2025-09-24T14:42:00.000Z"
    },
    {
      "shortPath": "l2/crm/organismAttachmentsVisu.defs.ts",
      "versionRef": "42098bfda335bc9b75c1da45989e90be6152bc31",
      "Length": 826,
      "update_at": "2025-09-24T14:42:00.000Z"
    },
    {
      "shortPath": "l2/crm/organismAttachmentsVisu.html",
      "versionRef": "d5b2a96f308d3ede7807b70bed50b89594220376",
      "Length": 79,
      "update_at": "2025-09-24T14:42:00.000Z"
    },
    {
      "shortPath": "l2/crm/organismAttachmentsVisu.less",
      "versionRef": "8de0e58b95298b88b1ed296382e87371c6963cc1",
      "Length": 1643,
      "update_at": "2025-09-24T14:42:00.000Z"
    },
    {
      "shortPath": "l2/crm/organismAttachmentsVisu.test.ts",
      "versionRef": "73469febe942f804cc292f1a08ba36a0ac43ac1e",
      "Length": 268,
      "update_at": "2025-09-24T14:42:00.000Z"
    },
    {
      "shortPath": "l2/crm/organismAttachmentsVisu.ts",
      "versionRef": "6cba4bbd3b479b59cd56ac38fdeeca984e2cab9b",
      "Length": 1404,
      "update_at": "2025-09-24T14:42:00.000Z"
    },
    {
      "shortPath": "l2/crm/organismPropiertiesMDMIndividualEdit.defs.ts",
      "versionRef": "70a599e41540c2ce2d24041edfed5de70fb31dd8",
      "Length": 852,
      "update_at": "2025-09-24T14:42:00.000Z"
    },
    {
      "shortPath": "l2/crm/organismPropiertiesMDMIndividualEdit.html",
      "versionRef": "15676e2782bf52e8a119bfd184ee4dcc9aadced2",
      "Length": 113,
      "update_at": "2025-09-24T14:42:00.000Z"
    },
    {
      "shortPath": "l2/crm/organismPropiertiesMDMIndividualEdit.less",
      "versionRef": "2b131508666bad4ab953adc44cd7cb9a9600b1e0",
      "Length": 1500,
      "update_at": "2025-09-24T14:42:00.000Z"
    },
    {
      "shortPath": "l2/crm/organismPropiertiesMDMIndividualEdit.test.ts",
      "versionRef": "5893ed428589c0a1fe562a1ddc8f8ee815e8fa7a",
      "Length": 281,
      "update_at": "2025-09-24T14:42:00.000Z"
    },
    {
      "shortPath": "l2/crm/organismPropiertiesMDMIndividualEdit.ts",
      "versionRef": "a2e331ef49f6c142a9d63242e14f57b2441ac5fc",
      "Length": 538,
      "update_at": "2025-09-24T14:42:00.000Z"
    },
    {
      "shortPath": "l2/crm/organismPropiertiesMDMIndividualOtherEdit.defs.ts",
      "versionRef": "7209d226579dd459f5491dddcff3bf2f8b595d3c",
      "Length": 862,
      "update_at": "2025-09-24T14:42:00.000Z"
    },
    {
      "shortPath": "l2/crm/organismPropiertiesMDMIndividualOtherEdit.html",
      "versionRef": "c0890819a0d2a07926610c1b5d68301492e6c51c",
      "Length": 125,
      "update_at": "2025-09-24T14:42:00.000Z"
    },
    {
      "shortPath": "l2/crm/organismPropiertiesMDMIndividualOtherEdit.less",
      "versionRef": "b0d9abae0099705130f5f322f89b339a0706ec22",
      "Length": 2362,
      "update_at": "2025-09-24T14:42:00.000Z"
    },
    {
      "shortPath": "l2/crm/organismPropiertiesMDMIndividualOtherEdit.test.ts",
      "versionRef": "6c8496c66ed3730163622798403adbe6aadf71d5",
      "Length": 286,
      "update_at": "2025-09-24T14:42:00.000Z"
    },
    {
      "shortPath": "l2/crm/organismPropiertiesMDMIndividualOtherEdit.ts",
      "versionRef": "f7e43f840b4bc242f4ab95fd68f2bf68fe4b83c5",
      "Length": 4938,
      "update_at": "2025-09-24T14:42:00.000Z"
    },
    {
      "shortPath": "l2/crm/organismPropiertiesMDMJuridicalEdit.defs.ts",
      "versionRef": "0e9dacfe35fa0d38e24256ae4acd4b4e4e82fdb2",
      "Length": 850,
      "update_at": "2025-09-24T14:42:00.000Z"
    },
    {
      "shortPath": "l2/crm/organismPropiertiesMDMJuridicalEdit.html",
      "versionRef": "7c40ff7ef63e611f449ce5466d41bb3f0e23515f",
      "Length": 111,
      "update_at": "2025-09-24T14:42:00.000Z"
    },
    {
      "shortPath": "l2/crm/organismPropiertiesMDMJuridicalEdit.less",
      "versionRef": "e023f1ab81859905e4df69bb2de97ba4759285c7",
      "Length": 1606,
      "update_at": "2025-09-24T14:42:00.000Z"
    },
    {
      "shortPath": "l2/crm/organismPropiertiesMDMJuridicalEdit.test.ts",
      "versionRef": "19908a8a6b9266608798f44b51cf7bd9792f03bb",
      "Length": 280,
      "update_at": "2025-09-24T14:42:00.000Z"
    },
    {
      "shortPath": "l2/crm/organismPropiertiesMDMJuridicalEdit.ts",
      "versionRef": "6dc96b38acfb393729c02e3e02585ec08751ed39",
      "Length": 1405,
      "update_at": "2025-09-24T14:42:00.000Z"
    },
    {
      "shortPath": "l2/crm/organismPropiertiesMDMJuridicalOtherEdit.defs.ts",
      "versionRef": "882efe3bcf3daddd273183a6c997cb0136fc5f91",
      "Length": 860,
      "update_at": "2025-09-24T14:42:00.000Z"
    },
    {
      "shortPath": "l2/crm/organismPropiertiesMDMJuridicalOtherEdit.html",
      "versionRef": "ae6752b0fc5335c9375392b083fd344f3bad7863",
      "Length": 123,
      "update_at": "2025-09-24T14:42:00.000Z"
    },
    {
      "shortPath": "l2/crm/organismPropiertiesMDMJuridicalOtherEdit.less",
      "versionRef": "6af163e4964f50384d54ba54aff9b46c683ddac4",
      "Length": 2412,
      "update_at": "2025-09-24T14:42:00.000Z"
    },
    {
      "shortPath": "l2/crm/organismPropiertiesMDMJuridicalOtherEdit.test.ts",
      "versionRef": "b2c0e47269e160732dbe62dbb849ddc3a16888c5",
      "Length": 285,
      "update_at": "2025-09-24T14:42:00.000Z"
    },
    {
      "shortPath": "l2/crm/organismPropiertiesMDMJuridicalOtherEdit.ts",
      "versionRef": "0ad53b07d7a03ab5c19bcd4cdfc488ebd315f562",
      "Length": 4688,
      "update_at": "2025-09-24T14:42:00.000Z"
    },
    {
      "shortPath": "l2/crm/organismPropiertiesMDMPhotoEdit.defs.ts",
      "versionRef": "c118e18423496746fc5e78016c97419034929908",
      "Length": 842,
      "update_at": "2025-09-24T14:42:00.000Z"
    },
    {
      "shortPath": "l2/crm/organismPropiertiesMDMPhotoEdit.html",
      "versionRef": "e63969c6a78f84874c5af53460e2493686e7c671",
      "Length": 103,
      "update_at": "2025-09-24T14:42:00.000Z"
    },
    {
      "shortPath": "l2/crm/organismPropiertiesMDMPhotoEdit.less",
      "versionRef": "67cb3fa716db47b222ac4d811ca6018cad18fefc",
      "Length": 2725,
      "update_at": "2025-09-24T14:42:00.000Z"
    },
    {
      "shortPath": "l2/crm/organismPropiertiesMDMPhotoEdit.test.ts",
      "versionRef": "a8a1506c2cb64e0bfc98e74cf328d421348a98e0",
      "Length": 276,
      "update_at": "2025-09-24T14:42:00.000Z"
    },
    {
      "shortPath": "l2/crm/organismPropiertiesMDMPhotoEdit.ts",
      "versionRef": "059e3983206148d6dfda40e6b1e874944c69cb17",
      "Length": 1730,
      "update_at": "2025-09-24T14:42:00.000Z"
    },
    {
      "shortPath": "l2/crm/organismRelationshipSelect.defs.ts",
      "versionRef": "54a6352d9b77339b551e8b69f6e4cb93826b13d4",
      "Length": 832,
      "update_at": "2025-09-24T14:42:00.000Z"
    },
    {
      "shortPath": "l2/crm/organismRelationshipSelect.html",
      "versionRef": "7896c2511c9136fb0fbe380730368899adc5ef8c",
      "Length": 85,
      "update_at": "2025-09-24T14:42:00.000Z"
    },
    {
      "shortPath": "l2/crm/organismRelationshipSelect.less",
      "versionRef": "333ee103cf23780c17b790185c96a9c27078f2ac",
      "Length": 1744,
      "update_at": "2025-09-24T14:42:00.000Z"
    },
    {
      "shortPath": "l2/crm/organismRelationshipSelect.test.ts",
      "versionRef": "31ec3a8d0d0e793db725df3303266640e4b0e384",
      "Length": 271,
      "update_at": "2025-09-24T14:42:00.000Z"
    },
    {
      "shortPath": "l2/crm/organismRelationshipSelect.ts",
      "versionRef": "9bdc12a78782de1d97ba51c9994bc558511f061c",
      "Length": 1993,
      "update_at": "2025-09-24T14:42:00.000Z"
    },
    {
      "shortPath": "l2/designSystem.defs.ts",
      "versionRef": "38b2f1dbeceb8727480a980712f1cd55a1d8a9a0",
      "Length": 86,
      "update_at": "2025-08-05T18:28:44.000Z"
    },
    {
      "shortPath": "l2/designSystem.html",
      "versionRef": "fffd2f95b3e2532a42ad4612a9e3cdddd1af06b4",
      "Length": 29,
      "update_at": "2025-07-09T20:24:51.000Z"
    },
    {
      "shortPath": "l2/designSystem.less",
      "versionRef": "58a6e1b32b14ca601c97ac37f0c9b40497282f5e",
      "Length": 188,
      "update_at": "2025-07-09T20:24:51.000Z"
    },
    {
      "shortPath": "l2/designSystem.test.ts",
      "versionRef": "08616dabe8247a594fb0d46d46580f68f749e634",
      "Length": 254,
      "update_at": "2025-08-05T18:28:44.000Z"
    },
    {
      "shortPath": "l2/designSystem.ts",
      "versionRef": "14d690b18bf273b912c6a4c72f4273db2dceb01f",
      "Length": 38290,
      "update_at": "2025-10-13T13:08:58.000Z"
    },
    {
      "shortPath": "l2/petshop/adminPanel.defs.ts",
      "versionRef": "82181b399f79e0f188563a5dd42cfe8208abc6dc",
      "Length": 4371,
      "update_at": "2025-08-05T18:28:44.000Z"
    },
    {
      "shortPath": "l2/petshop/adminPanel.html",
      "versionRef": "a74c5180bf1ac3427b524685c1b4570641b6bc8c",
      "Length": 1101,
      "update_at": "2025-08-14T18:57:42.000Z"
    },
    {
      "shortPath": "l2/petshop/adminPanel.less",
      "versionRef": "a5b96485ea5628ea20ffcb89036e7ebedfe9df9b",
      "Length": 1131,
      "update_at": "2025-08-05T18:28:44.000Z"
    },
    {
      "shortPath": "l2/petshop/adminPanel.test.ts",
      "versionRef": "5b641284ae3863a763d6371fba816e1963352f4c",
      "Length": 259,
      "update_at": "2025-08-05T18:28:44.000Z"
    },
    {
      "shortPath": "l2/petshop/adminPanel.ts",
      "versionRef": "ac0629fa052d154fe7309d26411f5d650f18ff14",
      "Length": 445,
      "update_at": "2025-08-05T18:28:44.000Z"
    },
    {
      "shortPath": "l2/petshop/agendamento.defs.ts",
      "versionRef": "57e29f79a9a6561919987446f6f3fa5c1c9de761",
      "Length": 2265,
      "update_at": "2025-08-05T18:28:44.000Z"
    },
    {
      "shortPath": "l2/petshop/agendamento.html",
      "versionRef": "76d230921b4bb4bbfaa36bcbd738fc5c1367916a",
      "Length": 656,
      "update_at": "2025-08-14T18:57:42.000Z"
    },
    {
      "shortPath": "l2/petshop/agendamento.less",
      "versionRef": "a931c034c6d96e8c00f53ee0c14f58671cd02ff2",
      "Length": 683,
      "update_at": "2025-08-05T18:28:44.000Z"
    },
    {
      "shortPath": "l2/petshop/agendamento.test.ts",
      "versionRef": "a7cc396adae5b0a2a2c05232ea7c2aa831a681ad",
      "Length": 260,
      "update_at": "2025-08-05T18:28:44.000Z"
    },
    {
      "shortPath": "l2/petshop/agendamento.ts",
      "versionRef": "bddd22cb857a4b9d02d3615aac926bc9729de5be",
      "Length": 448,
      "update_at": "2025-08-05T18:28:44.000Z"
    },
    {
      "shortPath": "l2/petshop/contato.defs.ts",
      "versionRef": "7dfb5d7a36391fc5847f22d0b129ca0eed0e4c5d",
      "Length": 2059,
      "update_at": "2025-08-05T18:28:44.000Z"
    },
    {
      "shortPath": "l2/petshop/contato.html",
      "versionRef": "620d8c1ad1d5b370abd18b85ad475d3b6b34fd85",
      "Length": 629,
      "update_at": "2025-08-14T18:57:42.000Z"
    },
    {
      "shortPath": "l2/petshop/contato.less",
      "versionRef": "c40aace74d9817b3c62b38961b279f6b8f94154c",
      "Length": 778,
      "update_at": "2025-08-05T18:28:44.000Z"
    },
    {
      "shortPath": "l2/petshop/contato.test.ts",
      "versionRef": "5c94b05227c822ea8c06f3ed2a0223176b4d6fc0",
      "Length": 256,
      "update_at": "2025-08-05T18:28:44.000Z"
    },
    {
      "shortPath": "l2/petshop/contato.ts",
      "versionRef": "cf115cf1760e2c6b75ac3dce3a348212e7abf4df",
      "Length": 435,
      "update_at": "2025-08-05T18:28:44.000Z"
    },
    {
      "shortPath": "l2/petshop/home.defs.ts",
      "versionRef": "19a974ddae42c200631a9331af558659e77fb046",
      "Length": 3840,
      "update_at": "2025-08-05T18:28:44.000Z"
    },
    {
      "shortPath": "l2/petshop/home.html",
      "versionRef": "aa40f95d5369194eb40f943312eb74e72cf75471",
      "Length": 853,
      "update_at": "2025-08-14T18:57:42.000Z"
    },
    {
      "shortPath": "l2/petshop/home.less",
      "versionRef": "f639b37aab7205ed325b7ba344b3bfadb0dfcb82",
      "Length": 477,
      "update_at": "2025-08-05T18:28:44.000Z"
    },
    {
      "shortPath": "l2/petshop/home.test.ts",
      "versionRef": "9c2c564b9d577f573d262516b84495a7e7f6a7bd",
      "Length": 250,
      "update_at": "2025-08-05T18:28:44.000Z"
    },
    {
      "shortPath": "l2/petshop/home.ts",
      "versionRef": "1ba1601efaca847935200f7425d0ff8d6fd2c177",
      "Length": 552,
      "update_at": "2025-10-06T17:59:37.000Z"
    },
    {
      "shortPath": "l2/petshop/module.defs.ts",
      "versionRef": "57a571c3822a907c8e39fe6de5341fb32fac6302",
      "Length": 87,
      "update_at": "2025-08-05T18:28:44.000Z"
    },
    {
      "shortPath": "l2/petshop/module.html",
      "versionRef": "6e54754ae6e62592cfb1ba96840c597443af8605",
      "Length": 15,
      "update_at": "2025-08-05T18:28:44.000Z"
    },
    {
      "shortPath": "l2/petshop/module.less",
      "versionRef": "9ebadc752fc5e1d3f2b4c28002cdaf41e0932d43",
      "Length": 147,
      "update_at": "2025-08-05T18:28:44.000Z"
    },
    {
      "shortPath": "l2/petshop/module.test.ts",
      "versionRef": "6070ed2d3209c76263993a855d9d2ed402aa841f",
      "Length": 255,
      "update_at": "2025-08-05T18:28:44.000Z"
    },
    {
      "shortPath": "l2/petshop/module.ts",
      "versionRef": "d36f25ec7e461c5ee39e4e32753529c71e602352",
      "Length": 30800,
      "update_at": "2025-08-08T13:40:58.000Z"
    },
    {
      "shortPath": "l2/petshop/organismAboutPetshop.defs.ts",
      "versionRef": "b89938b2843785434a53dcb0a8ae7ee5368982b2",
      "Length": 1075,
      "update_at": "2025-08-08T13:40:58.000Z"
    },
    {
      "shortPath": "l2/petshop/organismAboutPetshop.html",
      "versionRef": "9c68458a2f3e918f5a2687a46fe76d79b33f11f2",
      "Length": 81,
      "update_at": "2025-08-05T18:28:44.000Z"
    },
    {
      "shortPath": "l2/petshop/organismAboutPetshop.less",
      "versionRef": "cc083b90c413a94223a0d9c91114d8d9050e6a01",
      "Length": 1265,
      "update_at": "2025-08-05T18:28:44.000Z"
    },
    {
      "shortPath": "l2/petshop/organismAboutPetshop.test.ts",
      "versionRef": "bdaac45162a6698938c2df9435be186a66e5ee4c",
      "Length": 269,
      "update_at": "2025-08-05T18:28:44.000Z"
    },
    {
      "shortPath": "l2/petshop/organismAboutPetshop.ts",
      "versionRef": "2822a66d0aec65c7229e978d597b3c3150a45a13",
      "Length": 1438,
      "update_at": "2025-08-05T18:28:44.000Z"
    },
    {
      "shortPath": "l2/petshop/organismAdminBookings.defs.ts",
      "versionRef": "45839ec1b0e1981977c21c94422bdbfbcdede98f",
      "Length": 1126,
      "update_at": "2025-08-08T13:40:58.000Z"
    },
    {
      "shortPath": "l2/petshop/organismAdminBookings.html",
      "versionRef": "aeb2a4a8ed50d889e19417d6fc0208bbd8dc444a",
      "Length": 83,
      "update_at": "2025-08-05T18:28:44.000Z"
    },
    {
      "shortPath": "l2/petshop/organismAdminBookings.less",
      "versionRef": "8124310a67875316139bf996a0d3e151ce480f4e",
      "Length": 2328,
      "update_at": "2025-08-05T18:28:44.000Z"
    },
    {
      "shortPath": "l2/petshop/organismAdminBookings.test.ts",
      "versionRef": "2c3914e59f0c143a0ba3454380410f5b79953ffd",
      "Length": 270,
      "update_at": "2025-08-05T18:28:44.000Z"
    },
    {
      "shortPath": "l2/petshop/organismAdminBookings.ts",
      "versionRef": "c59afaeb56e01fe48fa440a7a40133038204e5f4",
      "Length": 3965,
      "update_at": "2025-08-05T18:28:44.000Z"
    },
    {
      "shortPath": "l2/petshop/organismAdminContent.defs.ts",
      "versionRef": "a1d592a745ab6c7367f1574e7e6aa298cee20a9b",
      "Length": 1075,
      "update_at": "2025-08-08T13:40:58.000Z"
    },
    {
      "shortPath": "l2/petshop/organismAdminContent.html",
      "versionRef": "2bcdf12e53343b2a003103f181a2173465e7381f",
      "Length": 81,
      "update_at": "2025-08-05T18:28:44.000Z"
    },
    {
      "shortPath": "l2/petshop/organismAdminContent.less",
      "versionRef": "a01b47a8e83575e52ddc07efe10a73edbbbe4bf5",
      "Length": 2207,
      "update_at": "2025-08-05T18:28:44.000Z"
    },
    {
      "shortPath": "l2/petshop/organismAdminContent.test.ts",
      "versionRef": "dc595d1c6bb32556bc85663c5a1b2d94c326da5a",
      "Length": 269,
      "update_at": "2025-08-05T18:28:44.000Z"
    },
    {
      "shortPath": "l2/petshop/organismAdminContent.ts",
      "versionRef": "a3774d6de716361db51058a96003f66f9ee4c48c",
      "Length": 2161,
      "update_at": "2025-08-05T18:28:44.000Z"
    },
    {
      "shortPath": "l2/petshop/organismAdminDashboard.defs.ts",
      "versionRef": "c7209646240e59ecfd9f69df89057c0fa3ae64b9",
      "Length": 1099,
      "update_at": "2025-08-08T13:40:58.000Z"
    },
    {
      "shortPath": "l2/petshop/organismAdminDashboard.html",
      "versionRef": "810777ebcb23afcece925a03bc1f20dc43f1c30c",
      "Length": 85,
      "update_at": "2025-08-05T18:28:44.000Z"
    },
    {
      "shortPath": "l2/petshop/organismAdminDashboard.less",
      "versionRef": "485dae3a5361f7cb2b090150b0bdcd08d3479c8d",
      "Length": 1871,
      "update_at": "2025-08-05T18:28:44.000Z"
    },
    {
      "shortPath": "l2/petshop/organismAdminDashboard.test.ts",
      "versionRef": "e9ed017946eff63bf40179e982b78e628c53d744",
      "Length": 271,
      "update_at": "2025-08-05T18:28:44.000Z"
    },
    {
      "shortPath": "l2/petshop/organismAdminDashboard.ts",
      "versionRef": "c9e01ec7890a2b6c41451828c2b70c8d6babfac5",
      "Length": 3000,
      "update_at": "2025-08-05T18:28:44.000Z"
    },
    {
      "shortPath": "l2/petshop/organismAdminNav.defs.ts",
      "versionRef": "c541ec35aec6d9fba2f95a5417eb94f51c6bc94b",
      "Length": 1150,
      "update_at": "2025-08-08T13:40:58.000Z"
    },
    {
      "shortPath": "l2/petshop/organismAdminNav.html",
      "versionRef": "c295f5154102f299377a124c3b32aa0bdd708a67",
      "Length": 73,
      "update_at": "2025-08-05T18:28:44.000Z"
    },
    {
      "shortPath": "l2/petshop/organismAdminNav.less",
      "versionRef": "bf6194d43e4e250521f07280ac945866c629d587",
      "Length": 1938,
      "update_at": "2025-08-05T18:28:44.000Z"
    },
    {
      "shortPath": "l2/petshop/organismAdminNav.test.ts",
      "versionRef": "04ad1c00251a32140b1c2ed07dcb40c75f8f73e0",
      "Length": 265,
      "update_at": "2025-08-05T18:28:44.000Z"
    },
    {
      "shortPath": "l2/petshop/organismAdminNav.ts",
      "versionRef": "d4fbaf9a343a25bc43b274d7da343c5f3ced44eb",
      "Length": 2226,
      "update_at": "2025-08-05T18:28:44.000Z"
    },
    {
      "shortPath": "l2/petshop/organismAdminProducts.defs.ts",
      "versionRef": "63091a47466ae7fe6aea7184841627c0262b1b32",
      "Length": 1093,
      "update_at": "2025-08-08T13:40:58.000Z"
    },
    {
      "shortPath": "l2/petshop/organismAdminProducts.html",
      "versionRef": "2eaca0bb354847fe1023fd853f2948e88bfa3f81",
      "Length": 83,
      "update_at": "2025-08-05T18:28:44.000Z"
    },
    {
      "shortPath": "l2/petshop/organismAdminProducts.less",
      "versionRef": "27a13ca51e3e18946238d5326939ca4170eebd54",
      "Length": 3030,
      "update_at": "2025-08-05T18:28:44.000Z"
    },
    {
      "shortPath": "l2/petshop/organismAdminProducts.test.ts",
      "versionRef": "66c66596f34a6a9e913b849823197950508dcff4",
      "Length": 270,
      "update_at": "2025-08-05T18:28:44.000Z"
    },
    {
      "shortPath": "l2/petshop/organismAdminProducts.ts",
      "versionRef": "4bb86616eb9ae1d440d30c620021582358df6f99",
      "Length": 5361,
      "update_at": "2025-08-05T18:28:44.000Z"
    },
    {
      "shortPath": "l2/petshop/organismAdminSidebar.defs.ts",
      "versionRef": "810cbc3f54515177bfca1208756fe44db9eae621",
      "Length": 1104,
      "update_at": "2025-08-08T13:40:58.000Z"
    },
    {
      "shortPath": "l2/petshop/organismAdminSidebar.html",
      "versionRef": "327d7985af0b5b036f11e5bb71f130e872b61000",
      "Length": 81,
      "update_at": "2025-08-05T18:28:44.000Z"
    },
    {
      "shortPath": "l2/petshop/organismAdminSidebar.less",
      "versionRef": "22a3a733fddfdd942075a31c36ccf7e122f612ef",
      "Length": 2336,
      "update_at": "2025-08-05T18:28:44.000Z"
    },
    {
      "shortPath": "l2/petshop/organismAdminSidebar.test.ts",
      "versionRef": "11e9877e6d0058fe5c179169bf8e941cb2e4ff6d",
      "Length": 269,
      "update_at": "2025-08-05T18:28:44.000Z"
    },
    {
      "shortPath": "l2/petshop/organismAdminSidebar.ts",
      "versionRef": "93a6bbacaad9c5d2fa7306a401bb78ec22789d13",
      "Length": 2524,
      "update_at": "2025-08-05T18:28:44.000Z"
    },
    {
      "shortPath": "l2/petshop/organismBookingForm.defs.ts",
      "versionRef": "1d78bca379e4a366ec34c99a24459b698cae29da",
      "Length": 1528,
      "update_at": "2025-08-08T13:40:58.000Z"
    },
    {
      "shortPath": "l2/petshop/organismBookingForm.html",
      "versionRef": "9acf5c89d4d84ab1387470e5cea635f9be330818",
      "Length": 79,
      "update_at": "2025-08-05T18:28:44.000Z"
    },
    {
      "shortPath": "l2/petshop/organismBookingForm.less",
      "versionRef": "bb896897083d7b53bce47603b6855a167a2fc03c",
      "Length": 2369,
      "update_at": "2025-08-05T18:28:44.000Z"
    },
    {
      "shortPath": "l2/petshop/organismBookingForm.test.ts",
      "versionRef": "0c5a49a72ae3d17e785b6c6f4ca33c06d6cd5abb",
      "Length": 268,
      "update_at": "2025-08-05T18:28:44.000Z"
    },
    {
      "shortPath": "l2/petshop/organismBookingForm.ts",
      "versionRef": "12665c874c2be31b0a8c00bc913deafef1630bb3",
      "Length": 6189,
      "update_at": "2025-08-05T18:28:44.000Z"
    },
    {
      "shortPath": "l2/petshop/organismBookingInfo.defs.ts",
      "versionRef": "8af790963e1a1ff46570f97610d24c3a1eaaaf95",
      "Length": 1137,
      "update_at": "2025-08-08T13:40:58.000Z"
    },
    {
      "shortPath": "l2/petshop/organismBookingInfo.html",
      "versionRef": "04984c330e784aa36a86b0572f4b0d0a30195cc1",
      "Length": 79,
      "update_at": "2025-08-05T18:28:44.000Z"
    },
    {
      "shortPath": "l2/petshop/organismBookingInfo.less",
      "versionRef": "e7afca1d83431473d80a83027571408d8bce2d4d",
      "Length": 1191,
      "update_at": "2025-08-05T18:28:44.000Z"
    },
    {
      "shortPath": "l2/petshop/organismBookingInfo.test.ts",
      "versionRef": "b5ce65a03d3b9b566a2300b062fa0e6df9a533e1",
      "Length": 268,
      "update_at": "2025-08-05T18:28:44.000Z"
    },
    {
      "shortPath": "l2/petshop/organismBookingInfo.ts",
      "versionRef": "5fbf03bdfc5bf55512ad369af969768f4e13f6a4",
      "Length": 1411,
      "update_at": "2025-08-05T18:28:44.000Z"
    },
    {
      "shortPath": "l2/petshop/organismCartSummary.defs.ts",
      "versionRef": "f31d9f3c7cb9f49e22cba8fb30d1a1fe9f175c06",
      "Length": 1124,
      "update_at": "2025-08-08T13:40:58.000Z"
    },
    {
      "shortPath": "l2/petshop/organismCartSummary.html",
      "versionRef": "5d6935e16cc6aff49003dc793d30738f6163248a",
      "Length": 79,
      "update_at": "2025-08-05T18:28:44.000Z"
    },
    {
      "shortPath": "l2/petshop/organismCartSummary.less",
      "versionRef": "83b838b75feb1a96ed2107ae08340ed2cab3ae4f",
      "Length": 3935,
      "update_at": "2025-08-05T18:28:44.000Z"
    },
    {
      "shortPath": "l2/petshop/organismCartSummary.test.ts",
      "versionRef": "584b29fa640fc6d692760be473820b602f6914fc",
      "Length": 268,
      "update_at": "2025-08-05T18:28:44.000Z"
    },
    {
      "shortPath": "l2/petshop/organismCartSummary.ts",
      "versionRef": "bf2debf948cc58e556c1a271242707380fdb8480",
      "Length": 2919,
      "update_at": "2025-08-05T18:28:44.000Z"
    },
    {
      "shortPath": "l2/petshop/organismContactDetails.defs.ts",
      "versionRef": "c087651814d768502b6a21b4f084f58bb0b8447c",
      "Length": 1114,
      "update_at": "2025-08-08T13:40:58.000Z"
    },
    {
      "shortPath": "l2/petshop/organismContactDetails.html",
      "versionRef": "bd75f013af26d04ac3df3005f15d709e53e1b9f1",
      "Length": 85,
      "update_at": "2025-08-05T18:28:44.000Z"
    },
    {
      "shortPath": "l2/petshop/organismContactDetails.less",
      "versionRef": "7391f4a985ad4e7103ec727e02301e6aa05641ab",
      "Length": 1850,
      "update_at": "2025-08-05T18:28:44.000Z"
    },
    {
      "shortPath": "l2/petshop/organismContactDetails.test.ts",
      "versionRef": "7decc1dc00513442c35dae36cee32683e660e2fd",
      "Length": 271,
      "update_at": "2025-08-05T18:28:44.000Z"
    },
    {
      "shortPath": "l2/petshop/organismContactDetails.ts",
      "versionRef": "d3f44b54c3ba4e03ecaac7df59e90f5fc800e1d1",
      "Length": 5842,
      "update_at": "2025-08-05T18:28:44.000Z"
    },
    {
      "shortPath": "l2/petshop/organismContactForm.defs.ts",
      "versionRef": "633efcaa5f684207cf198e4f777c480659fd895c",
      "Length": 1105,
      "update_at": "2025-08-08T13:40:58.000Z"
    },
    {
      "shortPath": "l2/petshop/organismContactForm.html",
      "versionRef": "dc2061e83d62764f49da9c1ebafb996f616c5d39",
      "Length": 79,
      "update_at": "2025-08-05T18:28:44.000Z"
    },
    {
      "shortPath": "l2/petshop/organismContactForm.less",
      "versionRef": "4d357f089c3d4ee0fd56018eaa4af18434ff771f",
      "Length": 1923,
      "update_at": "2025-08-05T18:28:44.000Z"
    },
    {
      "shortPath": "l2/petshop/organismContactForm.test.ts",
      "versionRef": "ce5de567e5fceade2490c5d93d002959a5a2c3b8",
      "Length": 268,
      "update_at": "2025-08-05T18:28:44.000Z"
    },
    {
      "shortPath": "l2/petshop/organismContactForm.ts",
      "versionRef": "b2b0832fc65e65da9001d0f6b22363c261277553",
      "Length": 1478,
      "update_at": "2025-08-05T18:28:44.000Z"
    },
    {
      "shortPath": "l2/petshop/organismFeaturedProducts.defs.ts",
      "versionRef": "1957101e787e2376cd1a8e40aa7028dd043b5651",
      "Length": 1108,
      "update_at": "2025-08-08T13:40:58.000Z"
    },
    {
      "shortPath": "l2/petshop/organismFeaturedProducts.html",
      "versionRef": "201e56e45a32da5df4061bf7c61273ec8adc2650",
      "Length": 89,
      "update_at": "2025-08-05T18:28:44.000Z"
    },
    {
      "shortPath": "l2/petshop/organismFeaturedProducts.less",
      "versionRef": "6cda4bd5b17b341edf6eb52a03ad16c61ea92f4d",
      "Length": 2565,
      "update_at": "2025-08-05T18:28:44.000Z"
    },
    {
      "shortPath": "l2/petshop/organismFeaturedProducts.test.ts",
      "versionRef": "147ccefb3cabd67f041f864c17f920fbd683093f",
      "Length": 273,
      "update_at": "2025-08-05T18:28:44.000Z"
    },
    {
      "shortPath": "l2/petshop/organismFeaturedProducts.ts",
      "versionRef": "b9df12e059d2dddbdbb0bb93e76e027fa5d34fd3",
      "Length": 4640,
      "update_at": "2025-08-05T18:28:44.000Z"
    },
    {
      "shortPath": "l2/petshop/organismFeaturedServices.defs.ts",
      "versionRef": "9c6340591fb7311f178e27c902ea7ea8ab86fa0a",
      "Length": 1104,
      "update_at": "2025-08-08T13:40:58.000Z"
    },
    {
      "shortPath": "l2/petshop/organismFeaturedServices.html",
      "versionRef": "74ab9c8e38f39586526a5479e071d47b859334c6",
      "Length": 89,
      "update_at": "2025-08-05T18:28:44.000Z"
    },
    {
      "shortPath": "l2/petshop/organismFeaturedServices.less",
      "versionRef": "6aaeac3f439746b32e925c2e8dbaaf65b40b8a1d",
      "Length": 1997,
      "update_at": "2025-08-05T18:28:44.000Z"
    },
    {
      "shortPath": "l2/petshop/organismFeaturedServices.test.ts",
      "versionRef": "cdd1850faf4426b9e1d23f5216369ba4ba732f0c",
      "Length": 273,
      "update_at": "2025-08-05T18:28:44.000Z"
    },
    {
      "shortPath": "l2/petshop/organismFeaturedServices.ts",
      "versionRef": "e8e29c7fa9652f4a21ea061a7981c861bddcedbf",
      "Length": 3969,
      "update_at": "2025-08-05T18:28:44.000Z"
    },
    {
      "shortPath": "l2/petshop/organismFooterInfo.defs.ts",
      "versionRef": "f10e7cb11e3dedbd4f50f9a4934c71520923756e",
      "Length": 1138,
      "update_at": "2025-08-08T13:40:58.000Z"
    },
    {
      "shortPath": "l2/petshop/organismFooterInfo.html",
      "versionRef": "caf2202351e7d07dbc7e9419c269aa8eaa9599b5",
      "Length": 77,
      "update_at": "2025-08-05T18:28:44.000Z"
    },
    {
      "shortPath": "l2/petshop/organismFooterInfo.less",
      "versionRef": "d10f701ae7da0384b42c692c815faa5edc2968b6",
      "Length": 2435,
      "update_at": "2025-08-05T18:28:44.000Z"
    },
    {
      "shortPath": "l2/petshop/organismFooterInfo.test.ts",
      "versionRef": "a6e1b1baf2874ad49e0b1032c96eb5334e2d1d2f",
      "Length": 267,
      "update_at": "2025-08-05T18:28:44.000Z"
    },
    {
      "shortPath": "l2/petshop/organismFooterInfo.ts",
      "versionRef": "cd2e4a4ddb6395fed6337852323afdee2e25039d",
      "Length": 4760,
      "update_at": "2025-08-05T18:28:44.000Z"
    },
    {
      "shortPath": "l2/petshop/organismHeroBanner.defs.ts",
      "versionRef": "e2f4283b64e51d539778d1ab70168de72847c302",
      "Length": 1254,
      "update_at": "2025-08-08T13:40:58.000Z"
    },
    {
      "shortPath": "l2/petshop/organismHeroBanner.html",
      "versionRef": "aaa0c0e62299f828e7a75073309bc645ea4db698",
      "Length": 77,
      "update_at": "2025-08-05T18:28:44.000Z"
    },
    {
      "shortPath": "l2/petshop/organismHeroBanner.less",
      "versionRef": "7546afe1092ec06821cbe624ae253cd290aa40b6",
      "Length": 2105,
      "update_at": "2025-08-05T18:28:44.000Z"
    },
    {
      "shortPath": "l2/petshop/organismHeroBanner.test.ts",
      "versionRef": "11367c68fc1b4ba23f055acd8650aecd1fc31382",
      "Length": 267,
      "update_at": "2025-08-05T18:28:44.000Z"
    },
    {
      "shortPath": "l2/petshop/organismHeroBanner.ts",
      "versionRef": "c573de5e6a752b26f82b3dcc9b0aac6c74f36e8b",
      "Length": 1453,
      "update_at": "2025-08-05T18:28:44.000Z"
    },
    {
      "shortPath": "l2/petshop/organismNav.defs.ts",
      "versionRef": "f9a67743cf101c53febbb3fede0b515cb37959c4",
      "Length": 1467,
      "update_at": "2025-08-08T13:40:58.000Z"
    },
    {
      "shortPath": "l2/petshop/organismNav.html",
      "versionRef": "620de3895b9110fab1aab67185e79a887fe292f5",
      "Length": 61,
      "update_at": "2025-08-05T18:28:44.000Z"
    },
    {
      "shortPath": "l2/petshop/organismNav.less",
      "versionRef": "8f7a37f6e56c5f8051b0d27e6864459e44916ae0",
      "Length": 2240,
      "update_at": "2025-08-05T18:28:44.000Z"
    },
    {
      "shortPath": "l2/petshop/organismNav.test.ts",
      "versionRef": "64ebaf139230b9b10b9ba295a1e2f907ac57cd3a",
      "Length": 260,
      "update_at": "2025-08-05T18:28:44.000Z"
    },
    {
      "shortPath": "l2/petshop/organismNav.ts",
      "versionRef": "117ffa17935fdab17f7c82d66d360565b70f6183",
      "Length": 4071,
      "update_at": "2025-08-05T18:28:44.000Z"
    },
    {
      "shortPath": "l2/petshop/organismProductFilters.defs.ts",
      "versionRef": "21fb5ac3c5d83b0539c1f0bbe37ef17c5c7efce7",
      "Length": 1122,
      "update_at": "2025-08-08T13:40:58.000Z"
    },
    {
      "shortPath": "l2/petshop/organismProductFilters.html",
      "versionRef": "1dee2293e2eee3bad5450bc7c1ece8e4410b5e5f",
      "Length": 85,
      "update_at": "2025-08-05T18:28:44.000Z"
    },
    {
      "shortPath": "l2/petshop/organismProductFilters.less",
      "versionRef": "550da4d3b0e8cbaee6ee7bc6fd8e6457e9b2ed58",
      "Length": 2195,
      "update_at": "2025-08-05T18:28:44.000Z"
    },
    {
      "shortPath": "l2/petshop/organismProductFilters.test.ts",
      "versionRef": "65c61ecbb1fd519dd1802357fc5e6200ab0967e1",
      "Length": 271,
      "update_at": "2025-08-05T18:28:44.000Z"
    },
    {
      "shortPath": "l2/petshop/organismProductFilters.ts",
      "versionRef": "f990b7c55400f7da7dbfbecf59f867f4d3ccc017",
      "Length": 2852,
      "update_at": "2025-08-05T18:28:44.000Z"
    },
    {
      "shortPath": "l2/petshop/organismProductList.defs.ts",
      "versionRef": "c365711ad2aa3b80ea8bcf8b38e8c8cd05a4901d",
      "Length": 1111,
      "update_at": "2025-08-08T13:40:58.000Z"
    },
    {
      "shortPath": "l2/petshop/organismProductList.html",
      "versionRef": "7cf8d01c8a2f9a38a75e23cbdadfb973e1c678c8",
      "Length": 79,
      "update_at": "2025-08-05T18:28:44.000Z"
    },
    {
      "shortPath": "l2/petshop/organismProductList.less",
      "versionRef": "f5a38a08883a6f2270b068b8fd7b33e5c2e5d096",
      "Length": 2362,
      "update_at": "2025-08-05T18:28:44.000Z"
    },
    {
      "shortPath": "l2/petshop/organismProductList.test.ts",
      "versionRef": "16d1f27418d565925ada00638b93663cee53389f",
      "Length": 268,
      "update_at": "2025-08-05T18:28:44.000Z"
    },
    {
      "shortPath": "l2/petshop/organismProductList.ts",
      "versionRef": "fd7157ba55a776ffcbc95d44d91fdaf94c1330c2",
      "Length": 6161,
      "update_at": "2025-08-05T18:28:44.000Z"
    },
    {
      "shortPath": "l2/petshop/produtos.defs.ts",
      "versionRef": "032c940f4451050ea5c1eb74c85c4a7637541792",
      "Length": 3453,
      "update_at": "2025-08-05T18:28:44.000Z"
    },
    {
      "shortPath": "l2/petshop/produtos.html",
      "versionRef": "75e4ec6d2a0d00e2471f963fdc5a85ac459a5516",
      "Length": 800,
      "update_at": "2025-08-14T18:57:42.000Z"
    },
    {
      "shortPath": "l2/petshop/produtos.less",
      "versionRef": "eeb2c9ed666012d9dafef281c2b451e1c8b8c667",
      "Length": 1368,
      "update_at": "2025-08-05T18:28:44.000Z"
    },
    {
      "shortPath": "l2/petshop/produtos.test.ts",
      "versionRef": "e9ce994c543c7cd2c484fe5d49d9eae404c84eba",
      "Length": 257,
      "update_at": "2025-08-05T18:28:44.000Z"
    },
    {
      "shortPath": "l2/petshop/produtos.ts",
      "versionRef": "543b6098658f76ecf7cea9aad05b9ebd464e8729",
      "Length": 439,
      "update_at": "2025-08-05T18:28:44.000Z"
    },
    {
      "shortPath": "l2/project.defs.ts",
      "versionRef": "d3a4684e7bad41f2a6bc798cf2fd8baca0f668e3",
      "Length": 81,
      "update_at": "2025-08-08T13:40:58.000Z"
    },
    {
      "shortPath": "l2/project.html",
      "versionRef": "88a90cf32ef33346febb29387541246b1be9a2e0",
      "Length": 16,
      "update_at": "2025-08-08T13:40:58.000Z"
    },
    {
      "shortPath": "l2/project.less",
      "versionRef": "3df83ae5d81364b936aee7d804aa7a8d1e45fa18",
      "Length": 1876,
      "update_at": "2025-10-13T13:08:58.000Z"
    },
    {
      "shortPath": "l2/project.test.ts",
      "versionRef": "718f5d9b060e714beca0def108663dbc07c05435",
      "Length": 250,
      "update_at": "2025-08-08T13:40:58.000Z"
    },
    {
      "shortPath": "l2/project.ts",
      "versionRef": "137a90ed9eefd1081e92537574140aa5dfa8b60d",
      "Length": 223,
      "update_at": "2025-10-13T13:08:58.000Z"
    },
    {
      "shortPath": "l2/travel/home.defs.ts",
      "versionRef": "583c707421f377614851debde91baff51fce3299",
      "Length": 4239,
      "update_at": "2025-08-15T21:03:25.000Z"
    },
    {
      "shortPath": "l2/travel/home.html",
      "versionRef": "7b14732496944585c3e69b61f2adec68de2d86c3",
      "Length": 742,
      "update_at": "2025-08-15T21:03:25.000Z"
    },
    {
      "shortPath": "l2/travel/home.less",
      "versionRef": "0d0554b8d3626a2ae823e37b68f731280d9d5875",
      "Length": 586,
      "update_at": "2025-08-15T21:03:25.000Z"
    },
    {
      "shortPath": "l2/travel/home.test.ts",
      "versionRef": "a6267a9106ef0cfbaf6a5015abb8bd4aee1b68be",
      "Length": 252,
      "update_at": "2025-08-15T21:03:25.000Z"
    },
    {
      "shortPath": "l2/travel/home.ts",
      "versionRef": "2f108f758f938d849554d1b023b1aa283ce7e109",
      "Length": 423,
      "update_at": "2025-08-15T21:03:25.000Z"
    },
    {
      "shortPath": "l2/travel/loginRegister.defs.ts",
      "versionRef": "a6fe6794a784e96246d146be9fdd7feba008ee18",
      "Length": 2217,
      "update_at": "2025-08-15T21:03:25.000Z"
    },
    {
      "shortPath": "l2/travel/loginRegister.html",
      "versionRef": "f33ea55f9c12b0428fc03968133487ea0c798abe",
      "Length": 791,
      "update_at": "2025-08-15T21:03:25.000Z"
    },
    {
      "shortPath": "l2/travel/loginRegister.less",
      "versionRef": "c08e61827f6e388f94edea074be9c063f5dbed8a",
      "Length": 160,
      "update_at": "2025-08-15T21:03:25.000Z"
    },
    {
      "shortPath": "l2/travel/loginRegister.test.ts",
      "versionRef": "f4c83899b747751c297b71da0499af63a0a4544d",
      "Length": 261,
      "update_at": "2025-08-15T21:03:25.000Z"
    },
    {
      "shortPath": "l2/travel/loginRegister.ts",
      "versionRef": "b2f3c88d2b5174eb7e36e57578d185856d805671",
      "Length": 451,
      "update_at": "2025-08-15T21:03:25.000Z"
    },
    {
      "shortPath": "l2/travel/module.defs.ts",
      "versionRef": "7af998dc67f4b07a95edb1fa1c97207d6b3b82a7",
      "Length": 86,
      "update_at": "2025-08-15T21:03:25.000Z"
    },
    {
      "shortPath": "l2/travel/module.html",
      "versionRef": "6e54754ae6e62592cfb1ba96840c597443af8605",
      "Length": 15,
      "update_at": "2025-08-15T21:03:25.000Z"
    },
    {
      "shortPath": "l2/travel/module.less",
      "versionRef": "92cd7883f98047499fe296a8f3a580a1085efd05",
      "Length": 145,
      "update_at": "2025-08-15T21:03:25.000Z"
    },
    {
      "shortPath": "l2/travel/module.test.ts",
      "versionRef": "43edab866c395184901c19dba566e375a26d4453",
      "Length": 254,
      "update_at": "2025-08-15T21:03:25.000Z"
    },
    {
      "shortPath": "l2/travel/module.ts",
      "versionRef": "769781070ee465aaf02383b226598d837cb4116f",
      "Length": 30204,
      "update_at": "2025-08-15T21:03:25.000Z"
    },
    {
      "shortPath": "l2/travel/organismAboutSection.defs.ts",
      "versionRef": "91d78c0dbc629a674b5bc59d1c17a963dcc42d37",
      "Length": 1078,
      "update_at": "2025-08-15T21:03:25.000Z"
    },
    {
      "shortPath": "l2/travel/organismAboutSection.html",
      "versionRef": "685b85e35e2dfe415b6474ac415ce8a26637b6d3",
      "Length": 79,
      "update_at": "2025-08-15T21:03:25.000Z"
    },
    {
      "shortPath": "l2/travel/organismAboutSection.less",
      "versionRef": "8f45bac6501f1c6e16793a14a50b5e79ec21ecb9",
      "Length": 1805,
      "update_at": "2025-08-15T21:03:25.000Z"
    },
    {
      "shortPath": "l2/travel/organismAboutSection.test.ts",
      "versionRef": "fb935d3f8501d646947d0593db584abb51496d23",
      "Length": 268,
      "update_at": "2025-08-15T21:03:25.000Z"
    },
    {
      "shortPath": "l2/travel/organismAboutSection.ts",
      "versionRef": "2b2220ae8040dd1b3e4f6754b9517bdc812e9e80",
      "Length": 1999,
      "update_at": "2025-08-15T21:03:25.000Z"
    },
    {
      "shortPath": "l2/travel/organismFeaturedPackages.defs.ts",
      "versionRef": "b565903a1be59aaa9db5f5d1f804d664ddc89f13",
      "Length": 1089,
      "update_at": "2025-08-15T21:03:25.000Z"
    },
    {
      "shortPath": "l2/travel/organismFeaturedPackages.html",
      "versionRef": "3bde9c0a64552923f66bc712fad759a27df9a329",
      "Length": 87,
      "update_at": "2025-08-15T21:03:25.000Z"
    },
    {
      "shortPath": "l2/travel/organismFeaturedPackages.less",
      "versionRef": "7e96632af7427b51c7e12087c222ac81072972fe",
      "Length": 2468,
      "update_at": "2025-08-15T21:03:25.000Z"
    },
    {
      "shortPath": "l2/travel/organismFeaturedPackages.test.ts",
      "versionRef": "1ae7f4dc533f77c4a3ff3b9ac1aa0536a70693f2",
      "Length": 272,
      "update_at": "2025-08-15T21:03:25.000Z"
    },
    {
      "shortPath": "l2/travel/organismFeaturedPackages.ts",
      "versionRef": "1b12461bae299a9ecb0208252dadff575c58bad6",
      "Length": 3931,
      "update_at": "2025-08-15T21:03:25.000Z"
    },
    {
      "shortPath": "l2/travel/organismFilterPanel.defs.ts",
      "versionRef": "c4a493f7dbab99af673b63d94bd1ce90bf5cbe8e",
      "Length": 1092,
      "update_at": "2025-08-15T21:03:25.000Z"
    },
    {
      "shortPath": "l2/travel/organismFilterPanel.html",
      "versionRef": "217d51b61f293bc882157ac0eb39e753910966c2",
      "Length": 77,
      "update_at": "2025-08-15T21:03:25.000Z"
    },
    {
      "shortPath": "l2/travel/organismFilterPanel.less",
      "versionRef": "18e23432dd8dc217c48e2053ec99a875c7ddf11a",
      "Length": 2800,
      "update_at": "2025-08-15T21:03:25.000Z"
    },
    {
      "shortPath": "l2/travel/organismFilterPanel.test.ts",
      "versionRef": "c55fcafce1900696f2cf919b5439a7e437049f38",
      "Length": 267,
      "update_at": "2025-08-15T21:03:25.000Z"
    },
    {
      "shortPath": "l2/travel/organismFilterPanel.ts",
      "versionRef": "7e0950695281a815dfa2102eec109353f7d44de4",
      "Length": 3708,
      "update_at": "2025-08-15T21:03:25.000Z"
    },
    {
      "shortPath": "l2/travel/organismFooterInfo.defs.ts",
      "versionRef": "92f9670b81bf530ae37e6b4821ed3ca2857de41c",
      "Length": 1090,
      "update_at": "2025-08-15T21:03:25.000Z"
    },
    {
      "shortPath": "l2/travel/organismFooterInfo.html",
      "versionRef": "1ba9bf56318fc3a23bdbd0ef0dea29492c1c5d3c",
      "Length": 75,
      "update_at": "2025-08-15T21:03:25.000Z"
    },
    {
      "shortPath": "l2/travel/organismFooterInfo.less",
      "versionRef": "fbfee10d4297d3ea62bc3ac0b42d4262d22423c8",
      "Length": 2384,
      "update_at": "2025-08-15T21:03:25.000Z"
    },
    {
      "shortPath": "l2/travel/organismFooterInfo.test.ts",
      "versionRef": "10dfb948e5214e424faa7d202105c6078b92debd",
      "Length": 266,
      "update_at": "2025-08-15T21:03:25.000Z"
    },
    {
      "shortPath": "l2/travel/organismFooterInfo.ts",
      "versionRef": "52d01502f12d8f82851cd82f46cf98b87f0b2bed",
      "Length": 3653,
      "update_at": "2025-08-15T21:03:25.000Z"
    },
    {
      "shortPath": "l2/travel/organismHeroBanner.defs.ts",
      "versionRef": "8bda0f36fd431797adf1d41ba574f7e3ec9f6e8b",
      "Length": 1170,
      "update_at": "2025-08-15T21:03:25.000Z"
    },
    {
      "shortPath": "l2/travel/organismHeroBanner.html",
      "versionRef": "66e27c2c02902a72487de9477bcd78b2fdd7f711",
      "Length": 75,
      "update_at": "2025-08-15T21:03:25.000Z"
    },
    {
      "shortPath": "l2/travel/organismHeroBanner.less",
      "versionRef": "d1bd27e413294f8abd48eac885334d0d5513e804",
      "Length": 2116,
      "update_at": "2025-08-15T21:03:25.000Z"
    },
    {
      "shortPath": "l2/travel/organismHeroBanner.test.ts",
      "versionRef": "e960469db5653a96287f0ba76d379b8765f6ab82",
      "Length": 266,
      "update_at": "2025-08-15T21:03:25.000Z"
    },
    {
      "shortPath": "l2/travel/organismHeroBanner.ts",
      "versionRef": "7edabecb6cf6029bb1b794a4fe15d13123fa9324",
      "Length": 1430,
      "update_at": "2025-08-15T21:03:25.000Z"
    },
    {
      "shortPath": "l2/travel/organismLoginForm.defs.ts",
      "versionRef": "da4211c35e7ef4885723fa287b56e27de213a5bf",
      "Length": 1041,
      "update_at": "2025-08-15T21:03:25.000Z"
    },
    {
      "shortPath": "l2/travel/organismLoginForm.html",
      "versionRef": "2f36de4b84839f1757abed0e34e542423bb3ab55",
      "Length": 73,
      "update_at": "2025-08-15T21:03:25.000Z"
    },
    {
      "shortPath": "l2/travel/organismLoginForm.less",
      "versionRef": "3cacc90d23436e1c0ec9465f070d885af8797d70",
      "Length": 2367,
      "update_at": "2025-08-15T21:03:25.000Z"
    },
    {
      "shortPath": "l2/travel/organismLoginForm.test.ts",
      "versionRef": "da9ad468c0336fce689cf0a4055c3115ab39c69a",
      "Length": 265,
      "update_at": "2025-08-15T21:03:25.000Z"
    },
    {
      "shortPath": "l2/travel/organismLoginForm.ts",
      "versionRef": "0abaa32f42e02e487439080eae722d52b8c6661d",
      "Length": 1606,
      "update_at": "2025-08-15T21:03:25.000Z"
    },
    {
      "shortPath": "l2/travel/organismNav.defs.ts",
      "versionRef": "2e8afdccdf9be2c9f0b752ecb04d7d306301d942",
      "Length": 1477,
      "update_at": "2025-08-15T21:03:25.000Z"
    },
    {
      "shortPath": "l2/travel/organismNav.html",
      "versionRef": "089c8a707755253f74b4636d83c80f2d19e7c571",
      "Length": 59,
      "update_at": "2025-08-15T21:03:25.000Z"
    },
    {
      "shortPath": "l2/travel/organismNav.less",
      "versionRef": "5463f0d28ee6546fac511f561116da7c19f5619e",
      "Length": 2565,
      "update_at": "2025-08-15T21:03:25.000Z"
    },
    {
      "shortPath": "l2/travel/organismNav.test.ts",
      "versionRef": "67600310200b029dbe82a91aa49c9bbe8bff22c2",
      "Length": 259,
      "update_at": "2025-08-15T21:03:25.000Z"
    },
    {
      "shortPath": "l2/travel/organismNav.ts",
      "versionRef": "595ae23f93ea107746d5ee7c142bc43af7e45676",
      "Length": 1888,
      "update_at": "2025-08-15T21:03:25.000Z"
    },
    {
      "shortPath": "l2/travel/organismPackageDetails.defs.ts",
      "versionRef": "3a8146b17510a84922bcf6567c3ea98f2c0307ee",
      "Length": 1079,
      "update_at": "2025-08-15T21:03:25.000Z"
    },
    {
      "shortPath": "l2/travel/organismPackageDetails.html",
      "versionRef": "4b480db012f145a440cae40ecd1864fe2030e1ae",
      "Length": 83,
      "update_at": "2025-08-15T21:03:25.000Z"
    },
    {
      "shortPath": "l2/travel/organismPackageDetails.less",
      "versionRef": "217bb652722a28594bec0e8d54fa18d82c7c1c20",
      "Length": 2788,
      "update_at": "2025-08-15T21:03:25.000Z"
    },
    {
      "shortPath": "l2/travel/organismPackageDetails.test.ts",
      "versionRef": "76f8c552c570163ae505b8c7286aace1685b318a",
      "Length": 270,
      "update_at": "2025-08-15T21:03:25.000Z"
    },
    {
      "shortPath": "l2/travel/organismPackageDetails.ts",
      "versionRef": "732d139116011a04ff50f6c7043956c6e62fe342",
      "Length": 4237,
      "update_at": "2025-08-15T21:03:25.000Z"
    },
    {
      "shortPath": "l2/travel/organismPackageList.defs.ts",
      "versionRef": "9777657f58daa56d29258de70df546368b372516",
      "Length": 1093,
      "update_at": "2025-08-15T21:03:25.000Z"
    },
    {
      "shortPath": "l2/travel/organismPackageList.html",
      "versionRef": "55276e0ed11e0079611cbd3214de3a404cb2f4f1",
      "Length": 77,
      "update_at": "2025-08-15T21:03:25.000Z"
    },
    {
      "shortPath": "l2/travel/organismPackageList.less",
      "versionRef": "f9d8ea9908c5ee089df3d2ef04ecaf4cc2386023",
      "Length": 3801,
      "update_at": "2025-08-15T21:03:25.000Z"
    },
    {
      "shortPath": "l2/travel/organismPackageList.test.ts",
      "versionRef": "38e92b37feae64d9a576d40596f885205cd87fd0",
      "Length": 267,
      "update_at": "2025-08-15T21:03:25.000Z"
    },
    {
      "shortPath": "l2/travel/organismPackageList.ts",
      "versionRef": "bbd42372fda7adbfe5a2940ef15fc117157e16ca",
      "Length": 7185,
      "update_at": "2025-08-15T21:03:25.000Z"
    },
    {
      "shortPath": "l2/travel/organismPasswordRecovery.defs.ts",
      "versionRef": "52029855b0e6c52ab733d51cfbe97a1fff353650",
      "Length": 1080,
      "update_at": "2025-08-15T21:03:25.000Z"
    },
    {
      "shortPath": "l2/travel/organismPasswordRecovery.html",
      "versionRef": "fcd745af445f1adaf7973edf04a41c1cf75c62c7",
      "Length": 87,
      "update_at": "2025-08-15T21:03:25.000Z"
    },
    {
      "shortPath": "l2/travel/organismPasswordRecovery.less",
      "versionRef": "8afcdfeb0436676cff9334fb88504ce3ded750a3",
      "Length": 2071,
      "update_at": "2025-08-15T21:03:25.000Z"
    },
    {
      "shortPath": "l2/travel/organismPasswordRecovery.test.ts",
      "versionRef": "372a087b19436726f0e8bfae643ce52021bf8ae5",
      "Length": 272,
      "update_at": "2025-08-15T21:03:25.000Z"
    },
    {
      "shortPath": "l2/travel/organismPasswordRecovery.ts",
      "versionRef": "96208c8430e40be0d981985d583825550b66e6e1",
      "Length": 1230,
      "update_at": "2025-08-15T21:03:25.000Z"
    },
    {
      "shortPath": "l2/travel/organismPaymentStatus.defs.ts",
      "versionRef": "d682ad6dad2f897138ffeb0b3ec905d489686183",
      "Length": 1097,
      "update_at": "2025-08-15T21:03:25.000Z"
    },
    {
      "shortPath": "l2/travel/organismPaymentStatus.html",
      "versionRef": "281f9b57920cd4c6d1d200e2e0b63b61ecea3fad",
      "Length": 81,
      "update_at": "2025-08-15T21:03:25.000Z"
    },
    {
      "shortPath": "l2/travel/organismPaymentStatus.less",
      "versionRef": "fbf3f978881d27e329b5a3e64c15fa84340a32e3",
      "Length": 1484,
      "update_at": "2025-08-15T21:03:25.000Z"
    },
    {
      "shortPath": "l2/travel/organismPaymentStatus.test.ts",
      "versionRef": "40603a14379058e23a4d557b7de353a583095257",
      "Length": 269,
      "update_at": "2025-08-15T21:03:25.000Z"
    },
    {
      "shortPath": "l2/travel/organismPaymentStatus.ts",
      "versionRef": "6fdc7842bd5d97303023bf93fc20ef0a85fb00e0",
      "Length": 2078,
      "update_at": "2025-08-15T21:03:25.000Z"
    },
    {
      "shortPath": "l2/travel/organismRegisterForm.defs.ts",
      "versionRef": "ced1838fec32b0f401f3a1a8604392799a021aea",
      "Length": 1053,
      "update_at": "2025-08-15T21:03:25.000Z"
    },
    {
      "shortPath": "l2/travel/organismRegisterForm.html",
      "versionRef": "b4b039d409d3d9d9bb358f89baa8f87948f63c65",
      "Length": 79,
      "update_at": "2025-08-15T21:03:25.000Z"
    },
    {
      "shortPath": "l2/travel/organismRegisterForm.less",
      "versionRef": "ddb4d50b14b6a9481d0f34e63eb38a373c22d1a1",
      "Length": 2114,
      "update_at": "2025-08-15T21:21:57.000Z"
    },
    {
      "shortPath": "l2/travel/organismRegisterForm.test.ts",
      "versionRef": "ba86e31b575820bbe039c3e46fc191ebf100e483",
      "Length": 268,
      "update_at": "2025-08-15T21:03:25.000Z"
    },
    {
      "shortPath": "l2/travel/organismRegisterForm.ts",
      "versionRef": "a58cc02346a8b767755102ba93f45189b62aa835",
      "Length": 1807,
      "update_at": "2025-08-15T21:03:25.000Z"
    },
    {
      "shortPath": "l2/travel/organismReservationCta.defs.ts",
      "versionRef": "11bff4f975c751c3f81d76c937476d1bb7b7339d",
      "Length": 1088,
      "update_at": "2025-08-15T21:03:25.000Z"
    },
    {
      "shortPath": "l2/travel/organismReservationCta.html",
      "versionRef": "b4a728fd3a39c50c73de6e7a7e80a7f9932b56fd",
      "Length": 83,
      "update_at": "2025-08-15T21:03:25.000Z"
    },
    {
      "shortPath": "l2/travel/organismReservationCta.less",
      "versionRef": "8a573bf2089110e347390ae8528f8062a8cc1dfc",
      "Length": 1705,
      "update_at": "2025-08-15T21:03:25.000Z"
    },
    {
      "shortPath": "l2/travel/organismReservationCta.test.ts",
      "versionRef": "6f40743eff53c37bca56832835dcd98f290d1ebc",
      "Length": 270,
      "update_at": "2025-08-15T21:03:25.000Z"
    },
    {
      "shortPath": "l2/travel/organismReservationCta.ts",
      "versionRef": "a8f8235787a6d2af0b7f64fa1678b8497e93ef7b",
      "Length": 938,
      "update_at": "2025-08-15T21:03:25.000Z"
    },
    {
      "shortPath": "l2/travel/organismReservationForm.defs.ts",
      "versionRef": "28834efdcb00360e00d6d478556f349e85c9bcab",
      "Length": 1105,
      "update_at": "2025-08-15T21:03:25.000Z"
    },
    {
      "shortPath": "l2/travel/organismReservationForm.html",
      "versionRef": "ef0987c6979fe5470b3faacc80c411ff3cba5a0f",
      "Length": 85,
      "update_at": "2025-08-15T21:03:25.000Z"
    },
    {
      "shortPath": "l2/travel/organismReservationForm.less",
      "versionRef": "8f0c3e91094c1da3c19a0cf6ca790cd06c9d84ad",
      "Length": 2842,
      "update_at": "2025-08-15T21:03:25.000Z"
    },
    {
      "shortPath": "l2/travel/organismReservationForm.test.ts",
      "versionRef": "73c68c2219bf3abe353627114232d6cf24fb5fb9",
      "Length": 271,
      "update_at": "2025-08-15T21:03:25.000Z"
    },
    {
      "shortPath": "l2/travel/organismReservationForm.ts",
      "versionRef": "3ba7065a4b8d6fab881099a5191cbb4ed4f20037",
      "Length": 4145,
      "update_at": "2025-08-15T21:03:25.000Z"
    },
    {
      "shortPath": "l2/travel/organismReviewForm.defs.ts",
      "versionRef": "e001e63fe22bd243bcfc513708c8f811a756e6e3",
      "Length": 1191,
      "update_at": "2025-08-15T21:03:25.000Z"
    },
    {
      "shortPath": "l2/travel/organismReviewForm.html",
      "versionRef": "73c856ca86cc617bb0ce76a1ee46bc83a7d6949a",
      "Length": 75,
      "update_at": "2025-08-15T21:03:25.000Z"
    },
    {
      "shortPath": "l2/travel/organismReviewForm.less",
      "versionRef": "6287ade57d7b54ebc4545d407bf7680539bb4613",
      "Length": 2336,
      "update_at": "2025-08-15T21:03:25.000Z"
    },
    {
      "shortPath": "l2/travel/organismReviewForm.test.ts",
      "versionRef": "0f9b683aeb0c5c1e5667f71dc9920b6c74bf1052",
      "Length": 266,
      "update_at": "2025-08-15T21:03:25.000Z"
    },
    {
      "shortPath": "l2/travel/organismReviewForm.ts",
      "versionRef": "d22e1e08be79c6e3d478528400f4d4ba4df67438",
      "Length": 2635,
      "update_at": "2025-08-15T21:03:25.000Z"
    },
    {
      "shortPath": "l2/travel/organismReviewsList.defs.ts",
      "versionRef": "b43e2460b4741c3703b62d7cf995bcebd3bb353d",
      "Length": 1089,
      "update_at": "2025-08-15T21:03:25.000Z"
    },
    {
      "shortPath": "l2/travel/organismReviewsList.html",
      "versionRef": "4572c725be7aebe39e30edbd0be7e341c5c5799b",
      "Length": 77,
      "update_at": "2025-08-15T21:03:25.000Z"
    },
    {
      "shortPath": "l2/travel/organismReviewsList.less",
      "versionRef": "ca0e5ea1560f3916f4d27423e1102fc9e302bb73",
      "Length": 1486,
      "update_at": "2025-08-15T21:03:25.000Z"
    },
    {
      "shortPath": "l2/travel/organismReviewsList.test.ts",
      "versionRef": "b7fa6ad2e3230bd14f1622ef373fbc88335adb55",
      "Length": 267,
      "update_at": "2025-08-15T21:03:25.000Z"
    },
    {
      "shortPath": "l2/travel/organismReviewsList.ts",
      "versionRef": "a5c03a900b27a477ba221e807aba7687a25b0e29",
      "Length": 2558,
      "update_at": "2025-08-15T21:03:25.000Z"
    },
    {
      "shortPath": "l2/travel/organismSearchBar.defs.ts",
      "versionRef": "5014480273a6943f5984922b716298beccab7d1a",
      "Length": 1131,
      "update_at": "2025-08-15T21:03:25.000Z"
    },
    {
      "shortPath": "l2/travel/organismSearchBar.html",
      "versionRef": "d4b8e30543ad0c829d917326a26d092ee05ef6d6",
      "Length": 73,
      "update_at": "2025-08-15T21:03:25.000Z"
    },
    {
      "shortPath": "l2/travel/organismSearchBar.less",
      "versionRef": "67e521568f78d3b81499a7f833b1a12777946449",
      "Length": 1894,
      "update_at": "2025-08-15T21:03:25.000Z"
    },
    {
      "shortPath": "l2/travel/organismSearchBar.test.ts",
      "versionRef": "30005f8fcbc7eea7620aa8017b8f35dee022f1f6",
      "Length": 265,
      "update_at": "2025-08-15T21:03:25.000Z"
    },
    {
      "shortPath": "l2/travel/organismSearchBar.ts",
      "versionRef": "111c7cae35702987e5623fefd3b02b69f501352a",
      "Length": 1182,
      "update_at": "2025-08-15T21:03:25.000Z"
    },
    {
      "shortPath": "l2/travel/organismUserProfile.defs.ts",
      "versionRef": "17a96544fd4c73e585f98f2864cc75c7473c9555",
      "Length": 1081,
      "update_at": "2025-08-15T21:03:25.000Z"
    },
    {
      "shortPath": "l2/travel/organismUserProfile.html",
      "versionRef": "e38d7cb768fd72f6cd41dc4f5dcf688b1dfe13da",
      "Length": 77,
      "update_at": "2025-08-15T21:03:25.000Z"
    },
    {
      "shortPath": "l2/travel/organismUserProfile.less",
      "versionRef": "d3682a138ab3105e8e9882517d06c9210ac1c14a",
      "Length": 3000,
      "update_at": "2025-08-15T21:03:25.000Z"
    },
    {
      "shortPath": "l2/travel/organismUserProfile.test.ts",
      "versionRef": "0683e88bd8b11c707073b2fe8e4a1d2901c385fe",
      "Length": 267,
      "update_at": "2025-08-15T21:03:25.000Z"
    },
    {
      "shortPath": "l2/travel/organismUserProfile.ts",
      "versionRef": "32570a46a6d497f18134a440cdf2dddc1ace672b",
      "Length": 2356,
      "update_at": "2025-08-15T21:03:25.000Z"
    },
    {
      "shortPath": "l2/travel/organismUserReservations.defs.ts",
      "versionRef": "4e5fe19aad77939d2825f1e8a1aea1d0583dbe93",
      "Length": 1092,
      "update_at": "2025-08-15T21:03:25.000Z"
    },
    {
      "shortPath": "l2/travel/organismUserReservations.html",
      "versionRef": "a8ea9bc0008c014088c9b12b929d15cd826e7234",
      "Length": 87,
      "update_at": "2025-08-15T21:03:25.000Z"
    },
    {
      "shortPath": "l2/travel/organismUserReservations.less",
      "versionRef": "e88c7bd3eb6b42a92bf5c62efaa7f74c609d6df9",
      "Length": 2994,
      "update_at": "2025-08-15T21:03:25.000Z"
    },
    {
      "shortPath": "l2/travel/organismUserReservations.test.ts",
      "versionRef": "be0d3fcd8db11b2e45c38933f9c1239e4e67899c",
      "Length": 272,
      "update_at": "2025-08-15T21:03:25.000Z"
    },
    {
      "shortPath": "l2/travel/organismUserReservations.ts",
      "versionRef": "4e4523e0ed78c83f7e273ff4e35091316b9e72f1",
      "Length": 4941,
      "update_at": "2025-08-15T21:03:25.000Z"
    },
    {
      "shortPath": "l2/travel/packageDetails.defs.ts",
      "versionRef": "dca887af56fe9a478f0035341fa375e096e6c420",
      "Length": 3318,
      "update_at": "2025-08-15T21:03:25.000Z"
    },
    {
      "shortPath": "l2/travel/packageDetails.html",
      "versionRef": "895958d307f4742bfdd15a9efdcb6b8d110cb3ca",
      "Length": 869,
      "update_at": "2025-08-15T21:03:25.000Z"
    },
    {
      "shortPath": "l2/travel/packageDetails.less",
      "versionRef": "7cbfeeda3b79fe5de2e113ab8cd8626e6ec46ba2",
      "Length": 698,
      "update_at": "2025-08-15T21:03:25.000Z"
    },
    {
      "shortPath": "l2/travel/packageDetails.test.ts",
      "versionRef": "269ebdadb226e576d9b32839f28a4fcf228901f2",
      "Length": 262,
      "update_at": "2025-08-15T21:03:25.000Z"
    },
    {
      "shortPath": "l2/travel/packageDetails.ts",
      "versionRef": "4c95f29682e58f8425694184294c907be21570d3",
      "Length": 454,
      "update_at": "2025-08-15T21:03:25.000Z"
    },
    {
      "shortPath": "l2/travel/reservation.defs.ts",
      "versionRef": "13e223fbf71d838b32bbff401e501d1479c6fa36",
      "Length": 2640,
      "update_at": "2025-08-15T21:03:25.000Z"
    },
    {
      "shortPath": "l2/travel/reservation.html",
      "versionRef": "af3558cbd7474ba48ba98e8abc5ea38e7994fa79",
      "Length": 600,
      "update_at": "2025-08-15T21:03:25.000Z"
    },
    {
      "shortPath": "l2/travel/reservation.less",
      "versionRef": "80b1012bb8fc675e8be980574e24b5273e988ecb",
      "Length": 910,
      "update_at": "2025-08-15T21:03:25.000Z"
    },
    {
      "shortPath": "l2/travel/reservation.test.ts",
      "versionRef": "7c94d811511bb3e3a7b2e200f88630ef55ef5c3e",
      "Length": 259,
      "update_at": "2025-08-15T21:03:25.000Z"
    },
    {
      "shortPath": "l2/travel/reservation.ts",
      "versionRef": "2c89a337ed06c5a43717c2d989ede5429ec979b6",
      "Length": 444,
      "update_at": "2025-08-15T21:03:25.000Z"
    },
    {
      "shortPath": "l2/travel/searchResults.defs.ts",
      "versionRef": "79ee6b857e8f4f9638e7959d708b6b94d32a7cb1",
      "Length": 2856,
      "update_at": "2025-08-15T21:03:25.000Z"
    },
    {
      "shortPath": "l2/travel/searchResults.html",
      "versionRef": "a5f0b831bc1bf4962fdc6b95860d7c4139a598a5",
      "Length": 630,
      "update_at": "2025-08-15T21:03:25.000Z"
    },
    {
      "shortPath": "l2/travel/searchResults.less",
      "versionRef": "37a9fd5b033c924b900705dcf48c957d9f8276f1",
      "Length": 160,
      "update_at": "2025-08-15T21:03:25.000Z"
    },
    {
      "shortPath": "l2/travel/searchResults.test.ts",
      "versionRef": "156e68d64d2364278c9fce11e4e6e3c1ff378b4e",
      "Length": 261,
      "update_at": "2025-08-15T21:03:25.000Z"
    },
    {
      "shortPath": "l2/travel/searchResults.ts",
      "versionRef": "d59d6b233b64d01fb40ae94bd5fb31f609d737c9",
      "Length": 451,
      "update_at": "2025-08-15T21:03:25.000Z"
    },
    {
      "shortPath": "l2/travel/userProfile.defs.ts",
      "versionRef": "8c3dcb1efe1f0c369ae625f84df34bb25d5847c2",
      "Length": 2849,
      "update_at": "2025-08-15T21:03:25.000Z"
    },
    {
      "shortPath": "l2/travel/userProfile.html",
      "versionRef": "6aadacd3dc36941bd2dbaf60c3d4d8c70a214cb8",
      "Length": 605,
      "update_at": "2025-08-15T21:03:25.000Z"
    },
    {
      "shortPath": "l2/travel/userProfile.less",
      "versionRef": "020db4ce3ce27048f33a7f38e565614cf5dae7fe",
      "Length": 806,
      "update_at": "2025-08-15T21:03:25.000Z"
    },
    {
      "shortPath": "l2/travel/userProfile.test.ts",
      "versionRef": "6e38086fb7589b61916538a3d197fbaef51ade0b",
      "Length": 259,
      "update_at": "2025-08-15T21:03:25.000Z"
    },
    {
      "shortPath": "l2/travel/userProfile.ts",
      "versionRef": "586572ae7996bdf4fd0d2740243229cc2fe72c2c",
      "Length": 445,
      "update_at": "2025-08-15T21:03:25.000Z"
    },
    {
      "shortPath": "l2/traveldreams/home.defs.ts",
      "versionRef": "93ea731e2c2acc3cf59f6e3b8630cd160b7b0fd0",
      "Length": 4917,
      "update_at": "2025-08-15T21:03:25.000Z"
    },
    {
      "shortPath": "l2/traveldreams/home.html",
      "versionRef": "121980a526d47fa731a3cfa655182d0a845045fd",
      "Length": 992,
      "update_at": "2025-08-15T21:03:25.000Z"
    },
    {
      "shortPath": "l2/traveldreams/home.less",
      "versionRef": "5f4f3a9095c65164908c824887a4e174e459d904",
      "Length": 477,
      "update_at": "2025-08-15T21:03:25.000Z"
    },
    {
      "shortPath": "l2/traveldreams/home.test.ts",
      "versionRef": "98af0f88c71fde18cca7609139b7ea77868a49df",
      "Length": 258,
      "update_at": "2025-08-15T21:03:25.000Z"
    },
    {
      "shortPath": "l2/traveldreams/home.ts",
      "versionRef": "268b912a06caf3429b5b36acd12d94d14da69b45",
      "Length": 441,
      "update_at": "2025-08-15T21:03:25.000Z"
    },
    {
      "shortPath": "l2/traveldreams/module.defs.ts",
      "versionRef": "d9f66743976b76134a8972dab0631322e80fd69e",
      "Length": 92,
      "update_at": "2025-08-15T21:03:25.000Z"
    },
    {
      "shortPath": "l2/traveldreams/module.html",
      "versionRef": "6e54754ae6e62592cfb1ba96840c597443af8605",
      "Length": 15,
      "update_at": "2025-08-15T21:03:25.000Z"
    },
    {
      "shortPath": "l2/traveldreams/module.less",
      "versionRef": "1a8b4ce32728feeaa345c3e0b6859daf2ca13e66",
      "Length": 157,
      "update_at": "2025-08-15T21:03:25.000Z"
    },
    {
      "shortPath": "l2/traveldreams/module.test.ts",
      "versionRef": "ae68a878440cd09956d6a911d3c86224b30a52ed",
      "Length": 260,
      "update_at": "2025-08-15T21:03:25.000Z"
    },
    {
      "shortPath": "l2/traveldreams/module.ts",
      "versionRef": "2290fe98dbe75db5ec4b139711a342e979311bba",
      "Length": 21655,
      "update_at": "2025-08-15T21:03:25.000Z"
    },
    {
      "shortPath": "l2/traveldreams/organismFooter.defs.ts",
      "versionRef": "66e6fd5d0cfe4a4b0f8a52d6c035b66b2c2afcb3",
      "Length": 1247,
      "update_at": "2025-08-15T21:03:25.000Z"
    },
    {
      "shortPath": "l2/traveldreams/organismFooter.html",
      "versionRef": "94546ca1697e0f7647ab09a71a2a38bf273d76e5",
      "Length": 78,
      "update_at": "2025-08-15T21:03:25.000Z"
    },
    {
      "shortPath": "l2/traveldreams/organismFooter.less",
      "versionRef": "c557b33db1f9bea85bdc5da63275dfd2223700d3",
      "Length": 1670,
      "update_at": "2025-08-15T21:03:25.000Z"
    },
    {
      "shortPath": "l2/traveldreams/organismFooter.test.ts",
      "versionRef": "b2967a7270b6e28e725649bae46c471770b836ac",
      "Length": 268,
      "update_at": "2025-08-15T21:03:25.000Z"
    },
    {
      "shortPath": "l2/traveldreams/organismFooter.ts",
      "versionRef": "c6f66aaff18e4f3b8858b0314097421d1d3e9ed5",
      "Length": 2495,
      "update_at": "2025-08-15T21:03:25.000Z"
    },
    {
      "shortPath": "l2/traveldreams/organismHero.defs.ts",
      "versionRef": "2845a726b6bb4238c763f6f5675773feda77cb33",
      "Length": 1373,
      "update_at": "2025-08-15T21:03:25.000Z"
    },
    {
      "shortPath": "l2/traveldreams/organismHero.html",
      "versionRef": "25495199bc61e99bc2b1f8bc123755a28dbbf90b",
      "Length": 73,
      "update_at": "2025-08-15T21:03:25.000Z"
    },
    {
      "shortPath": "l2/traveldreams/organismHero.less",
      "versionRef": "2c11d9529fc7c8c1be66b8ad33debbd30a1126eb",
      "Length": 1977,
      "update_at": "2025-08-15T21:03:25.000Z"
    },
    {
      "shortPath": "l2/traveldreams/organismHero.test.ts",
      "versionRef": "73727fe462f6d5cffb2dcc2f127aeb4d7edc82c1",
      "Length": 266,
      "update_at": "2025-08-15T21:03:25.000Z"
    },
    {
      "shortPath": "l2/traveldreams/organismHero.ts",
      "versionRef": "1f9610f4f4c39965f9a0f557ba1e083795da51f4",
      "Length": 1210,
      "update_at": "2025-08-15T21:03:25.000Z"
    },
    {
      "shortPath": "l2/traveldreams/organismNav.defs.ts",
      "versionRef": "03ff359db78533bd78e6c2fd57e90e2235068e76",
      "Length": 1785,
      "update_at": "2025-08-15T21:03:25.000Z"
    },
    {
      "shortPath": "l2/traveldreams/organismNav.html",
      "versionRef": "51bdf74cd2e6450e944dd7be482ac9eb386e83bf",
      "Length": 71,
      "update_at": "2025-08-15T21:03:25.000Z"
    },
    {
      "shortPath": "l2/traveldreams/organismNav.less",
      "versionRef": "119bedc205122a01c52e88f4e6ca3f50be376244",
      "Length": 2341,
      "update_at": "2025-08-15T21:03:25.000Z"
    },
    {
      "shortPath": "l2/traveldreams/organismNav.test.ts",
      "versionRef": "2d202226efec18a7ef6fc190a6db76a12ca395bc",
      "Length": 265,
      "update_at": "2025-08-15T21:03:25.000Z"
    },
    {
      "shortPath": "l2/traveldreams/organismNav.ts",
      "versionRef": "8a00e1beb9c86e4d8d47b8280e358808ace23064",
      "Length": 1875,
      "update_at": "2025-08-15T21:03:25.000Z"
    },
    {
      "shortPath": "l2/traveldreams/organismPartners.defs.ts",
      "versionRef": "bfbef02879d18ce0ecf2079faf8902418d7630bd",
      "Length": 1172,
      "update_at": "2025-08-15T21:03:25.000Z"
    },
    {
      "shortPath": "l2/traveldreams/organismPartners.html",
      "versionRef": "216941b58619f124851b26f9502bd5f8e89897a6",
      "Length": 81,
      "update_at": "2025-08-15T21:03:25.000Z"
    },
    {
      "shortPath": "l2/traveldreams/organismPartners.less",
      "versionRef": "b73acc3e71cb444d0824111ce81910ddcaf380ff",
      "Length": 1276,
      "update_at": "2025-08-15T21:03:25.000Z"
    },
    {
      "shortPath": "l2/traveldreams/organismPartners.test.ts",
      "versionRef": "b56a4432ffdbcd2d83bf020a7122aa743ad81170",
      "Length": 270,
      "update_at": "2025-08-15T21:03:25.000Z"
    },
    {
      "shortPath": "l2/traveldreams/organismPartners.ts",
      "versionRef": "a8aec2dc48f67b59db8fcaba2e1614794e666491",
      "Length": 2577,
      "update_at": "2025-08-15T21:03:25.000Z"
    },
    {
      "shortPath": "l2/traveldreams/organismPromoSteps.defs.ts",
      "versionRef": "24bbdda7bc2b90cb4c0c775288162e185d927c01",
      "Length": 1238,
      "update_at": "2025-08-15T21:03:25.000Z"
    },
    {
      "shortPath": "l2/traveldreams/organismPromoSteps.html",
      "versionRef": "c7bdae7eacf0bfc3e9254ac71c71757bd116a569",
      "Length": 87,
      "update_at": "2025-08-15T21:03:25.000Z"
    },
    {
      "shortPath": "l2/traveldreams/organismPromoSteps.less",
      "versionRef": "bd8fe731e62de64eb32a4d311dd05963414615e7",
      "Length": 1792,
      "update_at": "2025-08-15T21:03:25.000Z"
    },
    {
      "shortPath": "l2/traveldreams/organismPromoSteps.test.ts",
      "versionRef": "72ce6939c37772f969f02cb25bae3497c8b996a8",
      "Length": 272,
      "update_at": "2025-08-15T21:03:25.000Z"
    },
    {
      "shortPath": "l2/traveldreams/organismPromoSteps.ts",
      "versionRef": "b3faab44d6e548b2f447bac6775aa77ce8990f84",
      "Length": 2096,
      "update_at": "2025-08-15T21:03:25.000Z"
    },
    {
      "shortPath": "l2/traveldreams/organismSubscribe.defs.ts",
      "versionRef": "56559930b381c2614626c84aa4b66a168e5f70ab",
      "Length": 1374,
      "update_at": "2025-08-15T21:03:25.000Z"
    },
    {
      "shortPath": "l2/traveldreams/organismSubscribe.html",
      "versionRef": "20c49ef2a3b6c9adad1eafbee653f0f3f34cc3b2",
      "Length": 83,
      "update_at": "2025-08-15T21:03:25.000Z"
    },
    {
      "shortPath": "l2/traveldreams/organismSubscribe.less",
      "versionRef": "1e57a9c246caa5076e55ed44a30fd5fed809d307",
      "Length": 1952,
      "update_at": "2025-08-15T21:03:25.000Z"
    },
    {
      "shortPath": "l2/traveldreams/organismSubscribe.test.ts",
      "versionRef": "a4b88d9a4dab33ff78f250d3a791ce82f096c4ec",
      "Length": 271,
      "update_at": "2025-08-15T21:03:25.000Z"
    },
    {
      "shortPath": "l2/traveldreams/organismSubscribe.ts",
      "versionRef": "46fe1bedb990e881b3201571010a23011fbce688",
      "Length": 1265,
      "update_at": "2025-08-15T21:03:25.000Z"
    },
    {
      "shortPath": "l2/traveldreams/organismTestimonials.defs.ts",
      "versionRef": "ba91fe31f9e1739b88b6cc5c61eedf9eddf4e69e",
      "Length": 1209,
      "update_at": "2025-08-15T21:03:25.000Z"
    },
    {
      "shortPath": "l2/traveldreams/organismTestimonials.html",
      "versionRef": "3cf2d02861f9d22b37286500e24f2ad32e0d3a64",
      "Length": 89,
      "update_at": "2025-08-15T21:03:25.000Z"
    },
    {
      "shortPath": "l2/traveldreams/organismTestimonials.less",
      "versionRef": "33c6be12ac4c7b46902ba55913610184c8d25599",
      "Length": 1759,
      "update_at": "2025-08-15T21:03:25.000Z"
    },
    {
      "shortPath": "l2/traveldreams/organismTestimonials.test.ts",
      "versionRef": "4efe135285b8d1ca102056dbdeb592c461709549",
      "Length": 274,
      "update_at": "2025-08-15T21:03:25.000Z"
    },
    {
      "shortPath": "l2/traveldreams/organismTestimonials.ts",
      "versionRef": "cef0c2966a0dc0a0e7b97abe257f341b6f98fdfe",
      "Length": 3400,
      "update_at": "2025-08-15T21:03:25.000Z"
    },
    {
      "shortPath": "l5/project.json",
      "versionRef": "1f1bd83da5b855b3059233e3e39ef0f841784c29",
      "Length": 357,
      "update_at": "2025-07-02T19:24:51.000Z"
    },
    {
      "shortPath": "l0/package.json",
      "versionRef": "a74873287289a3b43e8541b34372722a086e8a03",
      "Length": 470,
      "update_at": "2025-07-02T19:24:49.000Z"
    },
    {
      "shortPath": "l0/tsconfig.json",
      "versionRef": "6a95f6e8d8e3042af5f58de9c691a455a7221647",
      "Length": 1191,
      "update_at": "2025-07-02T19:24:50.000Z"
    }
  ]
}