{
  "lastModified": "2025-07-30T22:49:05.801Z",
  "files": [
    {
      "ShortPath": "l0/README.md",
      "versionRef": "2e1b14e8ed73119f964600f2fe185863d3fba359",
      "Length": 14,
      "update_at": "2025-07-02T19:24:46.000Z"
    },
    {
      "ShortPath": "l2/admin.defs.ts",
      "versionRef": "2c5d99009f91504f05feff98266b6705264867ad",
      "Length": 2170,
      "update_at": "2025-07-30T21:09:34.000Z"
    },
    {
      "ShortPath": "l2/admin.html",
      "versionRef": "76b9c8ee5614d262b52533618233deb3c68c7ebc",
      "Length": 774,
      "update_at": "2025-07-30T22:48:35.000Z"
    },
    {
      "ShortPath": "l2/admin.less",
      "versionRef": "ce8239f3e0ef8c97116c6319c58d645e023f9334",
      "Length": 987,
      "update_at": "2025-07-30T21:09:34.000Z"
    },
    {
      "ShortPath": "l2/admin.ts",
      "versionRef": "7850d53c833703a9600deb35271cda10703c95bb",
      "Length": 407,
      "update_at": "2025-07-30T21:09:34.000Z"
    },
    {
      "ShortPath": "l2/agendamento.defs.ts",
      "versionRef": "9c601a3956a32703892234ca61e6c00bff322773",
      "Length": 1992,
      "update_at": "2025-07-30T21:09:34.000Z"
    },
    {
      "ShortPath": "l2/agendamento.html",
      "versionRef": "9cdabb828fac8674ce8b0063811994831075eefa",
      "Length": 641,
      "update_at": "2025-07-30T22:48:35.000Z"
    },
    {
      "ShortPath": "l2/agendamento.less",
      "versionRef": "7c9245409b7d174f2ce751295ec44173e6b56588",
      "Length": 346,
      "update_at": "2025-07-30T21:09:34.000Z"
    },
    {
      "ShortPath": "l2/agendamento.ts",
      "versionRef": "558ccbbb02917a41a294d5a7f4e2422caa808cbb",
      "Length": 425,
      "update_at": "2025-07-30T21:09:34.000Z"
    },
    {
      "ShortPath": "l2/carrinho.defs.ts",
      "versionRef": "6ea79bbd7459bf8dda53125a6a0a2822722fb83a",
      "Length": 1867,
      "update_at": "2025-07-30T21:09:34.000Z"
    },
    {
      "ShortPath": "l2/carrinho.html",
      "versionRef": "0f8dbe161a12a6750fe648b92d75ab8e267815b1",
      "Length": 563,
      "update_at": "2025-07-30T22:48:35.000Z"
    },
    {
      "ShortPath": "l2/carrinho.less",
      "versionRef": "a24342d32172efc13e0b25745f29b697a367311b",
      "Length": 654,
      "update_at": "2025-07-30T21:09:34.000Z"
    },
    {
      "ShortPath": "l2/carrinho.ts",
      "versionRef": "99b2543c2c1e9ff2416f4885ff3733c3ec2428f4",
      "Length": 416,
      "update_at": "2025-07-30T21:09:34.000Z"
    },
    {
      "ShortPath": "l2/checkout.defs.ts",
      "versionRef": "040582692b51c9bc63fc016bde05d25578b073ff",
      "Length": 1995,
      "update_at": "2025-07-30T21:09:34.000Z"
    },
    {
      "ShortPath": "l2/checkout.html",
      "versionRef": "27045f2ad5b57c9a4b33cdf41f18fdc9da45c2bf",
      "Length": 714,
      "update_at": "2025-07-30T22:48:35.000Z"
    },
    {
      "ShortPath": "l2/checkout.less",
      "versionRef": "cafbfff1063aa9f6bb6f53001dc2f4f0cc27559a",
      "Length": 794,
      "update_at": "2025-07-30T21:09:34.000Z"
    },
    {
      "ShortPath": "l2/checkout.ts",
      "versionRef": "3161b857a3ead7f86cea9a00249c8acc423e21d7",
      "Length": 416,
      "update_at": "2025-07-30T21:09:34.000Z"
    },
    {
      "ShortPath": "l2/designSystem.html",
      "versionRef": "fffd2f95b3e2532a42ad4612a9e3cdddd1af06b4",
      "Length": 29,
      "update_at": "2025-07-09T20:24:51.000Z"
    },
    {
      "ShortPath": "l2/designSystem.less",
      "versionRef": "58a6e1b32b14ca601c97ac37f0c9b40497282f5e",
      "Length": 188,
      "update_at": "2025-07-09T20:24:51.000Z"
    },
    {
      "ShortPath": "l2/designSystem.ts",
      "versionRef": "4c147a9d4228fe4b8bc25c12356ffa0317dd7668",
      "Length": 8336,
      "update_at": "2025-07-24T19:27:08.000Z"
    },
    {
      "ShortPath": "l2/home.defs.ts",
      "versionRef": "ff8d546c9fe3301d76f089e244c6da78c650a09d",
      "Length": 2355,
      "update_at": "2025-07-30T21:09:34.000Z"
    },
    {
      "ShortPath": "l2/home.html",
      "versionRef": "88d1ed92eb6502e17282b08d216c39551187b5ab",
      "Length": 856,
      "update_at": "2025-07-30T22:48:35.000Z"
    },
    {
      "ShortPath": "l2/home.less",
      "versionRef": "6de38e8a8704c8331fce2716ce100efa9de4938f",
      "Length": 1810,
      "update_at": "2025-07-30T21:09:34.000Z"
    },
    {
      "ShortPath": "l2/home.ts",
      "versionRef": "2154b57b998d72734dba8d9e71a5e099fe6a4720",
      "Length": 404,
      "update_at": "2025-07-30T21:09:34.000Z"
    },
    {
      "ShortPath": "l2/loja.defs.ts",
      "versionRef": "9b7a427624190ffd0449732f27bb6623258e91cb",
      "Length": 1777,
      "update_at": "2025-07-30T21:09:34.000Z"
    },
    {
      "ShortPath": "l2/loja.html",
      "versionRef": "68716bc0c023c7bfa01f569595096bf19cc43186",
      "Length": 749,
      "update_at": "2025-07-30T22:48:35.000Z"
    },
    {
      "ShortPath": "l2/loja.less",
      "versionRef": "d55657734637085fd764b62f4341fab60d1a7157",
      "Length": 748,
      "update_at": "2025-07-30T21:09:34.000Z"
    },
    {
      "ShortPath": "l2/loja.ts",
      "versionRef": "74a3837f97920bafeba456b5e6382ae7cf46245d",
      "Length": 404,
      "update_at": "2025-07-30T21:09:34.000Z"
    },
    {
      "ShortPath": "l2/organismAddToCart.defs.ts",
      "versionRef": "e717d3a76261de793139efc2952a33cce5b01a0f",
      "Length": 1506,
      "update_at": "2025-07-30T21:09:34.000Z"
    },
    {
      "ShortPath": "l2/organismAddToCart.html",
      "versionRef": "ea6d38ff34f2e02381e433c1085f7868344f4c24",
      "Length": 59,
      "update_at": "2025-07-30T21:09:34.000Z"
    },
    {
      "ShortPath": "l2/organismAddToCart.less",
      "versionRef": "367444c324b792ea46708220fdb68caa5479ffde",
      "Length": 5444,
      "update_at": "2025-07-30T21:09:34.000Z"
    },
    {
      "ShortPath": "l2/organismAddToCart.ts",
      "versionRef": "3466d50e37861ca463a87a34d69efe5d4046fdae",
      "Length": 3216,
      "update_at": "2025-07-30T22:48:35.000Z"
    },
    {
      "ShortPath": "l2/organismAdminAppointments.defs.ts",
      "versionRef": "7b48344b22fe3f8372c85d3efa7bd7c12d0a09c7",
      "Length": 1522,
      "update_at": "2025-07-30T21:09:34.000Z"
    },
    {
      "ShortPath": "l2/organismAdminAppointments.html",
      "versionRef": "46e6c093000fca426f7314103948462b730da68d",
      "Length": 73,
      "update_at": "2025-07-30T21:09:34.000Z"
    },
    {
      "ShortPath": "l2/organismAdminAppointments.less",
      "versionRef": "b0eab4539250b34e4c00e6805aa2fdbffb1664f9",
      "Length": 4133,
      "update_at": "2025-07-30T21:09:34.000Z"
    },
    {
      "ShortPath": "l2/organismAdminAppointments.ts",
      "versionRef": "4cb83114a09b334a6aa6dc641c3f7f499d1e58b5",
      "Length": 3204,
      "update_at": "2025-07-30T22:48:35.000Z"
    },
    {
      "ShortPath": "l2/organismAdminCustomers.defs.ts",
      "versionRef": "3566d3662bb0b305f3a6bf0d1004ec38dc4e4114",
      "Length": 1516,
      "update_at": "2025-07-30T21:09:34.000Z"
    },
    {
      "ShortPath": "l2/organismAdminCustomers.html",
      "versionRef": "592ebf5aa19b8c328c76f385b5d44a5885045b7b",
      "Length": 67,
      "update_at": "2025-07-30T21:09:34.000Z"
    },
    {
      "ShortPath": "l2/organismAdminCustomers.less",
      "versionRef": "de335e754090e1ba5ece748b424dce9637525530",
      "Length": 4776,
      "update_at": "2025-07-30T21:09:34.000Z"
    },
    {
      "ShortPath": "l2/organismAdminCustomers.ts",
      "versionRef": "11638d55c72808f9a36b7e7289f0a41720ddcc73",
      "Length": 3974,
      "update_at": "2025-07-30T22:48:35.000Z"
    },
    {
      "ShortPath": "l2/organismAdminNav.defs.ts",
      "versionRef": "e37ded6b91f09885e3043e13021a11a8929084bb",
      "Length": 1504,
      "update_at": "2025-07-30T21:09:34.000Z"
    },
    {
      "ShortPath": "l2/organismAdminNav.html",
      "versionRef": "327487d14080da4f450dbb25bb1f99dd4ce2c7a9",
      "Length": 55,
      "update_at": "2025-07-30T21:09:34.000Z"
    },
    {
      "ShortPath": "l2/organismAdminNav.less",
      "versionRef": "a349826c16b9141c70e0abb799850228dfefc961",
      "Length": 1242,
      "update_at": "2025-07-30T21:09:34.000Z"
    },
    {
      "ShortPath": "l2/organismAdminNav.ts",
      "versionRef": "6c81abb3f4b6a700293dafaddf5c7ec2c0dfb121",
      "Length": 1083,
      "update_at": "2025-07-30T22:48:35.000Z"
    },
    {
      "ShortPath": "l2/organismAdminProducts.defs.ts",
      "versionRef": "7de363d41e2923acf050ab4ff05cf5faa03bf3e8",
      "Length": 1514,
      "update_at": "2025-07-30T21:09:34.000Z"
    },
    {
      "ShortPath": "l2/organismAdminProducts.html",
      "versionRef": "e22ecb85f6a6f2502d9773136a9c86144b2b3b09",
      "Length": 65,
      "update_at": "2025-07-30T21:09:34.000Z"
    },
    {
      "ShortPath": "l2/organismAdminProducts.less",
      "versionRef": "4f0fd48423b8185abc5e1e589a8ef679db31b396",
      "Length": 3174,
      "update_at": "2025-07-30T21:09:34.000Z"
    },
    {
      "ShortPath": "l2/organismAdminProducts.ts",
      "versionRef": "772a03b5e3b91f453a496858c1d3f2b03ea72c10",
      "Length": 3790,
      "update_at": "2025-07-30T22:48:35.000Z"
    },
    {
      "ShortPath": "l2/organismAdminServices.defs.ts",
      "versionRef": "e182c22ac4abf58fd84c42eab9292efc8b372dd5",
      "Length": 1514,
      "update_at": "2025-07-30T21:09:34.000Z"
    },
    {
      "ShortPath": "l2/organismAdminServices.html",
      "versionRef": "6e55c7f75317c3b0b2393a9d8a76a64b650c6563",
      "Length": 65,
      "update_at": "2025-07-30T21:09:34.000Z"
    },
    {
      "ShortPath": "l2/organismAdminServices.less",
      "versionRef": "13eb021d3ebdcab6be2cca0152b6659c9ef8039e",
      "Length": 3226,
      "update_at": "2025-07-30T21:09:34.000Z"
    },
    {
      "ShortPath": "l2/organismAdminServices.ts",
      "versionRef": "ac61cd399d197f91c487fdab53660429ccd205ba",
      "Length": 3524,
      "update_at": "2025-07-30T22:48:35.000Z"
    },
    {
      "ShortPath": "l2/organismAdminSidebar.defs.ts",
      "versionRef": "eee43cd75242ab0c4c02989b5efd3adafeaa348a",
      "Length": 1512,
      "update_at": "2025-07-30T21:09:34.000Z"
    },
    {
      "ShortPath": "l2/organismAdminSidebar.html",
      "versionRef": "932cc60a9d8344e07171f17312fcf289f0ee4cba",
      "Length": 63,
      "update_at": "2025-07-30T21:09:34.000Z"
    },
    {
      "ShortPath": "l2/organismAdminSidebar.less",
      "versionRef": "e102a38eda3502a5618b9203fe710dc18fcdfcca",
      "Length": 1162,
      "update_at": "2025-07-30T21:09:34.000Z"
    },
    {
      "ShortPath": "l2/organismAdminSidebar.ts",
      "versionRef": "0ff642e315101af5c0c2694c02e5593161b3c012",
      "Length": 2134,
      "update_at": "2025-07-30T22:48:35.000Z"
    },
    {
      "ShortPath": "l2/organismAppointmentConfirmation.defs.ts",
      "versionRef": "98655e2fe6964f0fa8ef6a3b3bc129781ce49eb1",
      "Length": 1534,
      "update_at": "2025-07-30T21:09:34.000Z"
    },
    {
      "ShortPath": "l2/organismAppointmentConfirmation.html",
      "versionRef": "98fe6725e68e55604b6ad4beb883b3f34c2dce77",
      "Length": 85,
      "update_at": "2025-07-30T21:09:34.000Z"
    },
    {
      "ShortPath": "l2/organismAppointmentConfirmation.less",
      "versionRef": "fd33e1c9eedb32b521eaa1b0169cf4562bd7eebf",
      "Length": 3815,
      "update_at": "2025-07-30T21:09:34.000Z"
    },
    {
      "ShortPath": "l2/organismAppointmentConfirmation.ts",
      "versionRef": "b306c05071e07b1d70adfe98b1196d35a612513a",
      "Length": 2886,
      "update_at": "2025-07-30T22:48:35.000Z"
    },
    {
      "ShortPath": "l2/organismAppointmentForm.defs.ts",
      "versionRef": "7b29ebbdc04fb20d8359a8ae6987a4e09e0487b2",
      "Length": 1518,
      "update_at": "2025-07-30T21:09:34.000Z"
    },
    {
      "ShortPath": "l2/organismAppointmentForm.html",
      "versionRef": "704b7e287fa0fe1135d1ea0ec8adc9e5a7fcd2c6",
      "Length": 69,
      "update_at": "2025-07-30T21:09:34.000Z"
    },
    {
      "ShortPath": "l2/organismAppointmentForm.less",
      "versionRef": "573fe808385a71a488ffba3be5f37a8a053af433",
      "Length": 4552,
      "update_at": "2025-07-30T21:09:34.000Z"
    },
    {
      "ShortPath": "l2/organismAppointmentForm.ts",
      "versionRef": "59da9c7252b0c7b9c548b2cf616a8aee18d6e1e8",
      "Length": 6187,
      "update_at": "2025-07-30T22:48:35.000Z"
    },
    {
      "ShortPath": "l2/organismAppointmentsHistory.defs.ts",
      "versionRef": "5b61d6c92e939ef62d3fc1ef6a475fbe9d61ca17",
      "Length": 1526,
      "update_at": "2025-07-30T21:09:34.000Z"
    },
    {
      "ShortPath": "l2/organismAppointmentsHistory.html",
      "versionRef": "f24d7fb0f6b531dc62f0d0823c6ea1392733d644",
      "Length": 77,
      "update_at": "2025-07-30T21:09:34.000Z"
    },
    {
      "ShortPath": "l2/organismAppointmentsHistory.less",
      "versionRef": "0876d1f9ad00b9838af7797631019be016f2a514",
      "Length": 3426,
      "update_at": "2025-07-30T21:09:34.000Z"
    },
    {
      "ShortPath": "l2/organismAppointmentsHistory.ts",
      "versionRef": "8d4d06a5707a15ed0a8663ad1b6fcf48be84f78c",
      "Length": 3842,
      "update_at": "2025-07-30T22:48:35.000Z"
    },
    {
      "ShortPath": "l2/organismBanner.defs.ts",
      "versionRef": "f33d8f5148e37e322bc61d93f800b812191dac78",
      "Length": 1500,
      "update_at": "2025-07-30T21:09:34.000Z"
    },
    {
      "ShortPath": "l2/organismBanner.html",
      "versionRef": "f25a9330d42d60e9222d1fdc0a2bd4502bb35779",
      "Length": 49,
      "update_at": "2025-07-30T21:09:34.000Z"
    },
    {
      "ShortPath": "l2/organismBanner.less",
      "versionRef": "8445bc193603855ae33f52d80612ba7bf5d4f7b4",
      "Length": 1330,
      "update_at": "2025-07-30T21:09:34.000Z"
    },
    {
      "ShortPath": "l2/organismBanner.ts",
      "versionRef": "87c87d56ff390107e8e38345464faaeb1b099a3e",
      "Length": 1430,
      "update_at": "2025-07-30T22:48:35.000Z"
    },
    {
      "ShortPath": "l2/organismBusinessHours.defs.ts",
      "versionRef": "5d283a2b6c255a8ec0f8967193f7d58636fb0151",
      "Length": 1514,
      "update_at": "2025-07-30T21:09:34.000Z"
    },
    {
      "ShortPath": "l2/organismBusinessHours.html",
      "versionRef": "a7630224aa09a23176c72ebbcad01c381a9affc1",
      "Length": 65,
      "update_at": "2025-07-30T21:09:34.000Z"
    },
    {
      "ShortPath": "l2/organismBusinessHours.less",
      "versionRef": "06147c7c9278983263d66ed1a47fb6ac8c6adff3",
      "Length": 1493,
      "update_at": "2025-07-30T21:09:34.000Z"
    },
    {
      "ShortPath": "l2/organismBusinessHours.ts",
      "versionRef": "3ac68188b17ea5972a3cbfd82ef8786d0ba17893",
      "Length": 2940,
      "update_at": "2025-07-30T22:48:35.000Z"
    },
    {
      "ShortPath": "l2/organismCartActions.defs.ts",
      "versionRef": "3bca4153bc96a48e39b686c00d6dafd34ac51d64",
      "Length": 1510,
      "update_at": "2025-07-30T21:09:34.000Z"
    },
    {
      "ShortPath": "l2/organismCartActions.html",
      "versionRef": "fbe8d1b3c0853e53c2020866dfc397a34a763729",
      "Length": 61,
      "update_at": "2025-07-30T21:09:34.000Z"
    },
    {
      "ShortPath": "l2/organismCartActions.less",
      "versionRef": "80b3ec277c9e3c1dc388f3b23b971f276b52d931",
      "Length": 2985,
      "update_at": "2025-07-30T21:09:34.000Z"
    },
    {
      "ShortPath": "l2/organismCartActions.ts",
      "versionRef": "1f1f42d411af30a891b8e5546e855ddd8de2d41e",
      "Length": 3225,
      "update_at": "2025-07-30T22:48:35.000Z"
    },
    {
      "ShortPath": "l2/organismCartList.defs.ts",
      "versionRef": "a9b83bb778297cbf2647085cd5c84d03c6c47ef7",
      "Length": 1504,
      "update_at": "2025-07-30T21:09:34.000Z"
    },
    {
      "ShortPath": "l2/organismCartList.html",
      "versionRef": "bad584e859f2ef4e487a39ee93f553b96d3c57d2",
      "Length": 55,
      "update_at": "2025-07-30T21:09:34.000Z"
    },
    {
      "ShortPath": "l2/organismCartList.less",
      "versionRef": "5cf917d044bb6ebb68258675b193f14c5e7d374a",
      "Length": 4051,
      "update_at": "2025-07-30T21:09:34.000Z"
    },
    {
      "ShortPath": "l2/organismCartList.ts",
      "versionRef": "8f80e0bde0bd4911b46c13dedad044517f858c49",
      "Length": 4878,
      "update_at": "2025-07-30T22:48:35.000Z"
    },
    {
      "ShortPath": "l2/organismCartSummary.defs.ts",
      "versionRef": "91b93ddeeee71be99f099634a5584ef49f2fc90c",
      "Length": 1510,
      "update_at": "2025-07-30T21:09:34.000Z"
    },
    {
      "ShortPath": "l2/organismCartSummary.html",
      "versionRef": "bc2c022804785c6c141c33834180c426cd524f98",
      "Length": 61,
      "update_at": "2025-07-30T21:09:34.000Z"
    },
    {
      "ShortPath": "l2/organismCartSummary.less",
      "versionRef": "acc20cb7e400950958505c83a7bcc2e83ea027fd",
      "Length": 3495,
      "update_at": "2025-07-30T21:09:34.000Z"
    },
    {
      "ShortPath": "l2/organismCartSummary.ts",
      "versionRef": "1b6f948f84dc870cd30adb0f2dfdac8176c22aab",
      "Length": 2521,
      "update_at": "2025-07-30T22:48:35.000Z"
    },
    {
      "ShortPath": "l2/organismCategoryFilter.defs.ts",
      "versionRef": "49f0e7e4d94735e5701368432886b967167dcc2b",
      "Length": 1516,
      "update_at": "2025-07-30T21:09:34.000Z"
    },
    {
      "ShortPath": "l2/organismCategoryFilter.html",
      "versionRef": "7769258796bffcf1b0a8baef700617e0f28a3205",
      "Length": 67,
      "update_at": "2025-07-30T21:09:34.000Z"
    },
    {
      "ShortPath": "l2/organismCategoryFilter.less",
      "versionRef": "fe671c6e34690a550b6a4ef721e1e767bb965c29",
      "Length": 2186,
      "update_at": "2025-07-30T21:09:34.000Z"
    },
    {
      "ShortPath": "l2/organismCategoryFilter.ts",
      "versionRef": "53c201b4623a27b9b40f5ef7fecb434654acfa27",
      "Length": 1625,
      "update_at": "2025-07-30T22:48:35.000Z"
    },
    {
      "ShortPath": "l2/organismCheckoutConfirmation.defs.ts",
      "versionRef": "70b1e8384dcf1c789249c28ea286b5537f809e29",
      "Length": 1528,
      "update_at": "2025-07-30T21:09:34.000Z"
    },
    {
      "ShortPath": "l2/organismCheckoutConfirmation.html",
      "versionRef": "abd5ff97c73eae49d28d2ece1fefe3388aba7200",
      "Length": 79,
      "update_at": "2025-07-30T21:09:34.000Z"
    },
    {
      "ShortPath": "l2/organismCheckoutConfirmation.less",
      "versionRef": "7619ca4553360527ec677716589d775bf24f9916",
      "Length": 5036,
      "update_at": "2025-07-30T21:09:34.000Z"
    },
    {
      "ShortPath": "l2/organismCheckoutConfirmation.ts",
      "versionRef": "5cf3abc3dd1a9b5ff49a8bdd55dca6013f9ad999",
      "Length": 2732,
      "update_at": "2025-07-30T22:48:35.000Z"
    },
    {
      "ShortPath": "l2/organismCheckoutForm.defs.ts",
      "versionRef": "347221419da5915b01bc987817430224d6de1bcd",
      "Length": 1512,
      "update_at": "2025-07-30T21:09:34.000Z"
    },
    {
      "ShortPath": "l2/organismCheckoutForm.html",
      "versionRef": "e3b3725f94e02ac33dbf78ca0094d0ee245c7688",
      "Length": 63,
      "update_at": "2025-07-30T21:09:34.000Z"
    },
    {
      "ShortPath": "l2/organismCheckoutForm.less",
      "versionRef": "322fb570e45c1ec5c6891cb296c3c2cb30f09b87",
      "Length": 1784,
      "update_at": "2025-07-30T21:09:34.000Z"
    },
    {
      "ShortPath": "l2/organismCheckoutForm.ts",
      "versionRef": "7b52519cd2a849bf6d716301211f4e5e53036a04",
      "Length": 3249,
      "update_at": "2025-07-30T22:48:35.000Z"
    },
    {
      "ShortPath": "l2/organismFooterInfo.defs.ts",
      "versionRef": "b48b40bb016fdb5ed6910eb5d732bcc30e698e07",
      "Length": 1508,
      "update_at": "2025-07-30T21:09:34.000Z"
    },
    {
      "ShortPath": "l2/organismFooterInfo.html",
      "versionRef": "b9d0429421e2f726c3c3240ca383295905a8f92f",
      "Length": 59,
      "update_at": "2025-07-30T21:09:34.000Z"
    },
    {
      "ShortPath": "l2/organismFooterInfo.less",
      "versionRef": "abf756346297cef47d3df5b1a89e32e4414868b4",
      "Length": 2033,
      "update_at": "2025-07-30T21:09:34.000Z"
    },
    {
      "ShortPath": "l2/organismFooterInfo.ts",
      "versionRef": "217df0611b9f7b02dc0fbf1751c99c1cd1065e54",
      "Length": 3871,
      "update_at": "2025-07-30T22:48:35.000Z"
    },
    {
      "ShortPath": "l2/organismNav.defs.ts",
      "versionRef": "9512670e65646f1e0997ad7984ffd6760834f4fb",
      "Length": 1494,
      "update_at": "2025-07-30T21:09:34.000Z"
    },
    {
      "ShortPath": "l2/organismNav.html",
      "versionRef": "50f481e8b8ce8bf277d668322a7c9d254d75c5a3",
      "Length": 43,
      "update_at": "2025-07-30T21:09:34.000Z"
    },
    {
      "ShortPath": "l2/organismNav.less",
      "versionRef": "e12bf77ae415629c32aeb996d7d18ce823f8eb83",
      "Length": 1804,
      "update_at": "2025-07-30T21:09:34.000Z"
    },
    {
      "ShortPath": "l2/organismNav.ts",
      "versionRef": "abf2e5c9d9252acf5b809b6cb0e08bcfa16f3ac3",
      "Length": 1733,
      "update_at": "2025-07-30T22:48:35.000Z"
    },
    {
      "ShortPath": "l2/organismOrderSummary.defs.ts",
      "versionRef": "b48bf58d1c9d68879daa27fc76a844710a1be50f",
      "Length": 1512,
      "update_at": "2025-07-30T21:09:34.000Z"
    },
    {
      "ShortPath": "l2/organismOrderSummary.html",
      "versionRef": "11a4d56ebb5928175721baf56328efcb5d00598c",
      "Length": 63,
      "update_at": "2025-07-30T21:09:34.000Z"
    },
    {
      "ShortPath": "l2/organismOrderSummary.less",
      "versionRef": "c8af593e57c295a58c6074da4f3c1ae01f42721c",
      "Length": 2870,
      "update_at": "2025-07-30T21:09:34.000Z"
    },
    {
      "ShortPath": "l2/organismOrderSummary.ts",
      "versionRef": "1949755b32e3e11f992f3160640c2b2942c3b5b3",
      "Length": 2986,
      "update_at": "2025-07-30T22:48:35.000Z"
    },
    {
      "ShortPath": "l2/organismOrdersHistory.defs.ts",
      "versionRef": "02a98711f95b2889a02751d08053fba4024bd6b5",
      "Length": 1514,
      "update_at": "2025-07-30T21:09:34.000Z"
    },
    {
      "ShortPath": "l2/organismOrdersHistory.html",
      "versionRef": "b5c2a0f247398c2efc83e24dfd2f2fe4c0e977ae",
      "Length": 65,
      "update_at": "2025-07-30T21:09:34.000Z"
    },
    {
      "ShortPath": "l2/organismOrdersHistory.less",
      "versionRef": "69b10665cf5b7bdd2762e4a04d478f6412cd48dd",
      "Length": 5283,
      "update_at": "2025-07-30T21:09:34.000Z"
    },
    {
      "ShortPath": "l2/organismOrdersHistory.ts",
      "versionRef": "c41d110f7cd5a90e13a577a3c8b29faf8eff5105",
      "Length": 5416,
      "update_at": "2025-07-30T22:48:35.000Z"
    },
    {
      "ShortPath": "l2/organismPaymentMethods.defs.ts",
      "versionRef": "a68a366e370d3ac7280ca611ca2aeb42fa352ef5",
      "Length": 1516,
      "update_at": "2025-07-30T21:09:34.000Z"
    },
    {
      "ShortPath": "l2/organismPaymentMethods.html",
      "versionRef": "f378f73bd72504b86796ae32292aba6967ee03d4",
      "Length": 67,
      "update_at": "2025-07-30T21:09:34.000Z"
    },
    {
      "ShortPath": "l2/organismPaymentMethods.less",
      "versionRef": "1ab3f6e0fdbcf8c7688cac10b5b187102d3d9f3b",
      "Length": 3217,
      "update_at": "2025-07-30T21:09:34.000Z"
    },
    {
      "ShortPath": "l2/organismPaymentMethods.ts",
      "versionRef": "a33515464d6323dca7983868f5196b17df719d4e",
      "Length": 4416,
      "update_at": "2025-07-30T22:48:35.000Z"
    },
    {
      "ShortPath": "l2/organismPetProfiles.defs.ts",
      "versionRef": "e1988f5c428f14014d88dcc6dc2e59aba3fe05d8",
      "Length": 1510,
      "update_at": "2025-07-30T21:09:34.000Z"
    },
    {
      "ShortPath": "l2/organismPetProfiles.html",
      "versionRef": "708769b422a02b2bf5b3b4bbdbaaa8cbd43da1ff",
      "Length": 61,
      "update_at": "2025-07-30T21:09:34.000Z"
    },
    {
      "ShortPath": "l2/organismPetProfiles.less",
      "versionRef": "456587b37c97cc3d595f92bbf434afb5a49d80a4",
      "Length": 3478,
      "update_at": "2025-07-30T21:09:34.000Z"
    },
    {
      "ShortPath": "l2/organismPetProfiles.ts",
      "versionRef": "e59c5b332238ba0ee936f1acd88948b3586570d0",
      "Length": 3031,
      "update_at": "2025-07-30T22:48:35.000Z"
    },
    {
      "ShortPath": "l2/organismPetSelector.defs.ts",
      "versionRef": "db4986758c73ac75c0c5b39a1552a45bb48e20f7",
      "Length": 1510,
      "update_at": "2025-07-30T21:09:34.000Z"
    },
    {
      "ShortPath": "l2/organismPetSelector.html",
      "versionRef": "8ab8f034c46741e4cd50d153719e0ace9c98dc8b",
      "Length": 61,
      "update_at": "2025-07-30T21:09:34.000Z"
    },
    {
      "ShortPath": "l2/organismPetSelector.less",
      "versionRef": "a0f8309bd29cba07ce7c4d81843c847c4c2b7329",
      "Length": 5735,
      "update_at": "2025-07-30T21:09:34.000Z"
    },
    {
      "ShortPath": "l2/organismPetSelector.ts",
      "versionRef": "88e78410ed07767bece28d39be4dac90019fc21c",
      "Length": 4353,
      "update_at": "2025-07-30T22:48:35.000Z"
    },
    {
      "ShortPath": "l2/organismProductDetails.defs.ts",
      "versionRef": "85e4d986b5f650037a0a8c8580389c7ccc20819a",
      "Length": 1516,
      "update_at": "2025-07-30T21:09:34.000Z"
    },
    {
      "ShortPath": "l2/organismProductDetails.html",
      "versionRef": "7486d4b63a7e9d5b7a57047113e28b7b82e7b070",
      "Length": 67,
      "update_at": "2025-07-30T21:09:34.000Z"
    },
    {
      "ShortPath": "l2/organismProductDetails.less",
      "versionRef": "7845d54661532fa8ef353bbc8633c71c408a4c22",
      "Length": 4709,
      "update_at": "2025-07-30T21:09:34.000Z"
    },
    {
      "ShortPath": "l2/organismProductDetails.ts",
      "versionRef": "d855c349b31e3e39a4fc041b6b300ffc157893a8",
      "Length": 5403,
      "update_at": "2025-07-30T22:48:35.000Z"
    },
    {
      "ShortPath": "l2/organismProductList.defs.ts",
      "versionRef": "c8e31c323d5cf0becf145aee10fdb3ae95cc378e",
      "Length": 1510,
      "update_at": "2025-07-30T21:09:34.000Z"
    },
    {
      "ShortPath": "l2/organismProductList.html",
      "versionRef": "19b5e593b46cbd6d5b55d63544fa0164bb4c36b3",
      "Length": 61,
      "update_at": "2025-07-30T21:09:34.000Z"
    },
    {
      "ShortPath": "l2/organismProductList.less",
      "versionRef": "5211a43565df85dfa5439053c1e3713b428dce79",
      "Length": 3789,
      "update_at": "2025-07-30T21:09:34.000Z"
    },
    {
      "ShortPath": "l2/organismProductList.ts",
      "versionRef": "f071de3dd202a0ab6f1874c393bf05cc2db7a742",
      "Length": 6588,
      "update_at": "2025-07-30T22:48:35.000Z"
    },
    {
      "ShortPath": "l2/organismProductSearch.defs.ts",
      "versionRef": "a286393608896097c0765ae367d308d12b843345",
      "Length": 1514,
      "update_at": "2025-07-30T21:09:34.000Z"
    },
    {
      "ShortPath": "l2/organismProductSearch.html",
      "versionRef": "df30a78b36239b91c971c20dcd73f2b2db3c94a3",
      "Length": 65,
      "update_at": "2025-07-30T21:09:34.000Z"
    },
    {
      "ShortPath": "l2/organismProductSearch.less",
      "versionRef": "959e069f89af08951bdfb3dedc5ec84f6eeb58dd",
      "Length": 1664,
      "update_at": "2025-07-30T21:09:34.000Z"
    },
    {
      "ShortPath": "l2/organismProductSearch.ts",
      "versionRef": "f2adea2df7e3fab44bbf3abea7c68a7e9e4eab00",
      "Length": 1403,
      "update_at": "2025-07-30T22:48:35.000Z"
    },
    {
      "ShortPath": "l2/organismProductsHighlight.defs.ts",
      "versionRef": "b2c415be2f872b43b3d7e99b3c1874da557c7147",
      "Length": 1522,
      "update_at": "2025-07-30T21:09:34.000Z"
    },
    {
      "ShortPath": "l2/organismProductsHighlight.html",
      "versionRef": "a6b23cc7efef3136f4e6002864381c0d106d8694",
      "Length": 73,
      "update_at": "2025-07-30T21:09:34.000Z"
    },
    {
      "ShortPath": "l2/organismProductsHighlight.less",
      "versionRef": "950def531b2120a4535d128ec4c684ea2a78b08d",
      "Length": 1613,
      "update_at": "2025-07-30T21:09:34.000Z"
    },
    {
      "ShortPath": "l2/organismProductsHighlight.ts",
      "versionRef": "7f644b63a4dee96e48f9564858c65878ff222a29",
      "Length": 4222,
      "update_at": "2025-07-30T22:48:35.000Z"
    },
    {
      "ShortPath": "l2/organismQuickAccess.defs.ts",
      "versionRef": "58dacddcc4079a90bee6b3d623bb42e2b9a4cfd5",
      "Length": 1510,
      "update_at": "2025-07-30T21:09:34.000Z"
    },
    {
      "ShortPath": "l2/organismQuickAccess.html",
      "versionRef": "b2d46333cd14970ab6f4e7da6604b0111d7519f5",
      "Length": 61,
      "update_at": "2025-07-30T21:09:34.000Z"
    },
    {
      "ShortPath": "l2/organismQuickAccess.less",
      "versionRef": "461604723911423ac51a54b3b193b76c8181631d",
      "Length": 1294,
      "update_at": "2025-07-30T21:09:34.000Z"
    },
    {
      "ShortPath": "l2/organismQuickAccess.ts",
      "versionRef": "0cc67fd3a3a78382781912d47e7582822338b2da",
      "Length": 2338,
      "update_at": "2025-07-30T22:48:35.000Z"
    },
    {
      "ShortPath": "l2/organismServiceDetails.defs.ts",
      "versionRef": "85ee3d6eb0fce3951fd7cc0fc385c32fa0ee3676",
      "Length": 1516,
      "update_at": "2025-07-30T21:09:34.000Z"
    },
    {
      "ShortPath": "l2/organismServiceDetails.html",
      "versionRef": "a37bb34730d8fda9e71a71e3ace5158f846c3f6a",
      "Length": 67,
      "update_at": "2025-07-30T21:09:34.000Z"
    },
    {
      "ShortPath": "l2/organismServiceDetails.less",
      "versionRef": "7a95843f2a605a0ec096d1dffb2fe820e3204e46",
      "Length": 4235,
      "update_at": "2025-07-30T21:09:34.000Z"
    },
    {
      "ShortPath": "l2/organismServiceDetails.ts",
      "versionRef": "f723bfd8c3f9abddc2a4ec043c867f608daf2c55",
      "Length": 2234,
      "update_at": "2025-07-30T22:48:35.000Z"
    },
    {
      "ShortPath": "l2/organismServicesHighlight.defs.ts",
      "versionRef": "1f6ecf8966d64122654127cf965a2b771b6ad4eb",
      "Length": 1522,
      "update_at": "2025-07-30T21:09:34.000Z"
    },
    {
      "ShortPath": "l2/organismServicesHighlight.html",
      "versionRef": "0a330ab13f9717091d1ba4c118ec60ff2ff341b6",
      "Length": 73,
      "update_at": "2025-07-30T21:09:34.000Z"
    },
    {
      "ShortPath": "l2/organismServicesHighlight.less",
      "versionRef": "fd5c64ab508b56a2eb1679a30d8beb75da7cd6fd",
      "Length": 1191,
      "update_at": "2025-07-30T21:09:34.000Z"
    },
    {
      "ShortPath": "l2/organismServicesHighlight.ts",
      "versionRef": "62aea84843105e329db518e15c4dff478783f280",
      "Length": 3728,
      "update_at": "2025-07-30T22:48:35.000Z"
    },
    {
      "ShortPath": "l2/organismServicesList.defs.ts",
      "versionRef": "e870d1a09b9d82975e30f36938a2f74d6da41e4d",
      "Length": 1512,
      "update_at": "2025-07-30T21:09:34.000Z"
    },
    {
      "ShortPath": "l2/organismServicesList.html",
      "versionRef": "a8e6cd76bd9a2698d9bc1611f3af967a87728592",
      "Length": 63,
      "update_at": "2025-07-30T21:09:34.000Z"
    },
    {
      "ShortPath": "l2/organismServicesList.less",
      "versionRef": "6b8eadd7c7f77720891e12bcbb551c5e3208fda7",
      "Length": 2726,
      "update_at": "2025-07-30T21:09:34.000Z"
    },
    {
      "ShortPath": "l2/organismServicesList.ts",
      "versionRef": "7527b4f915d82661f858f58de1bb8c8b6bd3bd73",
      "Length": 4490,
      "update_at": "2025-07-30T22:48:35.000Z"
    },
    {
      "ShortPath": "l2/organismTestimonials.defs.ts",
      "versionRef": "c83ef3b1d29b9ce9c451d055dde31dd01f45523e",
      "Length": 1512,
      "update_at": "2025-07-30T21:09:34.000Z"
    },
    {
      "ShortPath": "l2/organismTestimonials.html",
      "versionRef": "74aca2a61ee85efcebc461b9f5e3abec9f8cb0db",
      "Length": 61,
      "update_at": "2025-07-30T21:09:34.000Z"
    },
    {
      "ShortPath": "l2/organismTestimonials.less",
      "versionRef": "04b4bcf06be47413bb700a6effaeb687d2960235",
      "Length": 1442,
      "update_at": "2025-07-30T21:09:34.000Z"
    },
    {
      "ShortPath": "l2/organismTestimonials.ts",
      "versionRef": "2c931d3e7171a637a3c831aaca21ae1ed2e35884",
      "Length": 3710,
      "update_at": "2025-07-30T22:48:35.000Z"
    },
    {
      "ShortPath": "l2/organismUserProfile.defs.ts",
      "versionRef": "413e09067877fd4e2339ecc3e0535d59e5459da2",
      "Length": 1510,
      "update_at": "2025-07-30T21:09:34.000Z"
    },
    {
      "ShortPath": "l2/organismUserProfile.html",
      "versionRef": "eb2184aa2a516a8dfdd194056844bec96b6dca5a",
      "Length": 61,
      "update_at": "2025-07-30T21:09:34.000Z"
    },
    {
      "ShortPath": "l2/organismUserProfile.less",
      "versionRef": "7238eb10b1913b3a80b39e4c79779d221595ee2d",
      "Length": 4043,
      "update_at": "2025-07-30T21:09:34.000Z"
    },
    {
      "ShortPath": "l2/organismUserProfile.ts",
      "versionRef": "ddfe50794213f91da33febd181ce7b0dffe1ce94",
      "Length": 4148,
      "update_at": "2025-07-30T22:48:35.000Z"
    },
    {
      "ShortPath": "l2/perfil.defs.ts",
      "versionRef": "2dfbe224878354634cdecf3b09cb5459359418d2",
      "Length": 2048,
      "update_at": "2025-07-30T21:09:34.000Z"
    },
    {
      "ShortPath": "l2/perfil.html",
      "versionRef": "1031421114df042293ffa8f923ddcab65a2f4033",
      "Length": 686,
      "update_at": "2025-07-30T22:48:35.000Z"
    },
    {
      "ShortPath": "l2/perfil.less",
      "versionRef": "17a89e18e2c2c6aaca5808e7c51cb015ef638c3f",
      "Length": 503,
      "update_at": "2025-07-30T21:09:34.000Z"
    },
    {
      "ShortPath": "l2/perfil.ts",
      "versionRef": "a98752c1f0e26f37d8e41010bb646bbad2f81e5d",
      "Length": 410,
      "update_at": "2025-07-30T21:09:34.000Z"
    },
    {
      "ShortPath": "l2/produto.defs.ts",
      "versionRef": "79f3fdc60e0e66c1cbeda012e8c98c7b75b4b782",
      "Length": 1648,
      "update_at": "2025-07-30T21:09:34.000Z"
    },
    {
      "ShortPath": "l2/produto.html",
      "versionRef": "c1b2acc5693b8d4e3ede74c1e932b14f06e18b8b",
      "Length": 472,
      "update_at": "2025-07-30T22:48:35.000Z"
    },
    {
      "ShortPath": "l2/produto.less",
      "versionRef": "9086d56a029c006d22ff9aa14b3c78508557d886",
      "Length": 542,
      "update_at": "2025-07-30T21:09:34.000Z"
    },
    {
      "ShortPath": "l2/produto.ts",
      "versionRef": "4dae344f9597708f36e7de9b95294bf1687d5144",
      "Length": 413,
      "update_at": "2025-07-30T21:09:34.000Z"
    },
    {
      "ShortPath": "l2/project.defs.ts",
      "versionRef": "eb5bd3f5461cf2b51d88f66fd7aefa12dae5ab16",
      "Length": 71,
      "update_at": "2025-07-30T22:48:35.000Z"
    },
    {
      "ShortPath": "l2/project.html",
      "versionRef": "88a90cf32ef33346febb29387541246b1be9a2e0",
      "Length": 16,
      "update_at": "2025-07-30T22:48:35.000Z"
    },
    {
      "ShortPath": "l2/project.less",
      "versionRef": "799cf53a15763032395ca7f29a3b80af9cef1986",
      "Length": 123,
      "update_at": "2025-07-30T22:48:35.000Z"
    },
    {
      "ShortPath": "l2/project.test.ts",
      "versionRef": "9582a5d274e5dcd26c4f6642eb20008cfe024964",
      "Length": 239,
      "update_at": "2025-07-30T22:48:35.000Z"
    },
    {
      "ShortPath": "l2/project.ts",
      "versionRef": "8434e3db7cd9fb088c80faa347a59057bafb204e",
      "Length": 44996,
      "update_at": "2025-07-30T22:48:35.000Z"
    },
    {
      "ShortPath": "l2/servicos.defs.ts",
      "versionRef": "0afb296146c878e3efe831630bc2808699a9c907",
      "Length": 1718,
      "update_at": "2025-07-30T21:09:34.000Z"
    },
    {
      "ShortPath": "l2/servicos.html",
      "versionRef": "9aaaa9bd258e55ae96c13b1991903e08ab3a8d13",
      "Length": 484,
      "update_at": "2025-07-30T22:48:35.000Z"
    },
    {
      "ShortPath": "l2/servicos.less",
      "versionRef": "a2ef645c252b83dd4a1d992b0f394d2eede6e6e0",
      "Length": 366,
      "update_at": "2025-07-30T21:09:34.000Z"
    },
    {
      "ShortPath": "l2/servicos.ts",
      "versionRef": "c591214f795bb02f484b958c678e1a016f2c2ac7",
      "Length": 416,
      "update_at": "2025-07-30T21:09:34.000Z"
    },
    {
      "ShortPath": "l5/project.json",
      "versionRef": "1f1bd83da5b855b3059233e3e39ef0f841784c29",
      "Length": 357,
      "update_at": "2025-07-02T19:24:51.000Z"
    },
    {
      "ShortPath": "l0/package.json",
      "versionRef": "a74873287289a3b43e8541b34372722a086e8a03",
      "Length": 470,
      "update_at": "2025-07-02T19:24:49.000Z"
    },
    {
      "ShortPath": "l0/tsconfig.json",
      "versionRef": "6a95f6e8d8e3042af5f58de9c691a455a7221647",
      "Length": 1191,
      "update_at": "2025-07-02T19:24:50.000Z"
    }
  ]
}