{
  "lastModified": "2025-07-30T21:10:45.451Z",
  "files": [
    {
      "ShortPath": "l0/README.md",
      "versionRef": "2e1b14e8ed73119f964600f2fe185863d3fba359",
      "Length": 14,
      "update_at": "2025-07-02T19:24:46.000Z"
    },
    {
      "ShortPath": "l2/admin.defs.ts",
      "versionRef": "2c5d99009f91504f05feff98266b6705264867ad",
      "Length": 2170,
      "update_at": "2025-07-30T21:09:34.000Z"
    },
    {
      "ShortPath": "l2/admin.html",
      "versionRef": "bdaac7abca5444f06734de950931fbbb86b92893",
      "Length": 597,
      "update_at": "2025-07-30T21:09:34.000Z"
    },
    {
      "ShortPath": "l2/admin.less",
      "versionRef": "ce8239f3e0ef8c97116c6319c58d645e023f9334",
      "Length": 987,
      "update_at": "2025-07-30T21:09:34.000Z"
    },
    {
      "ShortPath": "l2/admin.ts",
      "versionRef": "7850d53c833703a9600deb35271cda10703c95bb",
      "Length": 407,
      "update_at": "2025-07-30T21:09:34.000Z"
    },
    {
      "ShortPath": "l2/agendamento.defs.ts",
      "versionRef": "9c601a3956a32703892234ca61e6c00bff322773",
      "Length": 1992,
      "update_at": "2025-07-30T21:09:34.000Z"
    },
    {
      "ShortPath": "l2/agendamento.html",
      "versionRef": "3720c1878de7c8f393ef42518364a51d5c8f0d28",
      "Length": 448,
      "update_at": "2025-07-30T21:09:34.000Z"
    },
    {
      "ShortPath": "l2/agendamento.less",
      "versionRef": "7c9245409b7d174f2ce751295ec44173e6b56588",
      "Length": 346,
      "update_at": "2025-07-30T21:09:34.000Z"
    },
    {
      "ShortPath": "l2/agendamento.ts",
      "versionRef": "558ccbbb02917a41a294d5a7f4e2422caa808cbb",
      "Length": 425,
      "update_at": "2025-07-30T21:09:34.000Z"
    },
    {
      "ShortPath": "l2/carrinho.defs.ts",
      "versionRef": "6ea79bbd7459bf8dda53125a6a0a2822722fb83a",
      "Length": 1867,
      "update_at": "2025-07-30T21:09:34.000Z"
    },
    {
      "ShortPath": "l2/carrinho.html",
      "versionRef": "bd16349d8c62b91f94fe4b801396f6fc1252e6a5",
      "Length": 404,
      "update_at": "2025-07-30T21:09:34.000Z"
    },
    {
      "ShortPath": "l2/carrinho.less",
      "versionRef": "a24342d32172efc13e0b25745f29b697a367311b",
      "Length": 654,
      "update_at": "2025-07-30T21:09:34.000Z"
    },
    {
      "ShortPath": "l2/carrinho.ts",
      "versionRef": "99b2543c2c1e9ff2416f4885ff3733c3ec2428f4",
      "Length": 416,
      "update_at": "2025-07-30T21:09:34.000Z"
    },
    {
      "ShortPath": "l2/checkout.defs.ts",
      "versionRef": "040582692b51c9bc63fc016bde05d25578b073ff",
      "Length": 1995,
      "update_at": "2025-07-30T21:09:34.000Z"
    },
    {
      "ShortPath": "l2/checkout.html",
      "versionRef": "d52be833ec2400910927f5b5805417d19915853f",
      "Length": 505,
      "update_at": "2025-07-30T21:09:34.000Z"
    },
    {
      "ShortPath": "l2/checkout.less",
      "versionRef": "cafbfff1063aa9f6bb6f53001dc2f4f0cc27559a",
      "Length": 794,
      "update_at": "2025-07-30T21:09:34.000Z"
    },
    {
      "ShortPath": "l2/checkout.ts",
      "versionRef": "3161b857a3ead7f86cea9a00249c8acc423e21d7",
      "Length": 416,
      "update_at": "2025-07-30T21:09:34.000Z"
    },
    {
      "ShortPath": "l2/designSystem.html",
      "versionRef": "fffd2f95b3e2532a42ad4612a9e3cdddd1af06b4",
      "Length": 29,
      "update_at": "2025-07-09T20:24:51.000Z"
    },
    {
      "ShortPath": "l2/designSystem.less",
      "versionRef": "58a6e1b32b14ca601c97ac37f0c9b40497282f5e",
      "Length": 188,
      "update_at": "2025-07-09T20:24:51.000Z"
    },
    {
      "ShortPath": "l2/designSystem.ts",
      "versionRef": "4c147a9d4228fe4b8bc25c12356ffa0317dd7668",
      "Length": 8336,
      "update_at": "2025-07-24T19:27:08.000Z"
    },
    {
      "ShortPath": "l2/home.defs.ts",
      "versionRef": "ff8d546c9fe3301d76f089e244c6da78c650a09d",
      "Length": 2355,
      "update_at": "2025-07-30T21:09:34.000Z"
    },
    {
      "ShortPath": "l2/home.html",
      "versionRef": "2480dd05551a72133c1d012aecb2174d56eda5bf",
      "Length": 619,
      "update_at": "2025-07-30T21:09:34.000Z"
    },
    {
      "ShortPath": "l2/home.less",
      "versionRef": "6de38e8a8704c8331fce2716ce100efa9de4938f",
      "Length": 1810,
      "update_at": "2025-07-30T21:09:34.000Z"
    },
    {
      "ShortPath": "l2/home.ts",
      "versionRef": "2154b57b998d72734dba8d9e71a5e099fe6a4720",
      "Length": 404,
      "update_at": "2025-07-30T21:09:34.000Z"
    },
    {
      "ShortPath": "l2/loja.defs.ts",
      "versionRef": "9b7a427624190ffd0449732f27bb6623258e91cb",
      "Length": 1777,
      "update_at": "2025-07-30T21:09:34.000Z"
    },
    {
      "ShortPath": "l2/loja.html",
      "versionRef": "5daa6c06250eee39bb745a374af965d823c7b205",
      "Length": 524,
      "update_at": "2025-07-30T21:09:34.000Z"
    },
    {
      "ShortPath": "l2/loja.less",
      "versionRef": "d55657734637085fd764b62f4341fab60d1a7157",
      "Length": 748,
      "update_at": "2025-07-30T21:09:34.000Z"
    },
    {
      "ShortPath": "l2/loja.ts",
      "versionRef": "74a3837f97920bafeba456b5e6382ae7cf46245d",
      "Length": 404,
      "update_at": "2025-07-30T21:09:34.000Z"
    },
    {
      "ShortPath": "l2/organismAddToCart.defs.ts",
      "versionRef": "e717d3a76261de793139efc2952a33cce5b01a0f",
      "Length": 1506,
      "update_at": "2025-07-30T21:09:34.000Z"
    },
    {
      "ShortPath": "l2/organismAddToCart.html",
      "versionRef": "ea6d38ff34f2e02381e433c1085f7868344f4c24",
      "Length": 59,
      "update_at": "2025-07-30T21:09:34.000Z"
    },
    {
      "ShortPath": "l2/organismAddToCart.less",
      "versionRef": "367444c324b792ea46708220fdb68caa5479ffde",
      "Length": 5444,
      "update_at": "2025-07-30T21:09:34.000Z"
    },
    {
      "ShortPath": "l2/organismAddToCart.ts",
      "versionRef": "9386cf59a4df92f6ed46b600c72cd2ae6d09599c",
      "Length": 3523,
      "update_at": "2025-07-30T21:09:34.000Z"
    },
    {
      "ShortPath": "l2/organismAdminAppointments.defs.ts",
      "versionRef": "7b48344b22fe3f8372c85d3efa7bd7c12d0a09c7",
      "Length": 1522,
      "update_at": "2025-07-30T21:09:34.000Z"
    },
    {
      "ShortPath": "l2/organismAdminAppointments.html",
      "versionRef": "46e6c093000fca426f7314103948462b730da68d",
      "Length": 73,
      "update_at": "2025-07-30T21:09:34.000Z"
    },
    {
      "ShortPath": "l2/organismAdminAppointments.less",
      "versionRef": "b0eab4539250b34e4c00e6805aa2fdbffb1664f9",
      "Length": 4133,
      "update_at": "2025-07-30T21:09:34.000Z"
    },
    {
      "ShortPath": "l2/organismAdminAppointments.ts",
      "versionRef": "d8b6c045a734effded1759decb23051663a1e8b0",
      "Length": 2537,
      "update_at": "2025-07-30T21:09:34.000Z"
    },
    {
      "ShortPath": "l2/organismAdminCustomers.defs.ts",
      "versionRef": "3566d3662bb0b305f3a6bf0d1004ec38dc4e4114",
      "Length": 1516,
      "update_at": "2025-07-30T21:09:34.000Z"
    },
    {
      "ShortPath": "l2/organismAdminCustomers.html",
      "versionRef": "592ebf5aa19b8c328c76f385b5d44a5885045b7b",
      "Length": 67,
      "update_at": "2025-07-30T21:09:34.000Z"
    },
    {
      "ShortPath": "l2/organismAdminCustomers.less",
      "versionRef": "de335e754090e1ba5ece748b424dce9637525530",
      "Length": 4776,
      "update_at": "2025-07-30T21:09:34.000Z"
    },
    {
      "ShortPath": "l2/organismAdminCustomers.ts",
      "versionRef": "0e3972a562c0dd4a33530ade9a222af4afca3ffd",
      "Length": 4176,
      "update_at": "2025-07-30T21:09:34.000Z"
    },
    {
      "ShortPath": "l2/organismAdminNav.defs.ts",
      "versionRef": "e37ded6b91f09885e3043e13021a11a8929084bb",
      "Length": 1504,
      "update_at": "2025-07-30T21:09:34.000Z"
    },
    {
      "ShortPath": "l2/organismAdminNav.html",
      "versionRef": "327487d14080da4f450dbb25bb1f99dd4ce2c7a9",
      "Length": 55,
      "update_at": "2025-07-30T21:09:34.000Z"
    },
    {
      "ShortPath": "l2/organismAdminNav.less",
      "versionRef": "a349826c16b9141c70e0abb799850228dfefc961",
      "Length": 1242,
      "update_at": "2025-07-30T21:09:34.000Z"
    },
    {
      "ShortPath": "l2/organismAdminNav.ts",
      "versionRef": "b642d0a3dc133a85e242c6317ff12b0cf96eba57",
      "Length": 1030,
      "update_at": "2025-07-30T21:09:34.000Z"
    },
    {
      "ShortPath": "l2/organismAdminProducts.defs.ts",
      "versionRef": "7de363d41e2923acf050ab4ff05cf5faa03bf3e8",
      "Length": 1514,
      "update_at": "2025-07-30T21:09:34.000Z"
    },
    {
      "ShortPath": "l2/organismAdminProducts.html",
      "versionRef": "e22ecb85f6a6f2502d9773136a9c86144b2b3b09",
      "Length": 65,
      "update_at": "2025-07-30T21:09:34.000Z"
    },
    {
      "ShortPath": "l2/organismAdminProducts.less",
      "versionRef": "4f0fd48423b8185abc5e1e589a8ef679db31b396",
      "Length": 3174,
      "update_at": "2025-07-30T21:09:34.000Z"
    },
    {
      "ShortPath": "l2/organismAdminProducts.ts",
      "versionRef": "b436bfee8d5fa14ce8c2699c4e27e33bc939a2e7",
      "Length": 3425,
      "update_at": "2025-07-30T21:09:34.000Z"
    },
    {
      "ShortPath": "l2/organismAdminServices.defs.ts",
      "versionRef": "e182c22ac4abf58fd84c42eab9292efc8b372dd5",
      "Length": 1514,
      "update_at": "2025-07-30T21:09:34.000Z"
    },
    {
      "ShortPath": "l2/organismAdminServices.html",
      "versionRef": "6e55c7f75317c3b0b2393a9d8a76a64b650c6563",
      "Length": 65,
      "update_at": "2025-07-30T21:09:34.000Z"
    },
    {
      "ShortPath": "l2/organismAdminServices.less",
      "versionRef": "13eb021d3ebdcab6be2cca0152b6659c9ef8039e",
      "Length": 3226,
      "update_at": "2025-07-30T21:09:34.000Z"
    },
    {
      "ShortPath": "l2/organismAdminServices.ts",
      "versionRef": "3ddf4ee1ebce14c8f617471e61fc9fd3b01eb82c",
      "Length": 3082,
      "update_at": "2025-07-30T21:09:34.000Z"
    },
    {
      "ShortPath": "l2/organismAdminSidebar.defs.ts",
      "versionRef": "eee43cd75242ab0c4c02989b5efd3adafeaa348a",
      "Length": 1512,
      "update_at": "2025-07-30T21:09:34.000Z"
    },
    {
      "ShortPath": "l2/organismAdminSidebar.html",
      "versionRef": "932cc60a9d8344e07171f17312fcf289f0ee4cba",
      "Length": 63,
      "update_at": "2025-07-30T21:09:34.000Z"
    },
    {
      "ShortPath": "l2/organismAdminSidebar.less",
      "versionRef": "e102a38eda3502a5618b9203fe710dc18fcdfcca",
      "Length": 1162,
      "update_at": "2025-07-30T21:09:34.000Z"
    },
    {
      "ShortPath": "l2/organismAdminSidebar.ts",
      "versionRef": "c17b2bc72076e07f521fb3de3e0612e8d7ff6df3",
      "Length": 1811,
      "update_at": "2025-07-30T21:09:34.000Z"
    },
    {
      "ShortPath": "l2/organismAppointmentConfirmation.defs.ts",
      "versionRef": "98655e2fe6964f0fa8ef6a3b3bc129781ce49eb1",
      "Length": 1534,
      "update_at": "2025-07-30T21:09:34.000Z"
    },
    {
      "ShortPath": "l2/organismAppointmentConfirmation.html",
      "versionRef": "98fe6725e68e55604b6ad4beb883b3f34c2dce77",
      "Length": 85,
      "update_at": "2025-07-30T21:09:34.000Z"
    },
    {
      "ShortPath": "l2/organismAppointmentConfirmation.less",
      "versionRef": "fd33e1c9eedb32b521eaa1b0169cf4562bd7eebf",
      "Length": 3815,
      "update_at": "2025-07-30T21:09:34.000Z"
    },
    {
      "ShortPath": "l2/organismAppointmentConfirmation.ts",
      "versionRef": "a91f052a044fcbaf0899565e9c612ffc8380875d",
      "Length": 2313,
      "update_at": "2025-07-30T21:09:34.000Z"
    },
    {
      "ShortPath": "l2/organismAppointmentForm.defs.ts",
      "versionRef": "7b29ebbdc04fb20d8359a8ae6987a4e09e0487b2",
      "Length": 1518,
      "update_at": "2025-07-30T21:09:34.000Z"
    },
    {
      "ShortPath": "l2/organismAppointmentForm.html",
      "versionRef": "704b7e287fa0fe1135d1ea0ec8adc9e5a7fcd2c6",
      "Length": 69,
      "update_at": "2025-07-30T21:09:34.000Z"
    },
    {
      "ShortPath": "l2/organismAppointmentForm.less",
      "versionRef": "573fe808385a71a488ffba3be5f37a8a053af433",
      "Length": 4552,
      "update_at": "2025-07-30T21:09:34.000Z"
    },
    {
      "ShortPath": "l2/organismAppointmentForm.ts",
      "versionRef": "f6c6e1391ff6009ddab3351a73553308b07ffe00",
      "Length": 5267,
      "update_at": "2025-07-30T21:09:34.000Z"
    },
    {
      "ShortPath": "l2/organismAppointmentsHistory.defs.ts",
      "versionRef": "5b61d6c92e939ef62d3fc1ef6a475fbe9d61ca17",
      "Length": 1526,
      "update_at": "2025-07-30T21:09:34.000Z"
    },
    {
      "ShortPath": "l2/organismAppointmentsHistory.html",
      "versionRef": "f24d7fb0f6b531dc62f0d0823c6ea1392733d644",
      "Length": 77,
      "update_at": "2025-07-30T21:09:34.000Z"
    },
    {
      "ShortPath": "l2/organismAppointmentsHistory.less",
      "versionRef": "0876d1f9ad00b9838af7797631019be016f2a514",
      "Length": 3426,
      "update_at": "2025-07-30T21:09:34.000Z"
    },
    {
      "ShortPath": "l2/organismAppointmentsHistory.ts",
      "versionRef": "9b17dfa37a3697eecb130c738a4d0da8226d5fa0",
      "Length": 3029,
      "update_at": "2025-07-30T21:09:34.000Z"
    },
    {
      "ShortPath": "l2/organismBanner.defs.ts",
      "versionRef": "f33d8f5148e37e322bc61d93f800b812191dac78",
      "Length": 1500,
      "update_at": "2025-07-30T21:09:34.000Z"
    },
    {
      "ShortPath": "l2/organismBanner.html",
      "versionRef": "f25a9330d42d60e9222d1fdc0a2bd4502bb35779",
      "Length": 49,
      "update_at": "2025-07-30T21:09:34.000Z"
    },
    {
      "ShortPath": "l2/organismBanner.less",
      "versionRef": "8445bc193603855ae33f52d80612ba7bf5d4f7b4",
      "Length": 1330,
      "update_at": "2025-07-30T21:09:34.000Z"
    },
    {
      "ShortPath": "l2/organismBanner.ts",
      "versionRef": "d3ae55b9669a2859e035d5c88b2ed51574b2c198",
      "Length": 1384,
      "update_at": "2025-07-30T21:09:34.000Z"
    },
    {
      "ShortPath": "l2/organismBusinessHours.defs.ts",
      "versionRef": "5d283a2b6c255a8ec0f8967193f7d58636fb0151",
      "Length": 1514,
      "update_at": "2025-07-30T21:09:34.000Z"
    },
    {
      "ShortPath": "l2/organismBusinessHours.html",
      "versionRef": "a7630224aa09a23176c72ebbcad01c381a9affc1",
      "Length": 65,
      "update_at": "2025-07-30T21:09:34.000Z"
    },
    {
      "ShortPath": "l2/organismBusinessHours.less",
      "versionRef": "06147c7c9278983263d66ed1a47fb6ac8c6adff3",
      "Length": 1493,
      "update_at": "2025-07-30T21:09:34.000Z"
    },
    {
      "ShortPath": "l2/organismBusinessHours.ts",
      "versionRef": "0e25d35a9d4fe7704c6638e66c3632c4adc704b0",
      "Length": 2617,
      "update_at": "2025-07-30T21:09:34.000Z"
    },
    {
      "ShortPath": "l2/organismCartActions.defs.ts",
      "versionRef": "3bca4153bc96a48e39b686c00d6dafd34ac51d64",
      "Length": 1510,
      "update_at": "2025-07-30T21:09:34.000Z"
    },
    {
      "ShortPath": "l2/organismCartActions.html",
      "versionRef": "fbe8d1b3c0853e53c2020866dfc397a34a763729",
      "Length": 61,
      "update_at": "2025-07-30T21:09:34.000Z"
    },
    {
      "ShortPath": "l2/organismCartActions.less",
      "versionRef": "80b3ec277c9e3c1dc388f3b23b971f276b52d931",
      "Length": 2985,
      "update_at": "2025-07-30T21:09:34.000Z"
    },
    {
      "ShortPath": "l2/organismCartActions.ts",
      "versionRef": "004128ac1089967989efb49c8f8798b3946d5a8b",
      "Length": 3036,
      "update_at": "2025-07-30T21:09:34.000Z"
    },
    {
      "ShortPath": "l2/organismCartList.defs.ts",
      "versionRef": "a9b83bb778297cbf2647085cd5c84d03c6c47ef7",
      "Length": 1504,
      "update_at": "2025-07-30T21:09:34.000Z"
    },
    {
      "ShortPath": "l2/organismCartList.html",
      "versionRef": "bad584e859f2ef4e487a39ee93f553b96d3c57d2",
      "Length": 55,
      "update_at": "2025-07-30T21:09:34.000Z"
    },
    {
      "ShortPath": "l2/organismCartList.less",
      "versionRef": "5cf917d044bb6ebb68258675b193f14c5e7d374a",
      "Length": 4051,
      "update_at": "2025-07-30T21:09:34.000Z"
    },
    {
      "ShortPath": "l2/organismCartList.ts",
      "versionRef": "3ad83152e81552132cd5096d91a8e3b2f4c8dac2",
      "Length": 4440,
      "update_at": "2025-07-30T21:09:34.000Z"
    },
    {
      "ShortPath": "l2/organismCartSummary.defs.ts",
      "versionRef": "91b93ddeeee71be99f099634a5584ef49f2fc90c",
      "Length": 1510,
      "update_at": "2025-07-30T21:09:34.000Z"
    },
    {
      "ShortPath": "l2/organismCartSummary.html",
      "versionRef": "bc2c022804785c6c141c33834180c426cd524f98",
      "Length": 61,
      "update_at": "2025-07-30T21:09:34.000Z"
    },
    {
      "ShortPath": "l2/organismCartSummary.less",
      "versionRef": "acc20cb7e400950958505c83a7bcc2e83ea027fd",
      "Length": 3495,
      "update_at": "2025-07-30T21:09:34.000Z"
    },
    {
      "ShortPath": "l2/organismCartSummary.ts",
      "versionRef": "db05b2789923a593b56ea047c61f879aa65f07cb",
      "Length": 2166,
      "update_at": "2025-07-30T21:09:34.000Z"
    },
    {
      "ShortPath": "l2/organismCategoryFilter.defs.ts",
      "versionRef": "49f0e7e4d94735e5701368432886b967167dcc2b",
      "Length": 1516,
      "update_at": "2025-07-30T21:09:34.000Z"
    },
    {
      "ShortPath": "l2/organismCategoryFilter.html",
      "versionRef": "7769258796bffcf1b0a8baef700617e0f28a3205",
      "Length": 67,
      "update_at": "2025-07-30T21:09:34.000Z"
    },
    {
      "ShortPath": "l2/organismCategoryFilter.less",
      "versionRef": "fe671c6e34690a550b6a4ef721e1e767bb965c29",
      "Length": 2186,
      "update_at": "2025-07-30T21:09:34.000Z"
    },
    {
      "ShortPath": "l2/organismCategoryFilter.ts",
      "versionRef": "2f08e78383d29fd46175579bdf6200d47883c5a3",
      "Length": 1464,
      "update_at": "2025-07-30T21:09:34.000Z"
    },
    {
      "ShortPath": "l2/organismCheckoutConfirmation.defs.ts",
      "versionRef": "70b1e8384dcf1c789249c28ea286b5537f809e29",
      "Length": 1528,
      "update_at": "2025-07-30T21:09:34.000Z"
    },
    {
      "ShortPath": "l2/organismCheckoutConfirmation.html",
      "versionRef": "abd5ff97c73eae49d28d2ece1fefe3388aba7200",
      "Length": 79,
      "update_at": "2025-07-30T21:09:34.000Z"
    },
    {
      "ShortPath": "l2/organismCheckoutConfirmation.less",
      "versionRef": "7619ca4553360527ec677716589d775bf24f9916",
      "Length": 5036,
      "update_at": "2025-07-30T21:09:34.000Z"
    },
    {
      "ShortPath": "l2/organismCheckoutConfirmation.ts",
      "versionRef": "4954c708e280c6783b7f5a95a9405d09592705af",
      "Length": 2266,
      "update_at": "2025-07-30T21:09:34.000Z"
    },
    {
      "ShortPath": "l2/organismCheckoutForm.defs.ts",
      "versionRef": "347221419da5915b01bc987817430224d6de1bcd",
      "Length": 1512,
      "update_at": "2025-07-30T21:09:34.000Z"
    },
    {
      "ShortPath": "l2/organismCheckoutForm.html",
      "versionRef": "e3b3725f94e02ac33dbf78ca0094d0ee245c7688",
      "Length": 63,
      "update_at": "2025-07-30T21:09:34.000Z"
    },
    {
      "ShortPath": "l2/organismCheckoutForm.less",
      "versionRef": "322fb570e45c1ec5c6891cb296c3c2cb30f09b87",
      "Length": 1784,
      "update_at": "2025-07-30T21:09:34.000Z"
    },
    {
      "ShortPath": "l2/organismCheckoutForm.ts",
      "versionRef": "6359eb9c5db57f6eaf2c658df3d1e0030de2bb1b",
      "Length": 2914,
      "update_at": "2025-07-30T21:09:34.000Z"
    },
    {
      "ShortPath": "l2/organismFooterInfo.defs.ts",
      "versionRef": "b48b40bb016fdb5ed6910eb5d732bcc30e698e07",
      "Length": 1508,
      "update_at": "2025-07-30T21:09:34.000Z"
    },
    {
      "ShortPath": "l2/organismFooterInfo.html",
      "versionRef": "b9d0429421e2f726c3c3240ca383295905a8f92f",
      "Length": 59,
      "update_at": "2025-07-30T21:09:34.000Z"
    },
    {
      "ShortPath": "l2/organismFooterInfo.less",
      "versionRef": "abf756346297cef47d3df5b1a89e32e4414868b4",
      "Length": 2033,
      "update_at": "2025-07-30T21:09:34.000Z"
    },
    {
      "ShortPath": "l2/organismFooterInfo.ts",
      "versionRef": "13d6f3e3053f79dae96d4098bc2c7dca689049ac",
      "Length": 3306,
      "update_at": "2025-07-30T21:09:34.000Z"
    },
    {
      "ShortPath": "l2/organismNav.defs.ts",
      "versionRef": "9512670e65646f1e0997ad7984ffd6760834f4fb",
      "Length": 1494,
      "update_at": "2025-07-30T21:09:34.000Z"
    },
    {
      "ShortPath": "l2/organismNav.html",
      "versionRef": "50f481e8b8ce8bf277d668322a7c9d254d75c5a3",
      "Length": 43,
      "update_at": "2025-07-30T21:09:34.000Z"
    },
    {
      "ShortPath": "l2/organismNav.less",
      "versionRef": "e12bf77ae415629c32aeb996d7d18ce823f8eb83",
      "Length": 1804,
      "update_at": "2025-07-30T21:09:34.000Z"
    },
    {
      "ShortPath": "l2/organismNav.ts",
      "versionRef": "7eabb659de4e990d9777608ef760e128b90c85b8",
      "Length": 1610,
      "update_at": "2025-07-30T21:09:34.000Z"
    },
    {
      "ShortPath": "l2/organismOrderSummary.defs.ts",
      "versionRef": "b48bf58d1c9d68879daa27fc76a844710a1be50f",
      "Length": 1512,
      "update_at": "2025-07-30T21:09:34.000Z"
    },
    {
      "ShortPath": "l2/organismOrderSummary.html",
      "versionRef": "11a4d56ebb5928175721baf56328efcb5d00598c",
      "Length": 63,
      "update_at": "2025-07-30T21:09:34.000Z"
    },
    {
      "ShortPath": "l2/organismOrderSummary.less",
      "versionRef": "c8af593e57c295a58c6074da4f3c1ae01f42721c",
      "Length": 2870,
      "update_at": "2025-07-30T21:09:34.000Z"
    },
    {
      "ShortPath": "l2/organismOrderSummary.ts",
      "versionRef": "edb3ad926ac826852a62a5d69b3087ac77e92ca0",
      "Length": 2548,
      "update_at": "2025-07-30T21:09:34.000Z"
    },
    {
      "ShortPath": "l2/organismOrdersHistory.defs.ts",
      "versionRef": "02a98711f95b2889a02751d08053fba4024bd6b5",
      "Length": 1514,
      "update_at": "2025-07-30T21:09:34.000Z"
    },
    {
      "ShortPath": "l2/organismOrdersHistory.html",
      "versionRef": "b5c2a0f247398c2efc83e24dfd2f2fe4c0e977ae",
      "Length": 65,
      "update_at": "2025-07-30T21:09:34.000Z"
    },
    {
      "ShortPath": "l2/organismOrdersHistory.less",
      "versionRef": "69b10665cf5b7bdd2762e4a04d478f6412cd48dd",
      "Length": 5283,
      "update_at": "2025-07-30T21:09:34.000Z"
    },
    {
      "ShortPath": "l2/organismOrdersHistory.ts",
      "versionRef": "f56db80a621418c72539ef1276aab329b7930949",
      "Length": 4631,
      "update_at": "2025-07-30T21:09:34.000Z"
    },
    {
      "ShortPath": "l2/organismPaymentMethods.defs.ts",
      "versionRef": "a68a366e370d3ac7280ca611ca2aeb42fa352ef5",
      "Length": 1516,
      "update_at": "2025-07-30T21:09:34.000Z"
    },
    {
      "ShortPath": "l2/organismPaymentMethods.html",
      "versionRef": "f378f73bd72504b86796ae32292aba6967ee03d4",
      "Length": 67,
      "update_at": "2025-07-30T21:09:34.000Z"
    },
    {
      "ShortPath": "l2/organismPaymentMethods.less",
      "versionRef": "1ab3f6e0fdbcf8c7688cac10b5b187102d3d9f3b",
      "Length": 3217,
      "update_at": "2025-07-30T21:09:34.000Z"
    },
    {
      "ShortPath": "l2/organismPaymentMethods.ts",
      "versionRef": "74396fb4c935ae4a9bdcad83ff160e5e4d9d22bd",
      "Length": 3879,
      "update_at": "2025-07-30T21:09:34.000Z"
    },
    {
      "ShortPath": "l2/organismPetProfiles.defs.ts",
      "versionRef": "e1988f5c428f14014d88dcc6dc2e59aba3fe05d8",
      "Length": 1510,
      "update_at": "2025-07-30T21:09:34.000Z"
    },
    {
      "ShortPath": "l2/organismPetProfiles.html",
      "versionRef": "708769b422a02b2bf5b3b4bbdbaaa8cbd43da1ff",
      "Length": 61,
      "update_at": "2025-07-30T21:09:34.000Z"
    },
    {
      "ShortPath": "l2/organismPetProfiles.less",
      "versionRef": "456587b37c97cc3d595f92bbf434afb5a49d80a4",
      "Length": 3478,
      "update_at": "2025-07-30T21:09:34.000Z"
    },
    {
      "ShortPath": "l2/organismPetProfiles.ts",
      "versionRef": "02f925eb74e6c522a08278728e5b5a35b7abd4f7",
      "Length": 2668,
      "update_at": "2025-07-30T21:09:34.000Z"
    },
    {
      "ShortPath": "l2/organismPetSelector.defs.ts",
      "versionRef": "db4986758c73ac75c0c5b39a1552a45bb48e20f7",
      "Length": 1510,
      "update_at": "2025-07-30T21:09:34.000Z"
    },
    {
      "ShortPath": "l2/organismPetSelector.html",
      "versionRef": "8ab8f034c46741e4cd50d153719e0ace9c98dc8b",
      "Length": 61,
      "update_at": "2025-07-30T21:09:34.000Z"
    },
    {
      "ShortPath": "l2/organismPetSelector.less",
      "versionRef": "a0f8309bd29cba07ce7c4d81843c847c4c2b7329",
      "Length": 5735,
      "update_at": "2025-07-30T21:09:34.000Z"
    },
    {
      "ShortPath": "l2/organismPetSelector.ts",
      "versionRef": "952c93972412b2021e49c98e2e107a7c04acad59",
      "Length": 3770,
      "update_at": "2025-07-30T21:09:34.000Z"
    },
    {
      "ShortPath": "l2/organismProductDetails.defs.ts",
      "versionRef": "85e4d986b5f650037a0a8c8580389c7ccc20819a",
      "Length": 1516,
      "update_at": "2025-07-30T21:09:34.000Z"
    },
    {
      "ShortPath": "l2/organismProductDetails.html",
      "versionRef": "7486d4b63a7e9d5b7a57047113e28b7b82e7b070",
      "Length": 67,
      "update_at": "2025-07-30T21:09:34.000Z"
    },
    {
      "ShortPath": "l2/organismProductDetails.less",
      "versionRef": "7845d54661532fa8ef353bbc8633c71c408a4c22",
      "Length": 4709,
      "update_at": "2025-07-30T21:09:34.000Z"
    },
    {
      "ShortPath": "l2/organismProductDetails.ts",
      "versionRef": "cc08743418d7304b7e43f962cf9976b47150f569",
      "Length": 4624,
      "update_at": "2025-07-30T21:09:34.000Z"
    },
    {
      "ShortPath": "l2/organismProductList.defs.ts",
      "versionRef": "c8e31c323d5cf0becf145aee10fdb3ae95cc378e",
      "Length": 1510,
      "update_at": "2025-07-30T21:09:34.000Z"
    },
    {
      "ShortPath": "l2/organismProductList.html",
      "versionRef": "19b5e593b46cbd6d5b55d63544fa0164bb4c36b3",
      "Length": 61,
      "update_at": "2025-07-30T21:09:34.000Z"
    },
    {
      "ShortPath": "l2/organismProductList.less",
      "versionRef": "5211a43565df85dfa5439053c1e3713b428dce79",
      "Length": 3789,
      "update_at": "2025-07-30T21:09:34.000Z"
    },
    {
      "ShortPath": "l2/organismProductList.ts",
      "versionRef": "e8f271435a2a2f12e67776174b94032c2806c2cc",
      "Length": 6053,
      "update_at": "2025-07-30T21:09:34.000Z"
    },
    {
      "ShortPath": "l2/organismProductSearch.defs.ts",
      "versionRef": "a286393608896097c0765ae367d308d12b843345",
      "Length": 1514,
      "update_at": "2025-07-30T21:09:34.000Z"
    },
    {
      "ShortPath": "l2/organismProductSearch.html",
      "versionRef": "df30a78b36239b91c971c20dcd73f2b2db3c94a3",
      "Length": 65,
      "update_at": "2025-07-30T21:09:34.000Z"
    },
    {
      "ShortPath": "l2/organismProductSearch.less",
      "versionRef": "959e069f89af08951bdfb3dedc5ec84f6eeb58dd",
      "Length": 1664,
      "update_at": "2025-07-30T21:09:34.000Z"
    },
    {
      "ShortPath": "l2/organismProductSearch.ts",
      "versionRef": "2cac3e69c8884377fde46a25d8e261db763b7c36",
      "Length": 1306,
      "update_at": "2025-07-30T21:09:34.000Z"
    },
    {
      "ShortPath": "l2/organismProductsHighlight.defs.ts",
      "versionRef": "b2c415be2f872b43b3d7e99b3c1874da557c7147",
      "Length": 1522,
      "update_at": "2025-07-30T21:09:34.000Z"
    },
    {
      "ShortPath": "l2/organismProductsHighlight.html",
      "versionRef": "a6b23cc7efef3136f4e6002864381c0d106d8694",
      "Length": 73,
      "update_at": "2025-07-30T21:09:34.000Z"
    },
    {
      "ShortPath": "l2/organismProductsHighlight.less",
      "versionRef": "950def531b2120a4535d128ec4c684ea2a78b08d",
      "Length": 1613,
      "update_at": "2025-07-30T21:09:34.000Z"
    },
    {
      "ShortPath": "l2/organismProductsHighlight.ts",
      "versionRef": "c539a733bb8a6f985e8ce92e0d7f4531c18bbcf9",
      "Length": 3574,
      "update_at": "2025-07-30T21:09:34.000Z"
    },
    {
      "ShortPath": "l2/organismQuickAccess.defs.ts",
      "versionRef": "58dacddcc4079a90bee6b3d623bb42e2b9a4cfd5",
      "Length": 1510,
      "update_at": "2025-07-30T21:09:34.000Z"
    },
    {
      "ShortPath": "l2/organismQuickAccess.html",
      "versionRef": "b2d46333cd14970ab6f4e7da6604b0111d7519f5",
      "Length": 61,
      "update_at": "2025-07-30T21:09:34.000Z"
    },
    {
      "ShortPath": "l2/organismQuickAccess.less",
      "versionRef": "461604723911423ac51a54b3b193b76c8181631d",
      "Length": 1294,
      "update_at": "2025-07-30T21:09:34.000Z"
    },
    {
      "ShortPath": "l2/organismQuickAccess.ts",
      "versionRef": "51151688fad1364faf5e7ca5895c78c55b6db2e1",
      "Length": 2124,
      "update_at": "2025-07-30T21:09:34.000Z"
    },
    {
      "ShortPath": "l2/organismServiceDetails.defs.ts",
      "versionRef": "85ee3d6eb0fce3951fd7cc0fc385c32fa0ee3676",
      "Length": 1516,
      "update_at": "2025-07-30T21:09:34.000Z"
    },
    {
      "ShortPath": "l2/organismServiceDetails.html",
      "versionRef": "a37bb34730d8fda9e71a71e3ace5158f846c3f6a",
      "Length": 67,
      "update_at": "2025-07-30T21:09:34.000Z"
    },
    {
      "ShortPath": "l2/organismServiceDetails.less",
      "versionRef": "7a95843f2a605a0ec096d1dffb2fe820e3204e46",
      "Length": 4235,
      "update_at": "2025-07-30T21:09:34.000Z"
    },
    {
      "ShortPath": "l2/organismServiceDetails.ts",
      "versionRef": "747074effe9831b4516e264fe8912729d2a0cc3f",
      "Length": 2112,
      "update_at": "2025-07-30T21:09:34.000Z"
    },
    {
      "ShortPath": "l2/organismServicesHighlight.defs.ts",
      "versionRef": "1f6ecf8966d64122654127cf965a2b771b6ad4eb",
      "Length": 1522,
      "update_at": "2025-07-30T21:09:34.000Z"
    },
    {
      "ShortPath": "l2/organismServicesHighlight.html",
      "versionRef": "0a330ab13f9717091d1ba4c118ec60ff2ff341b6",
      "Length": 73,
      "update_at": "2025-07-30T21:09:34.000Z"
    },
    {
      "ShortPath": "l2/organismServicesHighlight.less",
      "versionRef": "fd5c64ab508b56a2eb1679a30d8beb75da7cd6fd",
      "Length": 1191,
      "update_at": "2025-07-30T21:09:34.000Z"
    },
    {
      "ShortPath": "l2/organismServicesHighlight.ts",
      "versionRef": "5d90d21f2c4df8d1799cbf5ef318267c9c24df4d",
      "Length": 3217,
      "update_at": "2025-07-30T21:09:34.000Z"
    },
    {
      "ShortPath": "l2/organismServicesList.defs.ts",
      "versionRef": "e870d1a09b9d82975e30f36938a2f74d6da41e4d",
      "Length": 1512,
      "update_at": "2025-07-30T21:09:34.000Z"
    },
    {
      "ShortPath": "l2/organismServicesList.html",
      "versionRef": "a8e6cd76bd9a2698d9bc1611f3af967a87728592",
      "Length": 63,
      "update_at": "2025-07-30T21:09:34.000Z"
    },
    {
      "ShortPath": "l2/organismServicesList.less",
      "versionRef": "6b8eadd7c7f77720891e12bcbb551c5e3208fda7",
      "Length": 2726,
      "update_at": "2025-07-30T21:09:34.000Z"
    },
    {
      "ShortPath": "l2/organismServicesList.ts",
      "versionRef": "7859429ec89f16ca04049410599700459e975afa",
      "Length": 4020,
      "update_at": "2025-07-30T21:09:34.000Z"
    },
    {
      "ShortPath": "l2/organismTestimonials.defs.ts",
      "versionRef": "c83ef3b1d29b9ce9c451d055dde31dd01f45523e",
      "Length": 1512,
      "update_at": "2025-07-30T21:09:34.000Z"
    },
    {
      "ShortPath": "l2/organismTestimonials.html",
      "versionRef": "74aca2a61ee85efcebc461b9f5e3abec9f8cb0db",
      "Length": 61,
      "update_at": "2025-07-30T21:09:34.000Z"
    },
    {
      "ShortPath": "l2/organismTestimonials.less",
      "versionRef": "04b4bcf06be47413bb700a6effaeb687d2960235",
      "Length": 1442,
      "update_at": "2025-07-30T21:09:34.000Z"
    },
    {
      "ShortPath": "l2/organismTestimonials.ts",
      "versionRef": "7f5a908f4f845243361aa3a0864a5147fb630f8e",
      "Length": 3358,
      "update_at": "2025-07-30T21:09:34.000Z"
    },
    {
      "ShortPath": "l2/organismUserProfile.defs.ts",
      "versionRef": "413e09067877fd4e2339ecc3e0535d59e5459da2",
      "Length": 1510,
      "update_at": "2025-07-30T21:09:34.000Z"
    },
    {
      "ShortPath": "l2/organismUserProfile.html",
      "versionRef": "eb2184aa2a516a8dfdd194056844bec96b6dca5a",
      "Length": 61,
      "update_at": "2025-07-30T21:09:34.000Z"
    },
    {
      "ShortPath": "l2/organismUserProfile.less",
      "versionRef": "7238eb10b1913b3a80b39e4c79779d221595ee2d",
      "Length": 4043,
      "update_at": "2025-07-30T21:09:34.000Z"
    },
    {
      "ShortPath": "l2/organismUserProfile.ts",
      "versionRef": "306c4519e53158fb82489907895460c2f9344518",
      "Length": 3776,
      "update_at": "2025-07-30T21:09:34.000Z"
    },
    {
      "ShortPath": "l2/perfil.defs.ts",
      "versionRef": "2dfbe224878354634cdecf3b09cb5459359418d2",
      "Length": 2048,
      "update_at": "2025-07-30T21:09:34.000Z"
    },
    {
      "ShortPath": "l2/perfil.html",
      "versionRef": "fc1ede3a5cc3b3b47ee433978feb955923e24705",
      "Length": 493,
      "update_at": "2025-07-30T21:09:34.000Z"
    },
    {
      "ShortPath": "l2/perfil.less",
      "versionRef": "17a89e18e2c2c6aaca5808e7c51cb015ef638c3f",
      "Length": 503,
      "update_at": "2025-07-30T21:09:34.000Z"
    },
    {
      "ShortPath": "l2/perfil.ts",
      "versionRef": "a98752c1f0e26f37d8e41010bb646bbad2f81e5d",
      "Length": 410,
      "update_at": "2025-07-30T21:09:34.000Z"
    },
    {
      "ShortPath": "l2/produto.defs.ts",
      "versionRef": "79f3fdc60e0e66c1cbeda012e8c98c7b75b4b782",
      "Length": 1648,
      "update_at": "2025-07-30T21:09:34.000Z"
    },
    {
      "ShortPath": "l2/produto.html",
      "versionRef": "ae77c9b060ab7c4615677041245bb0e242549f60",
      "Length": 345,
      "update_at": "2025-07-30T21:09:34.000Z"
    },
    {
      "ShortPath": "l2/produto.less",
      "versionRef": "9086d56a029c006d22ff9aa14b3c78508557d886",
      "Length": 542,
      "update_at": "2025-07-30T21:09:34.000Z"
    },
    {
      "ShortPath": "l2/produto.ts",
      "versionRef": "4dae344f9597708f36e7de9b95294bf1687d5144",
      "Length": 413,
      "update_at": "2025-07-30T21:09:34.000Z"
    },
    {
      "ShortPath": "l2/servicos.defs.ts",
      "versionRef": "0afb296146c878e3efe831630bc2808699a9c907",
      "Length": 1718,
      "update_at": "2025-07-30T21:09:34.000Z"
    },
    {
      "ShortPath": "l2/servicos.html",
      "versionRef": "f34d16b1e5ba54f6dcb9c58b367f42f302a82b0e",
      "Length": 351,
      "update_at": "2025-07-30T21:09:34.000Z"
    },
    {
      "ShortPath": "l2/servicos.less",
      "versionRef": "a2ef645c252b83dd4a1d992b0f394d2eede6e6e0",
      "Length": 366,
      "update_at": "2025-07-30T21:09:34.000Z"
    },
    {
      "ShortPath": "l2/servicos.ts",
      "versionRef": "c591214f795bb02f484b958c678e1a016f2c2ac7",
      "Length": 416,
      "update_at": "2025-07-30T21:09:34.000Z"
    },
    {
      "ShortPath": "l5/project.json",
      "versionRef": "1f1bd83da5b855b3059233e3e39ef0f841784c29",
      "Length": 357,
      "update_at": "2025-07-02T19:24:51.000Z"
    },
    {
      "ShortPath": "l0/package.json",
      "versionRef": "a74873287289a3b43e8541b34372722a086e8a03",
      "Length": 470,
      "update_at": "2025-07-02T19:24:49.000Z"
    },
    {
      "ShortPath": "l0/tsconfig.json",
      "versionRef": "6a95f6e8d8e3042af5f58de9c691a455a7221647",
      "Length": 1191,
      "update_at": "2025-07-02T19:24:50.000Z"
    }
  ]
}