{
  "lastModified": "2025-10-13T18:36:49.724Z",
  "files": [
    {
      "shortPath": "l0/README.md",
      "versionRef": "2e1b14e8ed73119f964600f2fe185863d3fba359",
      "Length": 14,
      "update_at": "2025-07-02T19:24:46.000Z"
    },
    {
      "shortPath": "l2/crm/organismAttachmentsAdd.defs.ts",
      "versionRef": "edc4f625c8e4f0a6e9e3f4c0561fbfd8291e34f8",
      "Length": 99,
      "update_at": "2025-09-24T14:42:00.000Z"
    },
    {
      "shortPath": "l2/crm/organismAttachmentsAdd.test.ts",
      "versionRef": "c86dca69eff8c7ca20140b1e7cbf2c8cf10c5ced",
      "Length": 267,
      "update_at": "2025-09-24T14:42:00.000Z"
    },
    {
      "shortPath": "l2/designSystem.defs.ts",
      "versionRef": "38b2f1dbeceb8727480a980712f1cd55a1d8a9a0",
      "Length": 86,
      "update_at": "2025-08-05T18:28:44.000Z"
    },
    {
      "shortPath": "l2/designSystem.html",
      "versionRef": "fffd2f95b3e2532a42ad4612a9e3cdddd1af06b4",
      "Length": 29,
      "update_at": "2025-07-09T20:24:51.000Z"
    },
    {
      "shortPath": "l2/designSystem.less",
      "versionRef": "58a6e1b32b14ca601c97ac37f0c9b40497282f5e",
      "Length": 188,
      "update_at": "2025-07-09T20:24:51.000Z"
    },
    {
      "shortPath": "l2/designSystem.test.ts",
      "versionRef": "08616dabe8247a594fb0d46d46580f68f749e634",
      "Length": 254,
      "update_at": "2025-08-05T18:28:44.000Z"
    },
    {
      "shortPath": "l2/designSystem.ts",
      "versionRef": "4a77cf8169aebb7bc66462e1d6e80c34b30ea301",
      "Length": 28788,
      "update_at": "2025-10-13T18:20:50.000Z"
    },
    {
      "shortPath": "l2/petshop/adminPanel.defs.ts",
      "versionRef": "82181b399f79e0f188563a5dd42cfe8208abc6dc",
      "Length": 4371,
      "update_at": "2025-08-05T18:28:44.000Z"
    },
    {
      "shortPath": "l2/petshop/adminPanel.html",
      "versionRef": "a74c5180bf1ac3427b524685c1b4570641b6bc8c",
      "Length": 1101,
      "update_at": "2025-08-14T18:57:42.000Z"
    },
    {
      "shortPath": "l2/petshop/adminPanel.less",
      "versionRef": "a5b96485ea5628ea20ffcb89036e7ebedfe9df9b",
      "Length": 1131,
      "update_at": "2025-08-05T18:28:44.000Z"
    },
    {
      "shortPath": "l2/petshop/adminPanel.test.ts",
      "versionRef": "5b641284ae3863a763d6371fba816e1963352f4c",
      "Length": 259,
      "update_at": "2025-08-05T18:28:44.000Z"
    },
    {
      "shortPath": "l2/petshop/adminPanel.ts",
      "versionRef": "ac0629fa052d154fe7309d26411f5d650f18ff14",
      "Length": 445,
      "update_at": "2025-08-05T18:28:44.000Z"
    },
    {
      "shortPath": "l2/petshop/agendamento.defs.ts",
      "versionRef": "57e29f79a9a6561919987446f6f3fa5c1c9de761",
      "Length": 2265,
      "update_at": "2025-08-05T18:28:44.000Z"
    },
    {
      "shortPath": "l2/petshop/agendamento.html",
      "versionRef": "76d230921b4bb4bbfaa36bcbd738fc5c1367916a",
      "Length": 656,
      "update_at": "2025-08-14T18:57:42.000Z"
    },
    {
      "shortPath": "l2/petshop/agendamento.less",
      "versionRef": "a931c034c6d96e8c00f53ee0c14f58671cd02ff2",
      "Length": 683,
      "update_at": "2025-08-05T18:28:44.000Z"
    },
    {
      "shortPath": "l2/petshop/agendamento.test.ts",
      "versionRef": "a7cc396adae5b0a2a2c05232ea7c2aa831a681ad",
      "Length": 260,
      "update_at": "2025-08-05T18:28:44.000Z"
    },
    {
      "shortPath": "l2/petshop/agendamento.ts",
      "versionRef": "bddd22cb857a4b9d02d3615aac926bc9729de5be",
      "Length": 448,
      "update_at": "2025-08-05T18:28:44.000Z"
    },
    {
      "shortPath": "l2/petshop/contato.defs.ts",
      "versionRef": "7dfb5d7a36391fc5847f22d0b129ca0eed0e4c5d",
      "Length": 2059,
      "update_at": "2025-08-05T18:28:44.000Z"
    },
    {
      "shortPath": "l2/petshop/contato.html",
      "versionRef": "620d8c1ad1d5b370abd18b85ad475d3b6b34fd85",
      "Length": 629,
      "update_at": "2025-08-14T18:57:42.000Z"
    },
    {
      "shortPath": "l2/petshop/contato.less",
      "versionRef": "c40aace74d9817b3c62b38961b279f6b8f94154c",
      "Length": 778,
      "update_at": "2025-08-05T18:28:44.000Z"
    },
    {
      "shortPath": "l2/petshop/contato.test.ts",
      "versionRef": "5c94b05227c822ea8c06f3ed2a0223176b4d6fc0",
      "Length": 256,
      "update_at": "2025-08-05T18:28:44.000Z"
    },
    {
      "shortPath": "l2/petshop/contato.ts",
      "versionRef": "cf115cf1760e2c6b75ac3dce3a348212e7abf4df",
      "Length": 435,
      "update_at": "2025-08-05T18:28:44.000Z"
    },
    {
      "shortPath": "l2/petshop/module.defs.ts",
      "versionRef": "57a571c3822a907c8e39fe6de5341fb32fac6302",
      "Length": 87,
      "update_at": "2025-08-05T18:28:44.000Z"
    },
    {
      "shortPath": "l2/petshop/module.html",
      "versionRef": "6e54754ae6e62592cfb1ba96840c597443af8605",
      "Length": 15,
      "update_at": "2025-08-05T18:28:44.000Z"
    },
    {
      "shortPath": "l2/petshop/module.less",
      "versionRef": "9ebadc752fc5e1d3f2b4c28002cdaf41e0932d43",
      "Length": 147,
      "update_at": "2025-08-05T18:28:44.000Z"
    },
    {
      "shortPath": "l2/petshop/module.test.ts",
      "versionRef": "6070ed2d3209c76263993a855d9d2ed402aa841f",
      "Length": 255,
      "update_at": "2025-08-05T18:28:44.000Z"
    },
    {
      "shortPath": "l2/petshop/module.ts",
      "versionRef": "02a186ae12f80b14ad3b07e714903e8e91a5dfdc",
      "Length": 30805,
      "update_at": "2025-10-13T18:20:50.000Z"
    },
    {
      "shortPath": "l2/petshop/organismAboutPetshop.defs.ts",
      "versionRef": "b89938b2843785434a53dcb0a8ae7ee5368982b2",
      "Length": 1075,
      "update_at": "2025-08-08T13:40:58.000Z"
    },
    {
      "shortPath": "l2/petshop/organismAboutPetshop.html",
      "versionRef": "9c68458a2f3e918f5a2687a46fe76d79b33f11f2",
      "Length": 81,
      "update_at": "2025-08-05T18:28:44.000Z"
    },
    {
      "shortPath": "l2/petshop/organismAboutPetshop.less",
      "versionRef": "3433c60e501643ade7936f72d5a0978715c5e2a4",
      "Length": 1282,
      "update_at": "2025-10-13T18:20:50.000Z"
    },
    {
      "shortPath": "l2/petshop/organismAboutPetshop.test.ts",
      "versionRef": "bdaac45162a6698938c2df9435be186a66e5ee4c",
      "Length": 269,
      "update_at": "2025-08-05T18:28:44.000Z"
    },
    {
      "shortPath": "l2/petshop/organismAboutPetshop.ts",
      "versionRef": "2822a66d0aec65c7229e978d597b3c3150a45a13",
      "Length": 1438,
      "update_at": "2025-08-05T18:28:44.000Z"
    },
    {
      "shortPath": "l2/petshop/organismAdminBookings.defs.ts",
      "versionRef": "45839ec1b0e1981977c21c94422bdbfbcdede98f",
      "Length": 1126,
      "update_at": "2025-08-08T13:40:58.000Z"
    },
    {
      "shortPath": "l2/petshop/organismAdminBookings.html",
      "versionRef": "aeb2a4a8ed50d889e19417d6fc0208bbd8dc444a",
      "Length": 83,
      "update_at": "2025-08-05T18:28:44.000Z"
    },
    {
      "shortPath": "l2/petshop/organismAdminBookings.less",
      "versionRef": "8124310a67875316139bf996a0d3e151ce480f4e",
      "Length": 2328,
      "update_at": "2025-08-05T18:28:44.000Z"
    },
    {
      "shortPath": "l2/petshop/organismAdminBookings.test.ts",
      "versionRef": "2c3914e59f0c143a0ba3454380410f5b79953ffd",
      "Length": 270,
      "update_at": "2025-08-05T18:28:44.000Z"
    },
    {
      "shortPath": "l2/petshop/organismAdminBookings.ts",
      "versionRef": "c59afaeb56e01fe48fa440a7a40133038204e5f4",
      "Length": 3965,
      "update_at": "2025-08-05T18:28:44.000Z"
    },
    {
      "shortPath": "l2/petshop/organismAdminContent.defs.ts",
      "versionRef": "a1d592a745ab6c7367f1574e7e6aa298cee20a9b",
      "Length": 1075,
      "update_at": "2025-08-08T13:40:58.000Z"
    },
    {
      "shortPath": "l2/petshop/organismAdminContent.html",
      "versionRef": "2bcdf12e53343b2a003103f181a2173465e7381f",
      "Length": 81,
      "update_at": "2025-08-05T18:28:44.000Z"
    },
    {
      "shortPath": "l2/petshop/organismAdminContent.less",
      "versionRef": "a01b47a8e83575e52ddc07efe10a73edbbbe4bf5",
      "Length": 2207,
      "update_at": "2025-08-05T18:28:44.000Z"
    },
    {
      "shortPath": "l2/petshop/organismAdminContent.test.ts",
      "versionRef": "dc595d1c6bb32556bc85663c5a1b2d94c326da5a",
      "Length": 269,
      "update_at": "2025-08-05T18:28:44.000Z"
    },
    {
      "shortPath": "l2/petshop/organismAdminContent.ts",
      "versionRef": "a3774d6de716361db51058a96003f66f9ee4c48c",
      "Length": 2161,
      "update_at": "2025-08-05T18:28:44.000Z"
    },
    {
      "shortPath": "l2/petshop/organismAdminDashboard.defs.ts",
      "versionRef": "c7209646240e59ecfd9f69df89057c0fa3ae64b9",
      "Length": 1099,
      "update_at": "2025-08-08T13:40:58.000Z"
    },
    {
      "shortPath": "l2/petshop/organismAdminDashboard.html",
      "versionRef": "810777ebcb23afcece925a03bc1f20dc43f1c30c",
      "Length": 85,
      "update_at": "2025-08-05T18:28:44.000Z"
    },
    {
      "shortPath": "l2/petshop/organismAdminDashboard.less",
      "versionRef": "485dae3a5361f7cb2b090150b0bdcd08d3479c8d",
      "Length": 1871,
      "update_at": "2025-08-05T18:28:44.000Z"
    },
    {
      "shortPath": "l2/petshop/organismAdminDashboard.test.ts",
      "versionRef": "e9ed017946eff63bf40179e982b78e628c53d744",
      "Length": 271,
      "update_at": "2025-08-05T18:28:44.000Z"
    },
    {
      "shortPath": "l2/petshop/organismAdminDashboard.ts",
      "versionRef": "c9e01ec7890a2b6c41451828c2b70c8d6babfac5",
      "Length": 3000,
      "update_at": "2025-08-05T18:28:44.000Z"
    },
    {
      "shortPath": "l2/petshop/organismAdminNav.defs.ts",
      "versionRef": "c541ec35aec6d9fba2f95a5417eb94f51c6bc94b",
      "Length": 1150,
      "update_at": "2025-08-08T13:40:58.000Z"
    },
    {
      "shortPath": "l2/petshop/organismAdminNav.html",
      "versionRef": "c295f5154102f299377a124c3b32aa0bdd708a67",
      "Length": 73,
      "update_at": "2025-08-05T18:28:44.000Z"
    },
    {
      "shortPath": "l2/petshop/organismAdminNav.less",
      "versionRef": "bf6194d43e4e250521f07280ac945866c629d587",
      "Length": 1938,
      "update_at": "2025-08-05T18:28:44.000Z"
    },
    {
      "shortPath": "l2/petshop/organismAdminNav.test.ts",
      "versionRef": "04ad1c00251a32140b1c2ed07dcb40c75f8f73e0",
      "Length": 265,
      "update_at": "2025-08-05T18:28:44.000Z"
    },
    {
      "shortPath": "l2/petshop/organismAdminNav.ts",
      "versionRef": "d4fbaf9a343a25bc43b274d7da343c5f3ced44eb",
      "Length": 2226,
      "update_at": "2025-08-05T18:28:44.000Z"
    },
    {
      "shortPath": "l2/petshop/organismAdminProducts.defs.ts",
      "versionRef": "63091a47466ae7fe6aea7184841627c0262b1b32",
      "Length": 1093,
      "update_at": "2025-08-08T13:40:58.000Z"
    },
    {
      "shortPath": "l2/petshop/organismAdminProducts.html",
      "versionRef": "2eaca0bb354847fe1023fd853f2948e88bfa3f81",
      "Length": 83,
      "update_at": "2025-08-05T18:28:44.000Z"
    },
    {
      "shortPath": "l2/petshop/organismAdminProducts.less",
      "versionRef": "27a13ca51e3e18946238d5326939ca4170eebd54",
      "Length": 3030,
      "update_at": "2025-08-05T18:28:44.000Z"
    },
    {
      "shortPath": "l2/petshop/organismAdminProducts.test.ts",
      "versionRef": "66c66596f34a6a9e913b849823197950508dcff4",
      "Length": 270,
      "update_at": "2025-08-05T18:28:44.000Z"
    },
    {
      "shortPath": "l2/petshop/organismAdminProducts.ts",
      "versionRef": "4bb86616eb9ae1d440d30c620021582358df6f99",
      "Length": 5361,
      "update_at": "2025-08-05T18:28:44.000Z"
    },
    {
      "shortPath": "l2/petshop/organismAdminSidebar.defs.ts",
      "versionRef": "810cbc3f54515177bfca1208756fe44db9eae621",
      "Length": 1104,
      "update_at": "2025-08-08T13:40:58.000Z"
    },
    {
      "shortPath": "l2/petshop/organismAdminSidebar.html",
      "versionRef": "327d7985af0b5b036f11e5bb71f130e872b61000",
      "Length": 81,
      "update_at": "2025-08-05T18:28:44.000Z"
    },
    {
      "shortPath": "l2/petshop/organismAdminSidebar.less",
      "versionRef": "22a3a733fddfdd942075a31c36ccf7e122f612ef",
      "Length": 2336,
      "update_at": "2025-08-05T18:28:44.000Z"
    },
    {
      "shortPath": "l2/petshop/organismAdminSidebar.test.ts",
      "versionRef": "11e9877e6d0058fe5c179169bf8e941cb2e4ff6d",
      "Length": 269,
      "update_at": "2025-08-05T18:28:44.000Z"
    },
    {
      "shortPath": "l2/petshop/organismAdminSidebar.ts",
      "versionRef": "93a6bbacaad9c5d2fa7306a401bb78ec22789d13",
      "Length": 2524,
      "update_at": "2025-08-05T18:28:44.000Z"
    },
    {
      "shortPath": "l2/petshop/organismBookingForm.defs.ts",
      "versionRef": "1d78bca379e4a366ec34c99a24459b698cae29da",
      "Length": 1528,
      "update_at": "2025-08-08T13:40:58.000Z"
    },
    {
      "shortPath": "l2/petshop/organismBookingForm.html",
      "versionRef": "9acf5c89d4d84ab1387470e5cea635f9be330818",
      "Length": 79,
      "update_at": "2025-08-05T18:28:44.000Z"
    },
    {
      "shortPath": "l2/petshop/organismBookingForm.less",
      "versionRef": "bb896897083d7b53bce47603b6855a167a2fc03c",
      "Length": 2369,
      "update_at": "2025-08-05T18:28:44.000Z"
    },
    {
      "shortPath": "l2/petshop/organismBookingForm.test.ts",
      "versionRef": "0c5a49a72ae3d17e785b6c6f4ca33c06d6cd5abb",
      "Length": 268,
      "update_at": "2025-08-05T18:28:44.000Z"
    },
    {
      "shortPath": "l2/petshop/organismBookingForm.ts",
      "versionRef": "12665c874c2be31b0a8c00bc913deafef1630bb3",
      "Length": 6189,
      "update_at": "2025-08-05T18:28:44.000Z"
    },
    {
      "shortPath": "l2/petshop/organismBookingInfo.defs.ts",
      "versionRef": "8af790963e1a1ff46570f97610d24c3a1eaaaf95",
      "Length": 1137,
      "update_at": "2025-08-08T13:40:58.000Z"
    },
    {
      "shortPath": "l2/petshop/organismBookingInfo.html",
      "versionRef": "04984c330e784aa36a86b0572f4b0d0a30195cc1",
      "Length": 79,
      "update_at": "2025-08-05T18:28:44.000Z"
    },
    {
      "shortPath": "l2/petshop/organismBookingInfo.less",
      "versionRef": "d16a924c64bc0a98d0d2e2b14900232834245841",
      "Length": 1209,
      "update_at": "2025-10-13T18:20:50.000Z"
    },
    {
      "shortPath": "l2/petshop/organismBookingInfo.test.ts",
      "versionRef": "b5ce65a03d3b9b566a2300b062fa0e6df9a533e1",
      "Length": 268,
      "update_at": "2025-08-05T18:28:44.000Z"
    },
    {
      "shortPath": "l2/petshop/organismBookingInfo.ts",
      "versionRef": "5fbf03bdfc5bf55512ad369af969768f4e13f6a4",
      "Length": 1411,
      "update_at": "2025-08-05T18:28:44.000Z"
    },
    {
      "shortPath": "l2/petshop/organismCartSummary.defs.ts",
      "versionRef": "f31d9f3c7cb9f49e22cba8fb30d1a1fe9f175c06",
      "Length": 1124,
      "update_at": "2025-08-08T13:40:58.000Z"
    },
    {
      "shortPath": "l2/petshop/organismCartSummary.html",
      "versionRef": "5d6935e16cc6aff49003dc793d30738f6163248a",
      "Length": 79,
      "update_at": "2025-08-05T18:28:44.000Z"
    },
    {
      "shortPath": "l2/petshop/organismCartSummary.less",
      "versionRef": "83b838b75feb1a96ed2107ae08340ed2cab3ae4f",
      "Length": 3935,
      "update_at": "2025-08-05T18:28:44.000Z"
    },
    {
      "shortPath": "l2/petshop/organismCartSummary.test.ts",
      "versionRef": "584b29fa640fc6d692760be473820b602f6914fc",
      "Length": 268,
      "update_at": "2025-08-05T18:28:44.000Z"
    },
    {
      "shortPath": "l2/petshop/organismCartSummary.ts",
      "versionRef": "bf2debf948cc58e556c1a271242707380fdb8480",
      "Length": 2919,
      "update_at": "2025-08-05T18:28:44.000Z"
    },
    {
      "shortPath": "l2/petshop/organismContactDetails.defs.ts",
      "versionRef": "c087651814d768502b6a21b4f084f58bb0b8447c",
      "Length": 1114,
      "update_at": "2025-08-08T13:40:58.000Z"
    },
    {
      "shortPath": "l2/petshop/organismContactDetails.html",
      "versionRef": "bd75f013af26d04ac3df3005f15d709e53e1b9f1",
      "Length": 85,
      "update_at": "2025-08-05T18:28:44.000Z"
    },
    {
      "shortPath": "l2/petshop/organismContactDetails.less",
      "versionRef": "7391f4a985ad4e7103ec727e02301e6aa05641ab",
      "Length": 1850,
      "update_at": "2025-08-05T18:28:44.000Z"
    },
    {
      "shortPath": "l2/petshop/organismContactDetails.test.ts",
      "versionRef": "7decc1dc00513442c35dae36cee32683e660e2fd",
      "Length": 271,
      "update_at": "2025-08-05T18:28:44.000Z"
    },
    {
      "shortPath": "l2/petshop/organismContactDetails.ts",
      "versionRef": "d3f44b54c3ba4e03ecaac7df59e90f5fc800e1d1",
      "Length": 5842,
      "update_at": "2025-08-05T18:28:44.000Z"
    },
    {
      "shortPath": "l2/petshop/organismContactForm.defs.ts",
      "versionRef": "633efcaa5f684207cf198e4f777c480659fd895c",
      "Length": 1105,
      "update_at": "2025-08-08T13:40:58.000Z"
    },
    {
      "shortPath": "l2/petshop/organismContactForm.html",
      "versionRef": "dc2061e83d62764f49da9c1ebafb996f616c5d39",
      "Length": 79,
      "update_at": "2025-08-05T18:28:44.000Z"
    },
    {
      "shortPath": "l2/petshop/organismContactForm.less",
      "versionRef": "4d357f089c3d4ee0fd56018eaa4af18434ff771f",
      "Length": 1923,
      "update_at": "2025-08-05T18:28:44.000Z"
    },
    {
      "shortPath": "l2/petshop/organismContactForm.test.ts",
      "versionRef": "ce5de567e5fceade2490c5d93d002959a5a2c3b8",
      "Length": 268,
      "update_at": "2025-08-05T18:28:44.000Z"
    },
    {
      "shortPath": "l2/petshop/organismContactForm.ts",
      "versionRef": "b2b0832fc65e65da9001d0f6b22363c261277553",
      "Length": 1478,
      "update_at": "2025-08-05T18:28:44.000Z"
    },
    {
      "shortPath": "l2/petshop/organismFeaturedProducts.defs.ts",
      "versionRef": "1957101e787e2376cd1a8e40aa7028dd043b5651",
      "Length": 1108,
      "update_at": "2025-08-08T13:40:58.000Z"
    },
    {
      "shortPath": "l2/petshop/organismFeaturedProducts.html",
      "versionRef": "201e56e45a32da5df4061bf7c61273ec8adc2650",
      "Length": 89,
      "update_at": "2025-08-05T18:28:44.000Z"
    },
    {
      "shortPath": "l2/petshop/organismFeaturedProducts.less",
      "versionRef": "6cda4bd5b17b341edf6eb52a03ad16c61ea92f4d",
      "Length": 2565,
      "update_at": "2025-08-05T18:28:44.000Z"
    },
    {
      "shortPath": "l2/petshop/organismFeaturedProducts.test.ts",
      "versionRef": "147ccefb3cabd67f041f864c17f920fbd683093f",
      "Length": 273,
      "update_at": "2025-08-05T18:28:44.000Z"
    },
    {
      "shortPath": "l2/petshop/organismFeaturedProducts.ts",
      "versionRef": "b9df12e059d2dddbdbb0bb93e76e027fa5d34fd3",
      "Length": 4640,
      "update_at": "2025-08-05T18:28:44.000Z"
    },
    {
      "shortPath": "l2/petshop/organismFeaturedServices.defs.ts",
      "versionRef": "9c6340591fb7311f178e27c902ea7ea8ab86fa0a",
      "Length": 1104,
      "update_at": "2025-08-08T13:40:58.000Z"
    },
    {
      "shortPath": "l2/petshop/organismFeaturedServices.html",
      "versionRef": "74ab9c8e38f39586526a5479e071d47b859334c6",
      "Length": 89,
      "update_at": "2025-08-05T18:28:44.000Z"
    },
    {
      "shortPath": "l2/petshop/organismFeaturedServices.less",
      "versionRef": "eec608882b28d32ceb3ab7f9a444cc3c7ec7cc3a",
      "Length": 2378,
      "update_at": "2025-10-13T18:20:50.000Z"
    },
    {
      "shortPath": "l2/petshop/organismFeaturedServices.test.ts",
      "versionRef": "cdd1850faf4426b9e1d23f5216369ba4ba732f0c",
      "Length": 273,
      "update_at": "2025-08-05T18:28:44.000Z"
    },
    {
      "shortPath": "l2/petshop/organismFeaturedServices.ts",
      "versionRef": "e8e29c7fa9652f4a21ea061a7981c861bddcedbf",
      "Length": 3969,
      "update_at": "2025-08-05T18:28:44.000Z"
    },
    {
      "shortPath": "l2/petshop/organismFooterInfo.defs.ts",
      "versionRef": "f10e7cb11e3dedbd4f50f9a4934c71520923756e",
      "Length": 1138,
      "update_at": "2025-08-08T13:40:58.000Z"
    },
    {
      "shortPath": "l2/petshop/organismFooterInfo.html",
      "versionRef": "caf2202351e7d07dbc7e9419c269aa8eaa9599b5",
      "Length": 77,
      "update_at": "2025-08-05T18:28:44.000Z"
    },
    {
      "shortPath": "l2/petshop/organismFooterInfo.less",
      "versionRef": "d10f701ae7da0384b42c692c815faa5edc2968b6",
      "Length": 2435,
      "update_at": "2025-08-05T18:28:44.000Z"
    },
    {
      "shortPath": "l2/petshop/organismFooterInfo.test.ts",
      "versionRef": "a6e1b1baf2874ad49e0b1032c96eb5334e2d1d2f",
      "Length": 267,
      "update_at": "2025-08-05T18:28:44.000Z"
    },
    {
      "shortPath": "l2/petshop/organismFooterInfo.ts",
      "versionRef": "cd2e4a4ddb6395fed6337852323afdee2e25039d",
      "Length": 4760,
      "update_at": "2025-08-05T18:28:44.000Z"
    },
    {
      "shortPath": "l2/petshop/organismHeroBanner.defs.ts",
      "versionRef": "e2f4283b64e51d539778d1ab70168de72847c302",
      "Length": 1254,
      "update_at": "2025-08-08T13:40:58.000Z"
    },
    {
      "shortPath": "l2/petshop/organismHeroBanner.html",
      "versionRef": "aaa0c0e62299f828e7a75073309bc645ea4db698",
      "Length": 77,
      "update_at": "2025-08-05T18:28:44.000Z"
    },
    {
      "shortPath": "l2/petshop/organismHeroBanner.less",
      "versionRef": "7546afe1092ec06821cbe624ae253cd290aa40b6",
      "Length": 2105,
      "update_at": "2025-08-05T18:28:44.000Z"
    },
    {
      "shortPath": "l2/petshop/organismHeroBanner.test.ts",
      "versionRef": "11367c68fc1b4ba23f055acd8650aecd1fc31382",
      "Length": 267,
      "update_at": "2025-08-05T18:28:44.000Z"
    },
    {
      "shortPath": "l2/petshop/organismHeroBanner.ts",
      "versionRef": "c573de5e6a752b26f82b3dcc9b0aac6c74f36e8b",
      "Length": 1453,
      "update_at": "2025-08-05T18:28:44.000Z"
    },
    {
      "shortPath": "l2/petshop/organismNav.defs.ts",
      "versionRef": "f9a67743cf101c53febbb3fede0b515cb37959c4",
      "Length": 1467,
      "update_at": "2025-08-08T13:40:58.000Z"
    },
    {
      "shortPath": "l2/petshop/organismNav.html",
      "versionRef": "620de3895b9110fab1aab67185e79a887fe292f5",
      "Length": 61,
      "update_at": "2025-08-05T18:28:44.000Z"
    },
    {
      "shortPath": "l2/petshop/organismNav.less",
      "versionRef": "fc1d265586d8e138526eaee3eedaeda8cd814a37",
      "Length": 1929,
      "update_at": "2025-10-13T18:36:14.000Z"
    },
    {
      "shortPath": "l2/petshop/organismNav.test.ts",
      "versionRef": "64ebaf139230b9b10b9ba295a1e2f907ac57cd3a",
      "Length": 260,
      "update_at": "2025-08-05T18:28:44.000Z"
    },
    {
      "shortPath": "l2/petshop/organismNav.ts",
      "versionRef": "f795373a63509fc93524cbbcfb6bab538b63e86a",
      "Length": 2364,
      "update_at": "2025-10-13T18:36:14.000Z"
    },
    {
      "shortPath": "l2/petshop/organismProductFilters.defs.ts",
      "versionRef": "21fb5ac3c5d83b0539c1f0bbe37ef17c5c7efce7",
      "Length": 1122,
      "update_at": "2025-08-08T13:40:58.000Z"
    },
    {
      "shortPath": "l2/petshop/organismProductFilters.html",
      "versionRef": "1dee2293e2eee3bad5450bc7c1ece8e4410b5e5f",
      "Length": 85,
      "update_at": "2025-08-05T18:28:44.000Z"
    },
    {
      "shortPath": "l2/petshop/organismProductFilters.less",
      "versionRef": "550da4d3b0e8cbaee6ee7bc6fd8e6457e9b2ed58",
      "Length": 2195,
      "update_at": "2025-08-05T18:28:44.000Z"
    },
    {
      "shortPath": "l2/petshop/organismProductFilters.test.ts",
      "versionRef": "65c61ecbb1fd519dd1802357fc5e6200ab0967e1",
      "Length": 271,
      "update_at": "2025-08-05T18:28:44.000Z"
    },
    {
      "shortPath": "l2/petshop/organismProductFilters.ts",
      "versionRef": "f990b7c55400f7da7dbfbecf59f867f4d3ccc017",
      "Length": 2852,
      "update_at": "2025-08-05T18:28:44.000Z"
    },
    {
      "shortPath": "l2/petshop/organismProductList.defs.ts",
      "versionRef": "c365711ad2aa3b80ea8bcf8b38e8c8cd05a4901d",
      "Length": 1111,
      "update_at": "2025-08-08T13:40:58.000Z"
    },
    {
      "shortPath": "l2/petshop/organismProductList.html",
      "versionRef": "7cf8d01c8a2f9a38a75e23cbdadfb973e1c678c8",
      "Length": 79,
      "update_at": "2025-08-05T18:28:44.000Z"
    },
    {
      "shortPath": "l2/petshop/organismProductList.less",
      "versionRef": "f5a38a08883a6f2270b068b8fd7b33e5c2e5d096",
      "Length": 2362,
      "update_at": "2025-08-05T18:28:44.000Z"
    },
    {
      "shortPath": "l2/petshop/organismProductList.test.ts",
      "versionRef": "16d1f27418d565925ada00638b93663cee53389f",
      "Length": 268,
      "update_at": "2025-08-05T18:28:44.000Z"
    },
    {
      "shortPath": "l2/petshop/organismProductList.ts",
      "versionRef": "fd7157ba55a776ffcbc95d44d91fdaf94c1330c2",
      "Length": 6161,
      "update_at": "2025-08-05T18:28:44.000Z"
    },
    {
      "shortPath": "l2/petshop/organismSimulateLogin.defs.ts",
      "versionRef": "4d123960b4db69c6006262cf4461c99a7b44e519",
      "Length": 3476,
      "update_at": "2025-10-13T18:20:50.000Z"
    },
    {
      "shortPath": "l2/petshop/organismSimulateLogin.html",
      "versionRef": "074b74d235f376e621cdb07264440a2055405023",
      "Length": 83,
      "update_at": "2025-10-13T18:20:50.000Z"
    },
    {
      "shortPath": "l2/petshop/organismSimulateLogin.less",
      "versionRef": "3971add72c7892b37072f0ca631662f820c86368",
      "Length": 495,
      "update_at": "2025-10-13T18:20:50.000Z"
    },
    {
      "shortPath": "l2/petshop/organismSimulateLogin.test.ts",
      "versionRef": "c2d94df4a8f4d8a00cb59a0bae8bdbd7795d29f2",
      "Length": 270,
      "update_at": "2025-10-13T18:20:50.000Z"
    },
    {
      "shortPath": "l2/petshop/organismSimulateLogin.ts",
      "versionRef": "cd4d70d334ad54f58de8e6152ecd71b3e9cf82b7",
      "Length": 3311,
      "update_at": "2025-10-13T18:20:50.000Z"
    },
    {
      "shortPath": "l2/petshop/pageHome.defs.ts",
      "versionRef": "5e75481130c43607ad5e667d1a3340278d269112",
      "Length": 2173,
      "update_at": "2025-10-13T18:36:14.000Z"
    },
    {
      "shortPath": "l2/petshop/pageHome.html",
      "versionRef": "25be6041583d15664a2b949d4538f9f43ab53e86",
      "Length": 894,
      "update_at": "2025-10-13T18:36:14.000Z"
    },
    {
      "shortPath": "l2/petshop/pageHome.less",
      "versionRef": "009b920ebe55aff139695efb68b4a7079ae620f8",
      "Length": 480,
      "update_at": "2025-10-13T18:36:14.000Z"
    },
    {
      "shortPath": "l2/petshop/pageHome.test.ts",
      "versionRef": "c2cd111668c511be1894e00543c2445a1185b9d2",
      "Length": 257,
      "update_at": "2025-10-13T18:36:14.000Z"
    },
    {
      "shortPath": "l2/petshop/pageHome.ts",
      "versionRef": "1c2e5d89edcc1891fe07589ba746a9227254827e",
      "Length": 415,
      "update_at": "2025-10-13T18:36:14.000Z"
    },
    {
      "shortPath": "l2/petshop/pageLogin.defs.ts",
      "versionRef": "f409ca48fd2448c99d22d37bb7402afe66e3b3e5",
      "Length": 90,
      "update_at": "2025-10-13T18:20:50.000Z"
    },
    {
      "shortPath": "l2/petshop/pageLogin.html",
      "versionRef": "2eb408a2a03c54e1bbf4009846005fbc4e2f101d",
      "Length": 150,
      "update_at": "2025-10-13T18:20:50.000Z"
    },
    {
      "shortPath": "l2/petshop/pageLogin.less",
      "versionRef": "211f369ae3350896c35d68b923091e5b5c60480e",
      "Length": 154,
      "update_at": "2025-10-13T18:20:50.000Z"
    },
    {
      "shortPath": "l2/petshop/pageLogin.test.ts",
      "versionRef": "6fa5391679bb0f499138cd47702b8a4b720f9770",
      "Length": 258,
      "update_at": "2025-10-13T18:20:50.000Z"
    },
    {
      "shortPath": "l2/petshop/pageLogin.ts",
      "versionRef": "31babc83527240cf9854e9bdaebc58cbd81f72d7",
      "Length": 447,
      "update_at": "2025-10-13T18:20:50.000Z"
    },
    {
      "shortPath": "l2/petshop/produtos.defs.ts",
      "versionRef": "032c940f4451050ea5c1eb74c85c4a7637541792",
      "Length": 3453,
      "update_at": "2025-08-05T18:28:44.000Z"
    },
    {
      "shortPath": "l2/petshop/produtos.html",
      "versionRef": "75e4ec6d2a0d00e2471f963fdc5a85ac459a5516",
      "Length": 800,
      "update_at": "2025-08-14T18:57:42.000Z"
    },
    {
      "shortPath": "l2/petshop/produtos.less",
      "versionRef": "eeb2c9ed666012d9dafef281c2b451e1c8b8c667",
      "Length": 1368,
      "update_at": "2025-08-05T18:28:44.000Z"
    },
    {
      "shortPath": "l2/petshop/produtos.test.ts",
      "versionRef": "e9ce994c543c7cd2c484fe5d49d9eae404c84eba",
      "Length": 257,
      "update_at": "2025-08-05T18:28:44.000Z"
    },
    {
      "shortPath": "l2/petshop/produtos.ts",
      "versionRef": "543b6098658f76ecf7cea9aad05b9ebd464e8729",
      "Length": 439,
      "update_at": "2025-08-05T18:28:44.000Z"
    },
    {
      "shortPath": "l2/project.defs.ts",
      "versionRef": "d3a4684e7bad41f2a6bc798cf2fd8baca0f668e3",
      "Length": 81,
      "update_at": "2025-08-08T13:40:58.000Z"
    },
    {
      "shortPath": "l2/project.html",
      "versionRef": "88a90cf32ef33346febb29387541246b1be9a2e0",
      "Length": 16,
      "update_at": "2025-08-08T13:40:58.000Z"
    },
    {
      "shortPath": "l2/project.less",
      "versionRef": "3df83ae5d81364b936aee7d804aa7a8d1e45fa18",
      "Length": 1876,
      "update_at": "2025-10-13T13:08:58.000Z"
    },
    {
      "shortPath": "l2/project.test.ts",
      "versionRef": "718f5d9b060e714beca0def108663dbc07c05435",
      "Length": 250,
      "update_at": "2025-08-08T13:40:58.000Z"
    },
    {
      "shortPath": "l2/project.ts",
      "versionRef": "6aa7524ec221322d1649ae0810b276d9e7c5b477",
      "Length": 170,
      "update_at": "2025-10-13T13:11:41.000Z"
    },
    {
      "shortPath": "l5/project.json",
      "versionRef": "1f1bd83da5b855b3059233e3e39ef0f841784c29",
      "Length": 357,
      "update_at": "2025-07-02T19:24:51.000Z"
    },
    {
      "shortPath": "l0/package.json",
      "versionRef": "a74873287289a3b43e8541b34372722a086e8a03",
      "Length": 470,
      "update_at": "2025-07-02T19:24:49.000Z"
    },
    {
      "shortPath": "l0/tsconfig.json",
      "versionRef": "6a95f6e8d8e3042af5f58de9c691a455a7221647",
      "Length": 1191,
      "update_at": "2025-07-02T19:24:50.000Z"
    }
  ]
}