{
  "lastModified": "2025-10-15T13:45:09.711Z",
  "files": [
    {
      "shortPath": "l0/README.md",
      "versionRef": "2e1b14e8ed73119f964600f2fe185863d3fba359",
      "Length": 14,
      "update_at": "2025-07-02T19:24:46.000Z"
    },
    {
      "shortPath": "l2/crm/organismAttachmentsAdd.defs.ts",
      "versionRef": "edc4f625c8e4f0a6e9e3f4c0561fbfd8291e34f8",
      "Length": 99,
      "update_at": "2025-09-24T14:42:00.000Z"
    },
    {
      "shortPath": "l2/crm/organismAttachmentsAdd.test.ts",
      "versionRef": "c86dca69eff8c7ca20140b1e7cbf2c8cf10c5ced",
      "Length": 267,
      "update_at": "2025-09-24T14:42:00.000Z"
    },
    {
      "shortPath": "l2/designSystem.defs.ts",
      "versionRef": "38b2f1dbeceb8727480a980712f1cd55a1d8a9a0",
      "Length": 86,
      "update_at": "2025-08-05T18:28:44.000Z"
    },
    {
      "shortPath": "l2/designSystem.html",
      "versionRef": "fffd2f95b3e2532a42ad4612a9e3cdddd1af06b4",
      "Length": 29,
      "update_at": "2025-07-09T20:24:51.000Z"
    },
    {
      "shortPath": "l2/designSystem.less",
      "versionRef": "58a6e1b32b14ca601c97ac37f0c9b40497282f5e",
      "Length": 188,
      "update_at": "2025-07-09T20:24:51.000Z"
    },
    {
      "shortPath": "l2/designSystem.test.ts",
      "versionRef": "08616dabe8247a594fb0d46d46580f68f749e634",
      "Length": 254,
      "update_at": "2025-08-05T18:28:44.000Z"
    },
    {
      "shortPath": "l2/designSystem.ts",
      "versionRef": "4a77cf8169aebb7bc66462e1d6e80c34b30ea301",
      "Length": 28788,
      "update_at": "2025-10-13T18:20:50.000Z"
    },
    {
      "shortPath": "l2/petshop/adminPanel.defs.ts",
      "versionRef": "82181b399f79e0f188563a5dd42cfe8208abc6dc",
      "Length": 4371,
      "update_at": "2025-08-05T18:28:44.000Z"
    },
    {
      "shortPath": "l2/petshop/adminPanel.html",
      "versionRef": "a74c5180bf1ac3427b524685c1b4570641b6bc8c",
      "Length": 1101,
      "update_at": "2025-08-14T18:57:42.000Z"
    },
    {
      "shortPath": "l2/petshop/adminPanel.less",
      "versionRef": "a5b96485ea5628ea20ffcb89036e7ebedfe9df9b",
      "Length": 1131,
      "update_at": "2025-08-05T18:28:44.000Z"
    },
    {
      "shortPath": "l2/petshop/adminPanel.test.ts",
      "versionRef": "5b641284ae3863a763d6371fba816e1963352f4c",
      "Length": 259,
      "update_at": "2025-08-05T18:28:44.000Z"
    },
    {
      "shortPath": "l2/petshop/adminPanel.ts",
      "versionRef": "ac0629fa052d154fe7309d26411f5d650f18ff14",
      "Length": 445,
      "update_at": "2025-08-05T18:28:44.000Z"
    },
    {
      "shortPath": "l2/petshop/module.defs.ts",
      "versionRef": "57a571c3822a907c8e39fe6de5341fb32fac6302",
      "Length": 87,
      "update_at": "2025-08-05T18:28:44.000Z"
    },
    {
      "shortPath": "l2/petshop/module.html",
      "versionRef": "6e54754ae6e62592cfb1ba96840c597443af8605",
      "Length": 15,
      "update_at": "2025-08-05T18:28:44.000Z"
    },
    {
      "shortPath": "l2/petshop/module.less",
      "versionRef": "9ebadc752fc5e1d3f2b4c28002cdaf41e0932d43",
      "Length": 147,
      "update_at": "2025-08-05T18:28:44.000Z"
    },
    {
      "shortPath": "l2/petshop/module.test.ts",
      "versionRef": "6070ed2d3209c76263993a855d9d2ed402aa841f",
      "Length": 255,
      "update_at": "2025-08-05T18:28:44.000Z"
    },
    {
      "shortPath": "l2/petshop/module.ts",
      "versionRef": "02a186ae12f80b14ad3b07e714903e8e91a5dfdc",
      "Length": 30805,
      "update_at": "2025-10-13T18:20:50.000Z"
    },
    {
      "shortPath": "l2/petshop/organismAboutPetshop.defs.ts",
      "versionRef": "b89938b2843785434a53dcb0a8ae7ee5368982b2",
      "Length": 1075,
      "update_at": "2025-08-08T13:40:58.000Z"
    },
    {
      "shortPath": "l2/petshop/organismAboutPetshop.html",
      "versionRef": "9c68458a2f3e918f5a2687a46fe76d79b33f11f2",
      "Length": 81,
      "update_at": "2025-08-05T18:28:44.000Z"
    },
    {
      "shortPath": "l2/petshop/organismAboutPetshop.less",
      "versionRef": "3433c60e501643ade7936f72d5a0978715c5e2a4",
      "Length": 1282,
      "update_at": "2025-10-13T18:20:50.000Z"
    },
    {
      "shortPath": "l2/petshop/organismAboutPetshop.test.ts",
      "versionRef": "bdaac45162a6698938c2df9435be186a66e5ee4c",
      "Length": 269,
      "update_at": "2025-08-05T18:28:44.000Z"
    },
    {
      "shortPath": "l2/petshop/organismAboutPetshop.ts",
      "versionRef": "2822a66d0aec65c7229e978d597b3c3150a45a13",
      "Length": 1438,
      "update_at": "2025-08-05T18:28:44.000Z"
    },
    {
      "shortPath": "l2/petshop/organismAdminAddProduct.defs.ts",
      "versionRef": "b0a286edad2d28495d2597474cb957eafa2dfc69",
      "Length": 104,
      "update_at": "2025-10-14T17:33:21.000Z"
    },
    {
      "shortPath": "l2/petshop/organismAdminAddProduct.html",
      "versionRef": "c35113ec1d8b7bc10529e999340996126c06dfb8",
      "Length": 89,
      "update_at": "2025-10-14T17:33:21.000Z"
    },
    {
      "shortPath": "l2/petshop/organismAdminAddProduct.less",
      "versionRef": "19fac2733847ebdefe3687670fdab3dd196bfa1f",
      "Length": 251,
      "update_at": "2025-10-15T11:59:57.000Z"
    },
    {
      "shortPath": "l2/petshop/organismAdminAddProduct.test.ts",
      "versionRef": "d5df2b9d5002b1f8459dd73913bd601716b68fbb",
      "Length": 272,
      "update_at": "2025-10-14T17:33:21.000Z"
    },
    {
      "shortPath": "l2/petshop/organismAdminAddProduct.ts",
      "versionRef": "613a77708cd524d3d719a6e2b21864ecbef18d4a",
      "Length": 4943,
      "update_at": "2025-10-15T12:06:52.000Z"
    },
    {
      "shortPath": "l2/petshop/organismAdminAddService.defs.ts",
      "versionRef": "fb9c0aedf8182de62e1e8b8c41ca6d19d661ed92",
      "Length": 104,
      "update_at": "2025-10-14T17:33:21.000Z"
    },
    {
      "shortPath": "l2/petshop/organismAdminAddService.html",
      "versionRef": "b9597bb32d081ce296f8532e6a5990a65a2fceb3",
      "Length": 89,
      "update_at": "2025-10-14T17:33:21.000Z"
    },
    {
      "shortPath": "l2/petshop/organismAdminAddService.less",
      "versionRef": "0e574199ad651700700641f73d18585189ff2faf",
      "Length": 250,
      "update_at": "2025-10-15T11:59:57.000Z"
    },
    {
      "shortPath": "l2/petshop/organismAdminAddService.test.ts",
      "versionRef": "587c81197b460084318d505705b6ac7d1f44140b",
      "Length": 272,
      "update_at": "2025-10-14T17:33:21.000Z"
    },
    {
      "shortPath": "l2/petshop/organismAdminAddService.ts",
      "versionRef": "87af7ba822b9678d3bd29c434097b1a1b678bd1a",
      "Length": 6224,
      "update_at": "2025-10-15T12:06:52.000Z"
    },
    {
      "shortPath": "l2/petshop/organismAdminBookings.defs.ts",
      "versionRef": "45839ec1b0e1981977c21c94422bdbfbcdede98f",
      "Length": 1126,
      "update_at": "2025-08-08T13:40:58.000Z"
    },
    {
      "shortPath": "l2/petshop/organismAdminBookings.html",
      "versionRef": "aeb2a4a8ed50d889e19417d6fc0208bbd8dc444a",
      "Length": 83,
      "update_at": "2025-08-05T18:28:44.000Z"
    },
    {
      "shortPath": "l2/petshop/organismAdminBookings.less",
      "versionRef": "598168067cae524c4e2ca887db830a0aeff67a36",
      "Length": 1886,
      "update_at": "2025-10-14T12:25:13.000Z"
    },
    {
      "shortPath": "l2/petshop/organismAdminBookings.test.ts",
      "versionRef": "2c3914e59f0c143a0ba3454380410f5b79953ffd",
      "Length": 270,
      "update_at": "2025-08-05T18:28:44.000Z"
    },
    {
      "shortPath": "l2/petshop/organismAdminBookings.ts",
      "versionRef": "7c6b76e073c8201ef4e2c68c2ff1cb657f6f8bb6",
      "Length": 7932,
      "update_at": "2025-10-14T12:25:13.000Z"
    },
    {
      "shortPath": "l2/petshop/organismAdminContent.defs.ts",
      "versionRef": "a1d592a745ab6c7367f1574e7e6aa298cee20a9b",
      "Length": 1075,
      "update_at": "2025-08-08T13:40:58.000Z"
    },
    {
      "shortPath": "l2/petshop/organismAdminContent.html",
      "versionRef": "2bcdf12e53343b2a003103f181a2173465e7381f",
      "Length": 81,
      "update_at": "2025-08-05T18:28:44.000Z"
    },
    {
      "shortPath": "l2/petshop/organismAdminContent.less",
      "versionRef": "a01b47a8e83575e52ddc07efe10a73edbbbe4bf5",
      "Length": 2207,
      "update_at": "2025-08-05T18:28:44.000Z"
    },
    {
      "shortPath": "l2/petshop/organismAdminContent.test.ts",
      "versionRef": "dc595d1c6bb32556bc85663c5a1b2d94c326da5a",
      "Length": 269,
      "update_at": "2025-08-05T18:28:44.000Z"
    },
    {
      "shortPath": "l2/petshop/organismAdminContent.ts",
      "versionRef": "a3774d6de716361db51058a96003f66f9ee4c48c",
      "Length": 2161,
      "update_at": "2025-08-05T18:28:44.000Z"
    },
    {
      "shortPath": "l2/petshop/organismAdminDashboard.defs.ts",
      "versionRef": "c7209646240e59ecfd9f69df89057c0fa3ae64b9",
      "Length": 1099,
      "update_at": "2025-08-08T13:40:58.000Z"
    },
    {
      "shortPath": "l2/petshop/organismAdminDashboard.html",
      "versionRef": "810777ebcb23afcece925a03bc1f20dc43f1c30c",
      "Length": 85,
      "update_at": "2025-08-05T18:28:44.000Z"
    },
    {
      "shortPath": "l2/petshop/organismAdminDashboard.less",
      "versionRef": "485dae3a5361f7cb2b090150b0bdcd08d3479c8d",
      "Length": 1871,
      "update_at": "2025-08-05T18:28:44.000Z"
    },
    {
      "shortPath": "l2/petshop/organismAdminDashboard.test.ts",
      "versionRef": "e9ed017946eff63bf40179e982b78e628c53d744",
      "Length": 271,
      "update_at": "2025-08-05T18:28:44.000Z"
    },
    {
      "shortPath": "l2/petshop/organismAdminDashboard.ts",
      "versionRef": "a463accb54732808547d8582a19b0c74979e1aa3",
      "Length": 1705,
      "update_at": "2025-10-14T12:25:13.000Z"
    },
    {
      "shortPath": "l2/petshop/organismAdminNav.defs.ts",
      "versionRef": "c541ec35aec6d9fba2f95a5417eb94f51c6bc94b",
      "Length": 1150,
      "update_at": "2025-08-08T13:40:58.000Z"
    },
    {
      "shortPath": "l2/petshop/organismAdminNav.html",
      "versionRef": "c295f5154102f299377a124c3b32aa0bdd708a67",
      "Length": 73,
      "update_at": "2025-08-05T18:28:44.000Z"
    },
    {
      "shortPath": "l2/petshop/organismAdminNav.less",
      "versionRef": "1ca0f66dde86d9a29ba71a441163194e1278fcab",
      "Length": 2509,
      "update_at": "2025-10-15T13:44:31.000Z"
    },
    {
      "shortPath": "l2/petshop/organismAdminNav.test.ts",
      "versionRef": "04ad1c00251a32140b1c2ed07dcb40c75f8f73e0",
      "Length": 265,
      "update_at": "2025-08-05T18:28:44.000Z"
    },
    {
      "shortPath": "l2/petshop/organismAdminNav.ts",
      "versionRef": "0c91ac4ab4e984040317c19ecf8ed573b953fd06",
      "Length": 2772,
      "update_at": "2025-10-15T13:44:31.000Z"
    },
    {
      "shortPath": "l2/petshop/organismAdminProductEdit.defs.ts",
      "versionRef": "db1fec5833322142c17dfc4090bdcb64af65102a",
      "Length": 2839,
      "update_at": "2025-10-14T12:25:13.000Z"
    },
    {
      "shortPath": "l2/petshop/organismAdminProductEdit.html",
      "versionRef": "0763428252c52deb41b5accf609a133c11f9ed2d",
      "Length": 91,
      "update_at": "2025-10-14T12:25:13.000Z"
    },
    {
      "shortPath": "l2/petshop/organismAdminProductEdit.less",
      "versionRef": "05da02178fed9d1a45cf534ed9f2fb2670e833d1",
      "Length": 164,
      "update_at": "2025-10-14T12:25:13.000Z"
    },
    {
      "shortPath": "l2/petshop/organismAdminProductEdit.test.ts",
      "versionRef": "e946f66a6d78d55830ee03d747c128f125d38ad1",
      "Length": 273,
      "update_at": "2025-10-14T12:25:13.000Z"
    },
    {
      "shortPath": "l2/petshop/organismAdminProductEdit.ts",
      "versionRef": "70c784fcc68d6b7352b89ddcb068d0e4554ec518",
      "Length": 11080,
      "update_at": "2025-10-15T13:44:31.000Z"
    },
    {
      "shortPath": "l2/petshop/organismAdminProductList.defs.ts",
      "versionRef": "597441a040cca64d1c05b6f56d18ac9178cdf4ac",
      "Length": 2422,
      "update_at": "2025-10-14T12:25:13.000Z"
    },
    {
      "shortPath": "l2/petshop/organismAdminProductList.html",
      "versionRef": "b4867d7e457aa617d486214f40e9974ae0f9cb67",
      "Length": 91,
      "update_at": "2025-10-14T12:25:13.000Z"
    },
    {
      "shortPath": "l2/petshop/organismAdminProductList.less",
      "versionRef": "ea93e59938517cdd5d71a32c4088f942f3f15ab8",
      "Length": 744,
      "update_at": "2025-10-15T11:59:57.000Z"
    },
    {
      "shortPath": "l2/petshop/organismAdminProductList.test.ts",
      "versionRef": "e32cc7030f6577499ff9d07fe767c78594f3e616",
      "Length": 273,
      "update_at": "2025-10-14T12:25:13.000Z"
    },
    {
      "shortPath": "l2/petshop/organismAdminProductList.ts",
      "versionRef": "83e672580c15c438101c5600b1911b626fd03f63",
      "Length": 9545,
      "update_at": "2025-10-15T13:44:31.000Z"
    },
    {
      "shortPath": "l2/petshop/organismAdminProducts.defs.ts",
      "versionRef": "63091a47466ae7fe6aea7184841627c0262b1b32",
      "Length": 1093,
      "update_at": "2025-08-08T13:40:58.000Z"
    },
    {
      "shortPath": "l2/petshop/organismAdminProducts.html",
      "versionRef": "2eaca0bb354847fe1023fd853f2948e88bfa3f81",
      "Length": 83,
      "update_at": "2025-08-05T18:28:44.000Z"
    },
    {
      "shortPath": "l2/petshop/organismAdminProducts.less",
      "versionRef": "27a13ca51e3e18946238d5326939ca4170eebd54",
      "Length": 3030,
      "update_at": "2025-08-05T18:28:44.000Z"
    },
    {
      "shortPath": "l2/petshop/organismAdminProducts.test.ts",
      "versionRef": "66c66596f34a6a9e913b849823197950508dcff4",
      "Length": 270,
      "update_at": "2025-08-05T18:28:44.000Z"
    },
    {
      "shortPath": "l2/petshop/organismAdminProducts.ts",
      "versionRef": "4bb86616eb9ae1d440d30c620021582358df6f99",
      "Length": 5361,
      "update_at": "2025-08-05T18:28:44.000Z"
    },
    {
      "shortPath": "l2/petshop/organismAdminScheduling.defs.ts",
      "versionRef": "cff97da703ddd9371047957f8ecc69d36de9d4a1",
      "Length": 3032,
      "update_at": "2025-10-14T17:33:21.000Z"
    },
    {
      "shortPath": "l2/petshop/organismAdminScheduling.html",
      "versionRef": "f010f4f6f271d0857fb76d98eae0735b65606d85",
      "Length": 87,
      "update_at": "2025-10-14T17:33:21.000Z"
    },
    {
      "shortPath": "l2/petshop/organismAdminScheduling.less",
      "versionRef": "d8317d80ed42df480ef70f318082fb93df39125f",
      "Length": 748,
      "update_at": "2025-10-15T11:59:57.000Z"
    },
    {
      "shortPath": "l2/petshop/organismAdminScheduling.test.ts",
      "versionRef": "e872a2afa11501982eabf193cf24de92fa28755f",
      "Length": 272,
      "update_at": "2025-10-14T17:33:21.000Z"
    },
    {
      "shortPath": "l2/petshop/organismAdminScheduling.ts",
      "versionRef": "f286db4898202c6cdeaf30b2cdb4881805f4ef89",
      "Length": 3927,
      "update_at": "2025-10-15T12:06:52.000Z"
    },
    {
      "shortPath": "l2/petshop/organismAdminServiceEdit.defs.ts",
      "versionRef": "b86d214625fbb7f613f056ac64fa52539fd560fa",
      "Length": 4674,
      "update_at": "2025-10-14T12:25:13.000Z"
    },
    {
      "shortPath": "l2/petshop/organismAdminServiceEdit.html",
      "versionRef": "a706f9f5b71cdffe84b9a69dc95b32f085b02008",
      "Length": 91,
      "update_at": "2025-10-14T12:25:13.000Z"
    },
    {
      "shortPath": "l2/petshop/organismAdminServiceEdit.less",
      "versionRef": "5d442c0809f8740b48bfd1a11af4802095ad340a",
      "Length": 248,
      "update_at": "2025-10-15T11:59:57.000Z"
    },
    {
      "shortPath": "l2/petshop/organismAdminServiceEdit.test.ts",
      "versionRef": "a4683211b94fd786425d9a8e696aa672e8f82517",
      "Length": 273,
      "update_at": "2025-10-14T12:25:13.000Z"
    },
    {
      "shortPath": "l2/petshop/organismAdminServiceEdit.ts",
      "versionRef": "de1768aee14631e309982980f5548077d55fb5d3",
      "Length": 12218,
      "update_at": "2025-10-15T13:44:31.000Z"
    },
    {
      "shortPath": "l2/petshop/organismAdminServicesList.defs.ts",
      "versionRef": "6be64be56afef9134c53cc65533333aba54e46e7",
      "Length": 2573,
      "update_at": "2025-10-14T12:25:13.000Z"
    },
    {
      "shortPath": "l2/petshop/organismAdminServicesList.html",
      "versionRef": "4d6cf0cc4a150c8139bfeb2cc78e5132d9562b6b",
      "Length": 93,
      "update_at": "2025-10-14T12:25:13.000Z"
    },
    {
      "shortPath": "l2/petshop/organismAdminServicesList.less",
      "versionRef": "900c6f6aa429b5108c115d872a9f496ebac4cd3b",
      "Length": 1061,
      "update_at": "2025-10-15T11:59:57.000Z"
    },
    {
      "shortPath": "l2/petshop/organismAdminServicesList.test.ts",
      "versionRef": "1535c7fcce2661594da1e9dfdbe44f5cacdfd65a",
      "Length": 274,
      "update_at": "2025-10-14T12:25:13.000Z"
    },
    {
      "shortPath": "l2/petshop/organismAdminServicesList.ts",
      "versionRef": "2bb8c2ee1ddecd170e4def7d43b23e7acf47f721",
      "Length": 7328,
      "update_at": "2025-10-15T13:44:31.000Z"
    },
    {
      "shortPath": "l2/petshop/organismAdminSidebar.defs.ts",
      "versionRef": "810cbc3f54515177bfca1208756fe44db9eae621",
      "Length": 1104,
      "update_at": "2025-08-08T13:40:58.000Z"
    },
    {
      "shortPath": "l2/petshop/organismAdminSidebar.html",
      "versionRef": "327d7985af0b5b036f11e5bb71f130e872b61000",
      "Length": 81,
      "update_at": "2025-08-05T18:28:44.000Z"
    },
    {
      "shortPath": "l2/petshop/organismAdminSidebar.less",
      "versionRef": "22a3a733fddfdd942075a31c36ccf7e122f612ef",
      "Length": 2336,
      "update_at": "2025-08-05T18:28:44.000Z"
    },
    {
      "shortPath": "l2/petshop/organismAdminSidebar.test.ts",
      "versionRef": "11e9877e6d0058fe5c179169bf8e941cb2e4ff6d",
      "Length": 269,
      "update_at": "2025-08-05T18:28:44.000Z"
    },
    {
      "shortPath": "l2/petshop/organismAdminSidebar.ts",
      "versionRef": "93a6bbacaad9c5d2fa7306a401bb78ec22789d13",
      "Length": 2524,
      "update_at": "2025-08-05T18:28:44.000Z"
    },
    {
      "shortPath": "l2/petshop/organismBookingForm.defs.ts",
      "versionRef": "1d78bca379e4a366ec34c99a24459b698cae29da",
      "Length": 1528,
      "update_at": "2025-08-08T13:40:58.000Z"
    },
    {
      "shortPath": "l2/petshop/organismBookingForm.html",
      "versionRef": "9acf5c89d4d84ab1387470e5cea635f9be330818",
      "Length": 79,
      "update_at": "2025-08-05T18:28:44.000Z"
    },
    {
      "shortPath": "l2/petshop/organismBookingForm.less",
      "versionRef": "bb896897083d7b53bce47603b6855a167a2fc03c",
      "Length": 2369,
      "update_at": "2025-08-05T18:28:44.000Z"
    },
    {
      "shortPath": "l2/petshop/organismBookingForm.test.ts",
      "versionRef": "0c5a49a72ae3d17e785b6c6f4ca33c06d6cd5abb",
      "Length": 268,
      "update_at": "2025-08-05T18:28:44.000Z"
    },
    {
      "shortPath": "l2/petshop/organismBookingForm.ts",
      "versionRef": "12665c874c2be31b0a8c00bc913deafef1630bb3",
      "Length": 6189,
      "update_at": "2025-08-05T18:28:44.000Z"
    },
    {
      "shortPath": "l2/petshop/organismBookingInfo.defs.ts",
      "versionRef": "8af790963e1a1ff46570f97610d24c3a1eaaaf95",
      "Length": 1137,
      "update_at": "2025-08-08T13:40:58.000Z"
    },
    {
      "shortPath": "l2/petshop/organismBookingInfo.html",
      "versionRef": "04984c330e784aa36a86b0572f4b0d0a30195cc1",
      "Length": 79,
      "update_at": "2025-08-05T18:28:44.000Z"
    },
    {
      "shortPath": "l2/petshop/organismBookingInfo.less",
      "versionRef": "d16a924c64bc0a98d0d2e2b14900232834245841",
      "Length": 1209,
      "update_at": "2025-10-13T18:20:50.000Z"
    },
    {
      "shortPath": "l2/petshop/organismBookingInfo.test.ts",
      "versionRef": "b5ce65a03d3b9b566a2300b062fa0e6df9a533e1",
      "Length": 268,
      "update_at": "2025-08-05T18:28:44.000Z"
    },
    {
      "shortPath": "l2/petshop/organismBookingInfo.ts",
      "versionRef": "5fbf03bdfc5bf55512ad369af969768f4e13f6a4",
      "Length": 1411,
      "update_at": "2025-08-05T18:28:44.000Z"
    },
    {
      "shortPath": "l2/petshop/organismCartSummary.defs.ts",
      "versionRef": "f31d9f3c7cb9f49e22cba8fb30d1a1fe9f175c06",
      "Length": 1124,
      "update_at": "2025-08-08T13:40:58.000Z"
    },
    {
      "shortPath": "l2/petshop/organismCartSummary.html",
      "versionRef": "5d6935e16cc6aff49003dc793d30738f6163248a",
      "Length": 79,
      "update_at": "2025-08-05T18:28:44.000Z"
    },
    {
      "shortPath": "l2/petshop/organismCartSummary.less",
      "versionRef": "83b838b75feb1a96ed2107ae08340ed2cab3ae4f",
      "Length": 3935,
      "update_at": "2025-08-05T18:28:44.000Z"
    },
    {
      "shortPath": "l2/petshop/organismCartSummary.test.ts",
      "versionRef": "584b29fa640fc6d692760be473820b602f6914fc",
      "Length": 268,
      "update_at": "2025-08-05T18:28:44.000Z"
    },
    {
      "shortPath": "l2/petshop/organismCartSummary.ts",
      "versionRef": "bf2debf948cc58e556c1a271242707380fdb8480",
      "Length": 2919,
      "update_at": "2025-08-05T18:28:44.000Z"
    },
    {
      "shortPath": "l2/petshop/organismContactDetails.defs.ts",
      "versionRef": "c087651814d768502b6a21b4f084f58bb0b8447c",
      "Length": 1114,
      "update_at": "2025-08-08T13:40:58.000Z"
    },
    {
      "shortPath": "l2/petshop/organismContactDetails.html",
      "versionRef": "bd75f013af26d04ac3df3005f15d709e53e1b9f1",
      "Length": 85,
      "update_at": "2025-08-05T18:28:44.000Z"
    },
    {
      "shortPath": "l2/petshop/organismContactDetails.less",
      "versionRef": "7391f4a985ad4e7103ec727e02301e6aa05641ab",
      "Length": 1850,
      "update_at": "2025-08-05T18:28:44.000Z"
    },
    {
      "shortPath": "l2/petshop/organismContactDetails.test.ts",
      "versionRef": "7decc1dc00513442c35dae36cee32683e660e2fd",
      "Length": 271,
      "update_at": "2025-08-05T18:28:44.000Z"
    },
    {
      "shortPath": "l2/petshop/organismContactDetails.ts",
      "versionRef": "d3f44b54c3ba4e03ecaac7df59e90f5fc800e1d1",
      "Length": 5842,
      "update_at": "2025-08-05T18:28:44.000Z"
    },
    {
      "shortPath": "l2/petshop/organismContactForm.defs.ts",
      "versionRef": "633efcaa5f684207cf198e4f777c480659fd895c",
      "Length": 1105,
      "update_at": "2025-08-08T13:40:58.000Z"
    },
    {
      "shortPath": "l2/petshop/organismContactForm.html",
      "versionRef": "dc2061e83d62764f49da9c1ebafb996f616c5d39",
      "Length": 79,
      "update_at": "2025-08-05T18:28:44.000Z"
    },
    {
      "shortPath": "l2/petshop/organismContactForm.less",
      "versionRef": "4d357f089c3d4ee0fd56018eaa4af18434ff771f",
      "Length": 1923,
      "update_at": "2025-08-05T18:28:44.000Z"
    },
    {
      "shortPath": "l2/petshop/organismContactForm.test.ts",
      "versionRef": "ce5de567e5fceade2490c5d93d002959a5a2c3b8",
      "Length": 268,
      "update_at": "2025-08-05T18:28:44.000Z"
    },
    {
      "shortPath": "l2/petshop/organismContactForm.ts",
      "versionRef": "b2b0832fc65e65da9001d0f6b22363c261277553",
      "Length": 1478,
      "update_at": "2025-08-05T18:28:44.000Z"
    },
    {
      "shortPath": "l2/petshop/organismFeaturedProducts.defs.ts",
      "versionRef": "1957101e787e2376cd1a8e40aa7028dd043b5651",
      "Length": 1108,
      "update_at": "2025-08-08T13:40:58.000Z"
    },
    {
      "shortPath": "l2/petshop/organismFeaturedProducts.html",
      "versionRef": "201e56e45a32da5df4061bf7c61273ec8adc2650",
      "Length": 89,
      "update_at": "2025-08-05T18:28:44.000Z"
    },
    {
      "shortPath": "l2/petshop/organismFeaturedProducts.less",
      "versionRef": "6cda4bd5b17b341edf6eb52a03ad16c61ea92f4d",
      "Length": 2565,
      "update_at": "2025-08-05T18:28:44.000Z"
    },
    {
      "shortPath": "l2/petshop/organismFeaturedProducts.test.ts",
      "versionRef": "147ccefb3cabd67f041f864c17f920fbd683093f",
      "Length": 273,
      "update_at": "2025-08-05T18:28:44.000Z"
    },
    {
      "shortPath": "l2/petshop/organismFeaturedProducts.ts",
      "versionRef": "b9df12e059d2dddbdbb0bb93e76e027fa5d34fd3",
      "Length": 4640,
      "update_at": "2025-08-05T18:28:44.000Z"
    },
    {
      "shortPath": "l2/petshop/organismFeaturedServices.defs.ts",
      "versionRef": "9c6340591fb7311f178e27c902ea7ea8ab86fa0a",
      "Length": 1104,
      "update_at": "2025-08-08T13:40:58.000Z"
    },
    {
      "shortPath": "l2/petshop/organismFeaturedServices.html",
      "versionRef": "74ab9c8e38f39586526a5479e071d47b859334c6",
      "Length": 89,
      "update_at": "2025-08-05T18:28:44.000Z"
    },
    {
      "shortPath": "l2/petshop/organismFeaturedServices.less",
      "versionRef": "eec608882b28d32ceb3ab7f9a444cc3c7ec7cc3a",
      "Length": 2378,
      "update_at": "2025-10-13T18:20:50.000Z"
    },
    {
      "shortPath": "l2/petshop/organismFeaturedServices.test.ts",
      "versionRef": "cdd1850faf4426b9e1d23f5216369ba4ba732f0c",
      "Length": 273,
      "update_at": "2025-08-05T18:28:44.000Z"
    },
    {
      "shortPath": "l2/petshop/organismFeaturedServices.ts",
      "versionRef": "e8e29c7fa9652f4a21ea061a7981c861bddcedbf",
      "Length": 3969,
      "update_at": "2025-08-05T18:28:44.000Z"
    },
    {
      "shortPath": "l2/petshop/organismFooterInfo.defs.ts",
      "versionRef": "f10e7cb11e3dedbd4f50f9a4934c71520923756e",
      "Length": 1138,
      "update_at": "2025-08-08T13:40:58.000Z"
    },
    {
      "shortPath": "l2/petshop/organismFooterInfo.html",
      "versionRef": "caf2202351e7d07dbc7e9419c269aa8eaa9599b5",
      "Length": 77,
      "update_at": "2025-08-05T18:28:44.000Z"
    },
    {
      "shortPath": "l2/petshop/organismFooterInfo.less",
      "versionRef": "d10f701ae7da0384b42c692c815faa5edc2968b6",
      "Length": 2435,
      "update_at": "2025-08-05T18:28:44.000Z"
    },
    {
      "shortPath": "l2/petshop/organismFooterInfo.test.ts",
      "versionRef": "a6e1b1baf2874ad49e0b1032c96eb5334e2d1d2f",
      "Length": 267,
      "update_at": "2025-08-05T18:28:44.000Z"
    },
    {
      "shortPath": "l2/petshop/organismFooterInfo.ts",
      "versionRef": "ac20652416a479c541de9d2d40e575ca2ab7e79e",
      "Length": 4780,
      "update_at": "2025-10-13T20:25:37.000Z"
    },
    {
      "shortPath": "l2/petshop/organismHeroBanner.defs.ts",
      "versionRef": "e2f4283b64e51d539778d1ab70168de72847c302",
      "Length": 1254,
      "update_at": "2025-08-08T13:40:58.000Z"
    },
    {
      "shortPath": "l2/petshop/organismHeroBanner.html",
      "versionRef": "aaa0c0e62299f828e7a75073309bc645ea4db698",
      "Length": 77,
      "update_at": "2025-08-05T18:28:44.000Z"
    },
    {
      "shortPath": "l2/petshop/organismHeroBanner.less",
      "versionRef": "7546afe1092ec06821cbe624ae253cd290aa40b6",
      "Length": 2105,
      "update_at": "2025-08-05T18:28:44.000Z"
    },
    {
      "shortPath": "l2/petshop/organismHeroBanner.test.ts",
      "versionRef": "11367c68fc1b4ba23f055acd8650aecd1fc31382",
      "Length": 267,
      "update_at": "2025-08-05T18:28:44.000Z"
    },
    {
      "shortPath": "l2/petshop/organismHeroBanner.ts",
      "versionRef": "c573de5e6a752b26f82b3dcc9b0aac6c74f36e8b",
      "Length": 1453,
      "update_at": "2025-08-05T18:28:44.000Z"
    },
    {
      "shortPath": "l2/petshop/organismMenuPerfil.defs.ts",
      "versionRef": "9c7f2b56a314f5e07069537d54bb30089a4f17e0",
      "Length": 4032,
      "update_at": "2025-10-13T20:25:37.000Z"
    },
    {
      "shortPath": "l2/petshop/organismMenuPerfil.html",
      "versionRef": "ff72110ed5a5589da58f821ce7dddbcb97deb80c",
      "Length": 77,
      "update_at": "2025-10-13T20:25:37.000Z"
    },
    {
      "shortPath": "l2/petshop/organismMenuPerfil.less",
      "versionRef": "dae46cd92e0fa8e83a9c1981e114eed3b7721c65",
      "Length": 1267,
      "update_at": "2025-10-13T20:25:37.000Z"
    },
    {
      "shortPath": "l2/petshop/organismMenuPerfil.test.ts",
      "versionRef": "61959a6d1ec6312db1883958bce761ea4ab39230",
      "Length": 267,
      "update_at": "2025-10-13T20:25:37.000Z"
    },
    {
      "shortPath": "l2/petshop/organismMenuPerfil.ts",
      "versionRef": "9b0643b29d79358bbee43eb889ebf8ef40b053c2",
      "Length": 2463,
      "update_at": "2025-10-13T20:25:37.000Z"
    },
    {
      "shortPath": "l2/petshop/organismNav.defs.ts",
      "versionRef": "f9a67743cf101c53febbb3fede0b515cb37959c4",
      "Length": 1467,
      "update_at": "2025-08-08T13:40:58.000Z"
    },
    {
      "shortPath": "l2/petshop/organismNav.html",
      "versionRef": "620de3895b9110fab1aab67185e79a887fe292f5",
      "Length": 61,
      "update_at": "2025-08-05T18:28:44.000Z"
    },
    {
      "shortPath": "l2/petshop/organismNav.less",
      "versionRef": "fc1d265586d8e138526eaee3eedaeda8cd814a37",
      "Length": 1929,
      "update_at": "2025-10-13T18:36:14.000Z"
    },
    {
      "shortPath": "l2/petshop/organismNav.test.ts",
      "versionRef": "64ebaf139230b9b10b9ba295a1e2f907ac57cd3a",
      "Length": 260,
      "update_at": "2025-08-05T18:28:44.000Z"
    },
    {
      "shortPath": "l2/petshop/organismNav.ts",
      "versionRef": "3aa859aa841aae148ca343eba21be78ebcbebafc",
      "Length": 2382,
      "update_at": "2025-10-13T20:25:37.000Z"
    },
    {
      "shortPath": "l2/petshop/organismProductFilters.defs.ts",
      "versionRef": "21fb5ac3c5d83b0539c1f0bbe37ef17c5c7efce7",
      "Length": 1122,
      "update_at": "2025-08-08T13:40:58.000Z"
    },
    {
      "shortPath": "l2/petshop/organismProductFilters.html",
      "versionRef": "1dee2293e2eee3bad5450bc7c1ece8e4410b5e5f",
      "Length": 85,
      "update_at": "2025-08-05T18:28:44.000Z"
    },
    {
      "shortPath": "l2/petshop/organismProductFilters.less",
      "versionRef": "550da4d3b0e8cbaee6ee7bc6fd8e6457e9b2ed58",
      "Length": 2195,
      "update_at": "2025-08-05T18:28:44.000Z"
    },
    {
      "shortPath": "l2/petshop/organismProductFilters.test.ts",
      "versionRef": "65c61ecbb1fd519dd1802357fc5e6200ab0967e1",
      "Length": 271,
      "update_at": "2025-08-05T18:28:44.000Z"
    },
    {
      "shortPath": "l2/petshop/organismProductFilters.ts",
      "versionRef": "f990b7c55400f7da7dbfbecf59f867f4d3ccc017",
      "Length": 2852,
      "update_at": "2025-08-05T18:28:44.000Z"
    },
    {
      "shortPath": "l2/petshop/organismProductList.defs.ts",
      "versionRef": "c365711ad2aa3b80ea8bcf8b38e8c8cd05a4901d",
      "Length": 1111,
      "update_at": "2025-08-08T13:40:58.000Z"
    },
    {
      "shortPath": "l2/petshop/organismProductList.html",
      "versionRef": "7cf8d01c8a2f9a38a75e23cbdadfb973e1c678c8",
      "Length": 79,
      "update_at": "2025-08-05T18:28:44.000Z"
    },
    {
      "shortPath": "l2/petshop/organismProductList.less",
      "versionRef": "f5a38a08883a6f2270b068b8fd7b33e5c2e5d096",
      "Length": 2362,
      "update_at": "2025-08-05T18:28:44.000Z"
    },
    {
      "shortPath": "l2/petshop/organismProductList.test.ts",
      "versionRef": "16d1f27418d565925ada00638b93663cee53389f",
      "Length": 268,
      "update_at": "2025-08-05T18:28:44.000Z"
    },
    {
      "shortPath": "l2/petshop/organismProductList.ts",
      "versionRef": "fd7157ba55a776ffcbc95d44d91fdaf94c1330c2",
      "Length": 6161,
      "update_at": "2025-08-05T18:28:44.000Z"
    },
    {
      "shortPath": "l2/petshop/organismSimulateLogin.defs.ts",
      "versionRef": "4d123960b4db69c6006262cf4461c99a7b44e519",
      "Length": 3476,
      "update_at": "2025-10-13T18:20:50.000Z"
    },
    {
      "shortPath": "l2/petshop/organismSimulateLogin.html",
      "versionRef": "074b74d235f376e621cdb07264440a2055405023",
      "Length": 83,
      "update_at": "2025-10-13T18:20:50.000Z"
    },
    {
      "shortPath": "l2/petshop/organismSimulateLogin.less",
      "versionRef": "3971add72c7892b37072f0ca631662f820c86368",
      "Length": 495,
      "update_at": "2025-10-13T18:20:50.000Z"
    },
    {
      "shortPath": "l2/petshop/organismSimulateLogin.test.ts",
      "versionRef": "c2d94df4a8f4d8a00cb59a0bae8bdbd7795d29f2",
      "Length": 270,
      "update_at": "2025-10-13T18:20:50.000Z"
    },
    {
      "shortPath": "l2/petshop/organismSimulateLogin.ts",
      "versionRef": "05f8f1b54b7ed64ed402893fc746750da347afe1",
      "Length": 4086,
      "update_at": "2025-10-14T18:11:41.000Z"
    },
    {
      "shortPath": "l2/petshop/organismViewIdentifyPf.defs.ts",
      "versionRef": "c3a12ea301cd52c3150e3f3b4e421749f5c6f272",
      "Length": 2441,
      "update_at": "2025-10-13T20:25:37.000Z"
    },
    {
      "shortPath": "l2/petshop/organismViewIdentifyPf.html",
      "versionRef": "6f3681e029c09da786d1d929d38949f13f5c938f",
      "Length": 87,
      "update_at": "2025-10-13T20:25:37.000Z"
    },
    {
      "shortPath": "l2/petshop/organismViewIdentifyPf.less",
      "versionRef": "69ea548aa01e15ac6b830cda8d237198aa9e6f4e",
      "Length": 991,
      "update_at": "2025-10-14T19:07:45.000Z"
    },
    {
      "shortPath": "l2/petshop/organismViewIdentifyPf.test.ts",
      "versionRef": "c04d705933c1d0982942a76dffce9e60da7ee043",
      "Length": 271,
      "update_at": "2025-10-13T20:25:37.000Z"
    },
    {
      "shortPath": "l2/petshop/organismViewIdentifyPf.ts",
      "versionRef": "ea899e102c9bbd4da96cedb351d494a7fe9536b1",
      "Length": 7014,
      "update_at": "2025-10-14T19:07:45.000Z"
    },
    {
      "shortPath": "l2/petshop/organismViewMyAppointments.defs.ts",
      "versionRef": "991d0867bf75f42ad9d284f3fde53b8769e4967f",
      "Length": 2963,
      "update_at": "2025-10-13T20:25:37.000Z"
    },
    {
      "shortPath": "l2/petshop/organismViewMyAppointments.html",
      "versionRef": "6c480dfb9396d5df5f9d35a59c8ec227fbce3da8",
      "Length": 95,
      "update_at": "2025-10-13T20:25:37.000Z"
    },
    {
      "shortPath": "l2/petshop/organismViewMyAppointments.less",
      "versionRef": "95490fb9b2db2912b4554976e2abf97e3d237554",
      "Length": 672,
      "update_at": "2025-10-14T13:29:07.000Z"
    },
    {
      "shortPath": "l2/petshop/organismViewMyAppointments.test.ts",
      "versionRef": "1d54b3a28851b04d6812c6a292fa6f341d8212b7",
      "Length": 275,
      "update_at": "2025-10-13T20:25:37.000Z"
    },
    {
      "shortPath": "l2/petshop/organismViewMyAppointments.ts",
      "versionRef": "1188bbab6c6369eb54cc3ed3402bbdd2e506cde3",
      "Length": 4006,
      "update_at": "2025-10-14T13:29:07.000Z"
    },
    {
      "shortPath": "l2/petshop/organismViewMyPets.defs.ts",
      "versionRef": "c953f9d892e525fd42c041a81631527ad0217ec2",
      "Length": 4964,
      "update_at": "2025-10-13T20:25:37.000Z"
    },
    {
      "shortPath": "l2/petshop/organismViewMyPets.html",
      "versionRef": "f050a1beb1542d0aaa12634f30923241258b8819",
      "Length": 79,
      "update_at": "2025-10-13T20:25:37.000Z"
    },
    {
      "shortPath": "l2/petshop/organismViewMyPets.less",
      "versionRef": "9f538c1553b34c14ed6d613f98aa3cc53f5c54be",
      "Length": 775,
      "update_at": "2025-10-14T13:29:07.000Z"
    },
    {
      "shortPath": "l2/petshop/organismViewMyPets.test.ts",
      "versionRef": "f8aaaa2ce7ca0f480fe15ad976c529f5340837cb",
      "Length": 267,
      "update_at": "2025-10-13T20:25:37.000Z"
    },
    {
      "shortPath": "l2/petshop/organismViewMyPets.ts",
      "versionRef": "ff04baa9bf6c87625870031034479bcd2bad6b71",
      "Length": 11077,
      "update_at": "2025-10-15T12:37:41.000Z"
    },
    {
      "shortPath": "l2/petshop/pageAdminAddProduct.defs.ts",
      "versionRef": "676af502d82c921112380fb0d36a1beedea4681e",
      "Length": 100,
      "update_at": "2025-10-14T17:33:21.000Z"
    },
    {
      "shortPath": "l2/petshop/pageAdminAddProduct.html",
      "versionRef": "4acbb62b4f72a3e60437e8a8bded7ddc9596a796",
      "Length": 306,
      "update_at": "2025-10-15T11:59:57.000Z"
    },
    {
      "shortPath": "l2/petshop/pageAdminAddProduct.less",
      "versionRef": "23776ad493c383020adfb9c6dccf8e8ac88bba4e",
      "Length": 259,
      "update_at": "2025-10-15T11:59:57.000Z"
    },
    {
      "shortPath": "l2/petshop/pageAdminAddProduct.test.ts",
      "versionRef": "f7c524901247bf60c59aad37b526c6d80a081c6e",
      "Length": 268,
      "update_at": "2025-10-14T17:33:21.000Z"
    },
    {
      "shortPath": "l2/petshop/pageAdminAddProduct.ts",
      "versionRef": "77a867050e4656d565ca994485bd2ef323af1e8e",
      "Length": 541,
      "update_at": "2025-10-15T13:44:31.000Z"
    },
    {
      "shortPath": "l2/petshop/pageAdminAddService.defs.ts",
      "versionRef": "1951cfdd43652acd3dfe7fddf33bc5ff86d8aa9d",
      "Length": 100,
      "update_at": "2025-10-14T17:33:21.000Z"
    },
    {
      "shortPath": "l2/petshop/pageAdminAddService.html",
      "versionRef": "aa1164c47744839f7868ad7c3369c669f7700af7",
      "Length": 301,
      "update_at": "2025-10-15T11:59:57.000Z"
    },
    {
      "shortPath": "l2/petshop/pageAdminAddService.less",
      "versionRef": "7d71415887bc4ca0f8081405898e5f3fe8b492d0",
      "Length": 260,
      "update_at": "2025-10-15T11:59:57.000Z"
    },
    {
      "shortPath": "l2/petshop/pageAdminAddService.test.ts",
      "versionRef": "6252152df55b36e7fc05ad8976f413d8ce73c51f",
      "Length": 268,
      "update_at": "2025-10-14T17:33:21.000Z"
    },
    {
      "shortPath": "l2/petshop/pageAdminAddService.ts",
      "versionRef": "70d0286f7868a16dcfdd98b571520dc7aded6066",
      "Length": 554,
      "update_at": "2025-10-15T13:44:31.000Z"
    },
    {
      "shortPath": "l2/petshop/pageAdminDashboard.defs.ts",
      "versionRef": "f39bbcbd7d43c79605675d3fa007c7c7f3956baf",
      "Length": 99,
      "update_at": "2025-10-14T12:25:13.000Z"
    },
    {
      "shortPath": "l2/petshop/pageAdminDashboard.html",
      "versionRef": "d14be9736de9201580ec65ffac99ec0277a90fea",
      "Length": 566,
      "update_at": "2025-10-15T11:59:57.000Z"
    },
    {
      "shortPath": "l2/petshop/pageAdminDashboard.less",
      "versionRef": "c2ce06a67f9fdfc8cd88826a13d2ab6758b577d8",
      "Length": 258,
      "update_at": "2025-10-15T11:59:57.000Z"
    },
    {
      "shortPath": "l2/petshop/pageAdminDashboard.test.ts",
      "versionRef": "c884ffe41f93be4e308ae36f6e945f36736c44b0",
      "Length": 267,
      "update_at": "2025-10-14T12:25:13.000Z"
    },
    {
      "shortPath": "l2/petshop/pageAdminDashboard.ts",
      "versionRef": "7e833abb00031108e3f586c94efa7da4e2b050aa",
      "Length": 552,
      "update_at": "2025-10-15T13:44:31.000Z"
    },
    {
      "shortPath": "l2/petshop/pageAdminEditProduct.defs.ts",
      "versionRef": "82f4f33354dacdcafa41b1fdf17bfa476d8ed522",
      "Length": 101,
      "update_at": "2025-10-14T17:33:21.000Z"
    },
    {
      "shortPath": "l2/petshop/pageAdminEditProduct.html",
      "versionRef": "cbfe121290e5b690e8d318de46cfa8fe09d03da3",
      "Length": 1149,
      "update_at": "2025-10-15T13:44:31.000Z"
    },
    {
      "shortPath": "l2/petshop/pageAdminEditProduct.less",
      "versionRef": "c452fca5f2e23ce05d37473f3294280d39c17974",
      "Length": 261,
      "update_at": "2025-10-15T11:59:57.000Z"
    },
    {
      "shortPath": "l2/petshop/pageAdminEditProduct.test.ts",
      "versionRef": "fe8554c3524eaad68350d517bd0cab44c4a01a7d",
      "Length": 269,
      "update_at": "2025-10-14T17:33:21.000Z"
    },
    {
      "shortPath": "l2/petshop/pageAdminEditProduct.ts",
      "versionRef": "d50fe7865004e717232973dce7e8f898b243f4a4",
      "Length": 1510,
      "update_at": "2025-10-15T13:44:31.000Z"
    },
    {
      "shortPath": "l2/petshop/pageAdminEditService.defs.ts",
      "versionRef": "3248f08b511bb031a2887c282403d432139864d2",
      "Length": 101,
      "update_at": "2025-10-14T17:33:21.000Z"
    },
    {
      "shortPath": "l2/petshop/pageAdminEditService.html",
      "versionRef": "7d94d7465651664f0db5b1a98bb3ff38589d3831",
      "Length": 1381,
      "update_at": "2025-10-15T13:44:31.000Z"
    },
    {
      "shortPath": "l2/petshop/pageAdminEditService.less",
      "versionRef": "9957a9994ac41fbae9605b4d20108837939fdba3",
      "Length": 261,
      "update_at": "2025-10-15T11:59:57.000Z"
    },
    {
      "shortPath": "l2/petshop/pageAdminEditService.test.ts",
      "versionRef": "8a8bd820f20cc99708ae343b9d541a1266df0d7c",
      "Length": 269,
      "update_at": "2025-10-14T17:33:21.000Z"
    },
    {
      "shortPath": "l2/petshop/pageAdminEditService.ts",
      "versionRef": "3ba816c10c6186b143a82c35a29f811f8044ca1b",
      "Length": 1703,
      "update_at": "2025-10-15T13:44:31.000Z"
    },
    {
      "shortPath": "l2/petshop/pageAdminProduct.defs.ts",
      "versionRef": "9b98035998da94a3bd5e0a8c252b0a7e3cec23fb",
      "Length": 97,
      "update_at": "2025-10-14T12:25:13.000Z"
    },
    {
      "shortPath": "l2/petshop/pageAdminProduct.html",
      "versionRef": "5b681a4ee811a3362c0dcc5c3872061f71419270",
      "Length": 298,
      "update_at": "2025-10-15T11:59:57.000Z"
    },
    {
      "shortPath": "l2/petshop/pageAdminProduct.less",
      "versionRef": "1064452dff52985584c0e249cf077892f17323f7",
      "Length": 253,
      "update_at": "2025-10-15T11:59:57.000Z"
    },
    {
      "shortPath": "l2/petshop/pageAdminProduct.test.ts",
      "versionRef": "e215290b903e7a80f0e3326283a2e144be75567a",
      "Length": 265,
      "update_at": "2025-10-14T12:25:13.000Z"
    },
    {
      "shortPath": "l2/petshop/pageAdminProduct.ts",
      "versionRef": "9ba52a8c72409103142bd2f07f05616ddaa78298",
      "Length": 544,
      "update_at": "2025-10-15T13:44:31.000Z"
    },
    {
      "shortPath": "l2/petshop/pageAdminScheduling.defs.ts",
      "versionRef": "1eb6a1bc24f458eb21a340953ce499343e156e27",
      "Length": 100,
      "update_at": "2025-10-14T17:33:21.000Z"
    },
    {
      "shortPath": "l2/petshop/pageAdminScheduling.html",
      "versionRef": "e50717b293240485c8bfa5a7e9b1d5df92edc82a",
      "Length": 297,
      "update_at": "2025-10-15T11:59:57.000Z"
    },
    {
      "shortPath": "l2/petshop/pageAdminScheduling.less",
      "versionRef": "ab64c46b820eec4a9120eb24386caa22b2cb7f90",
      "Length": 260,
      "update_at": "2025-10-15T11:59:57.000Z"
    },
    {
      "shortPath": "l2/petshop/pageAdminScheduling.test.ts",
      "versionRef": "e0fe6b78459809d0acb837bdcb1f5a747a8cae39",
      "Length": 268,
      "update_at": "2025-10-14T17:33:21.000Z"
    },
    {
      "shortPath": "l2/petshop/pageAdminScheduling.ts",
      "versionRef": "684eccc3f1a07dc0edad0cc8de05608a8e3dc21b",
      "Length": 543,
      "update_at": "2025-10-15T13:44:31.000Z"
    },
    {
      "shortPath": "l2/petshop/pageAdminService.defs.ts",
      "versionRef": "b479fc2c8c8f26f5a5c1588eee12a9cf597fc0a5",
      "Length": 97,
      "update_at": "2025-10-14T12:25:13.000Z"
    },
    {
      "shortPath": "l2/petshop/pageAdminService.html",
      "versionRef": "cb08e7012f65ac8742cac74fcab73c0590484159",
      "Length": 297,
      "update_at": "2025-10-15T11:59:57.000Z"
    },
    {
      "shortPath": "l2/petshop/pageAdminService.less",
      "versionRef": "ec9020a6bda3569d1d4ad3be071de0295ddb257e",
      "Length": 253,
      "update_at": "2025-10-15T11:59:57.000Z"
    },
    {
      "shortPath": "l2/petshop/pageAdminService.test.ts",
      "versionRef": "42dc3083fba834816209a89e1288721d5f43d4ce",
      "Length": 265,
      "update_at": "2025-10-14T12:25:13.000Z"
    },
    {
      "shortPath": "l2/petshop/pageAdminService.ts",
      "versionRef": "510e82dd9aab59ecc986bd3e17776d3d264bd532",
      "Length": 544,
      "update_at": "2025-10-15T13:44:31.000Z"
    },
    {
      "shortPath": "l2/petshop/pageAppointments.defs.ts",
      "versionRef": "62e762b7dee7bcdd97e328a9acfcf31dcea4aa1a",
      "Length": 1823,
      "update_at": "2025-10-13T20:25:37.000Z"
    },
    {
      "shortPath": "l2/petshop/pageAppointments.html",
      "versionRef": "13bb929224616315bdaeb767327d604f623d7867",
      "Length": 690,
      "update_at": "2025-10-13T20:25:37.000Z"
    },
    {
      "shortPath": "l2/petshop/pageAppointments.less",
      "versionRef": "ab9b15c3a8484bc492688128c22b8d9b73556dc4",
      "Length": 694,
      "update_at": "2025-10-13T20:25:37.000Z"
    },
    {
      "shortPath": "l2/petshop/pageAppointments.test.ts",
      "versionRef": "ed802436fd19ae6150ca2a1906e92600046cd052",
      "Length": 265,
      "update_at": "2025-10-13T20:25:37.000Z"
    },
    {
      "shortPath": "l2/petshop/pageAppointments.ts",
      "versionRef": "6744917bf3b39e33c5413d7ffe5a39e0d284d4ac",
      "Length": 439,
      "update_at": "2025-10-13T20:25:37.000Z"
    },
    {
      "shortPath": "l2/petshop/pageContact.defs.ts",
      "versionRef": "22e2a1d4896cd75a79afe352b89b54c8dea48610",
      "Length": 1611,
      "update_at": "2025-10-13T20:25:37.000Z"
    },
    {
      "shortPath": "l2/petshop/pageContact.html",
      "versionRef": "b8dfc0116ced00d92d0d19c4bde78a40da0fc0ce",
      "Length": 661,
      "update_at": "2025-10-13T20:25:37.000Z"
    },
    {
      "shortPath": "l2/petshop/pageContact.less",
      "versionRef": "0679712b6a41f84e8f00e4cbe9676435064cf3d2",
      "Length": 785,
      "update_at": "2025-10-13T20:25:37.000Z"
    },
    {
      "shortPath": "l2/petshop/pageContact.test.ts",
      "versionRef": "905857b018fe1f221eddefd8fe03db1c37fabc51",
      "Length": 260,
      "update_at": "2025-10-13T20:25:37.000Z"
    },
    {
      "shortPath": "l2/petshop/pageContact.ts",
      "versionRef": "3c5e3a5a53ffd7ceaa1028521adb2a8402ae7412",
      "Length": 424,
      "update_at": "2025-10-13T20:25:37.000Z"
    },
    {
      "shortPath": "l2/petshop/pageHome.defs.ts",
      "versionRef": "5e75481130c43607ad5e667d1a3340278d269112",
      "Length": 2173,
      "update_at": "2025-10-13T18:36:14.000Z"
    },
    {
      "shortPath": "l2/petshop/pageHome.html",
      "versionRef": "25be6041583d15664a2b949d4538f9f43ab53e86",
      "Length": 894,
      "update_at": "2025-10-13T18:36:14.000Z"
    },
    {
      "shortPath": "l2/petshop/pageHome.less",
      "versionRef": "009b920ebe55aff139695efb68b4a7079ae620f8",
      "Length": 480,
      "update_at": "2025-10-13T18:36:14.000Z"
    },
    {
      "shortPath": "l2/petshop/pageHome.test.ts",
      "versionRef": "c2cd111668c511be1894e00543c2445a1185b9d2",
      "Length": 257,
      "update_at": "2025-10-13T18:36:14.000Z"
    },
    {
      "shortPath": "l2/petshop/pageHome.ts",
      "versionRef": "1c2e5d89edcc1891fe07589ba746a9227254827e",
      "Length": 415,
      "update_at": "2025-10-13T18:36:14.000Z"
    },
    {
      "shortPath": "l2/petshop/pageLogin.defs.ts",
      "versionRef": "f409ca48fd2448c99d22d37bb7402afe66e3b3e5",
      "Length": 90,
      "update_at": "2025-10-13T18:20:50.000Z"
    },
    {
      "shortPath": "l2/petshop/pageLogin.html",
      "versionRef": "2eb408a2a03c54e1bbf4009846005fbc4e2f101d",
      "Length": 150,
      "update_at": "2025-10-13T18:20:50.000Z"
    },
    {
      "shortPath": "l2/petshop/pageLogin.less",
      "versionRef": "211f369ae3350896c35d68b923091e5b5c60480e",
      "Length": 154,
      "update_at": "2025-10-13T18:20:50.000Z"
    },
    {
      "shortPath": "l2/petshop/pageLogin.test.ts",
      "versionRef": "6fa5391679bb0f499138cd47702b8a4b720f9770",
      "Length": 258,
      "update_at": "2025-10-13T18:20:50.000Z"
    },
    {
      "shortPath": "l2/petshop/pageLogin.ts",
      "versionRef": "31babc83527240cf9854e9bdaebc58cbd81f72d7",
      "Length": 447,
      "update_at": "2025-10-13T18:20:50.000Z"
    },
    {
      "shortPath": "l2/petshop/pagePerfil.defs.ts",
      "versionRef": "2718d1b6ae39748342521dbbb520438bab513f5c",
      "Length": 636,
      "update_at": "2025-10-13T20:25:37.000Z"
    },
    {
      "shortPath": "l2/petshop/pagePerfil.html",
      "versionRef": "bc40e5ad4c508f0bcb8cb3e597980d5c2f5b6c2e",
      "Length": 593,
      "update_at": "2025-10-13T20:25:37.000Z"
    },
    {
      "shortPath": "l2/petshop/pagePerfil.less",
      "versionRef": "ff8d42d1e4ee9868f0fcc999ef5762bdce06caab",
      "Length": 333,
      "update_at": "2025-10-13T20:25:37.000Z"
    },
    {
      "shortPath": "l2/petshop/pagePerfil.test.ts",
      "versionRef": "7d3f90e49e83dbcc4700f42f52e9adb1c037ff05",
      "Length": 259,
      "update_at": "2025-10-13T20:25:37.000Z"
    },
    {
      "shortPath": "l2/petshop/pagePerfil.ts",
      "versionRef": "9e63bb75d1696275c025de7de50a556625aa7acd",
      "Length": 421,
      "update_at": "2025-10-13T20:25:37.000Z"
    },
    {
      "shortPath": "l2/petshop/pagePerfilAppointments.defs.ts",
      "versionRef": "3671acdcd66b6c602c142ee7e07061f78389c0e5",
      "Length": 103,
      "update_at": "2025-10-13T20:25:37.000Z"
    },
    {
      "shortPath": "l2/petshop/pagePerfilAppointments.html",
      "versionRef": "eb9c0cf6b0a2e0a498b0daea96fb72198d803202",
      "Length": 639,
      "update_at": "2025-10-13T20:25:37.000Z"
    },
    {
      "shortPath": "l2/petshop/pagePerfilAppointments.less",
      "versionRef": "4112d8da2dd69e7c41ec55e52aec72068d334bd2",
      "Length": 359,
      "update_at": "2025-10-13T20:25:37.000Z"
    },
    {
      "shortPath": "l2/petshop/pagePerfilAppointments.test.ts",
      "versionRef": "b095aa1858d809a114f8a521030d365e58fad44d",
      "Length": 271,
      "update_at": "2025-10-13T20:25:37.000Z"
    },
    {
      "shortPath": "l2/petshop/pagePerfilAppointments.ts",
      "versionRef": "bbe1354bc3acf1be614dadf78d8b4358d3acec4e",
      "Length": 458,
      "update_at": "2025-10-13T20:25:37.000Z"
    },
    {
      "shortPath": "l2/petshop/pagePerfilPets.defs.ts",
      "versionRef": "e8b78bb83d424af2795ab545278bf963379a4261",
      "Length": 95,
      "update_at": "2025-10-13T20:25:37.000Z"
    },
    {
      "shortPath": "l2/petshop/pagePerfilPets.html",
      "versionRef": "8b6f2cdbfda9e63dfcb6828818b9c6073eb672eb",
      "Length": 607,
      "update_at": "2025-10-13T20:25:37.000Z"
    },
    {
      "shortPath": "l2/petshop/pagePerfilPets.less",
      "versionRef": "52ca27bcb91de7700c94e6720fb9198b21f9930d",
      "Length": 326,
      "update_at": "2025-10-14T13:29:07.000Z"
    },
    {
      "shortPath": "l2/petshop/pagePerfilPets.test.ts",
      "versionRef": "bfe7c5cc40f19ef4e152b462e5e6d7a689630235",
      "Length": 263,
      "update_at": "2025-10-13T20:25:37.000Z"
    },
    {
      "shortPath": "l2/petshop/pagePerfilPets.ts",
      "versionRef": "ec8cb832a4a8e6cc549ab92650289fb2c2beb361",
      "Length": 434,
      "update_at": "2025-10-13T20:25:37.000Z"
    },
    {
      "shortPath": "l2/petshop/pageProduct.defs.ts",
      "versionRef": "502e269ea9e469110425bc1d97ab86d202842c28",
      "Length": 1870,
      "update_at": "2025-10-13T20:25:37.000Z"
    },
    {
      "shortPath": "l2/petshop/pageProduct.html",
      "versionRef": "4b1a570ff26ed03e42a1e8da055105172905543a",
      "Length": 665,
      "update_at": "2025-10-13T20:25:37.000Z"
    },
    {
      "shortPath": "l2/petshop/pageProduct.less",
      "versionRef": "ca0aa61538f3972ef26efc18c4d5c559e853b283",
      "Length": 1372,
      "update_at": "2025-10-13T20:25:37.000Z"
    },
    {
      "shortPath": "l2/petshop/pageProduct.test.ts",
      "versionRef": "7a71ee10ba5a0b6d7a68e219bbea65c2e2902a0d",
      "Length": 260,
      "update_at": "2025-10-13T20:25:37.000Z"
    },
    {
      "shortPath": "l2/petshop/pageProduct.ts",
      "versionRef": "c6825c2302ce4c3e0d0d15b9d7467f85001bd401",
      "Length": 424,
      "update_at": "2025-10-13T20:25:37.000Z"
    },
    {
      "shortPath": "l2/project.defs.ts",
      "versionRef": "d3a4684e7bad41f2a6bc798cf2fd8baca0f668e3",
      "Length": 81,
      "update_at": "2025-08-08T13:40:58.000Z"
    },
    {
      "shortPath": "l2/project.html",
      "versionRef": "88a90cf32ef33346febb29387541246b1be9a2e0",
      "Length": 16,
      "update_at": "2025-08-08T13:40:58.000Z"
    },
    {
      "shortPath": "l2/project.less",
      "versionRef": "2a31f0f1984e77c713af5fca67bb635ada32bf11",
      "Length": 4856,
      "update_at": "2025-10-14T19:02:34.000Z"
    },
    {
      "shortPath": "l2/project.test.ts",
      "versionRef": "718f5d9b060e714beca0def108663dbc07c05435",
      "Length": 250,
      "update_at": "2025-08-08T13:40:58.000Z"
    },
    {
      "shortPath": "l2/project.ts",
      "versionRef": "6aa7524ec221322d1649ae0810b276d9e7c5b477",
      "Length": 170,
      "update_at": "2025-10-13T13:11:41.000Z"
    },
    {
      "shortPath": "l5/project.json",
      "versionRef": "1f1bd83da5b855b3059233e3e39ef0f841784c29",
      "Length": 357,
      "update_at": "2025-07-02T19:24:51.000Z"
    },
    {
      "shortPath": "l0/package.json",
      "versionRef": "a74873287289a3b43e8541b34372722a086e8a03",
      "Length": 470,
      "update_at": "2025-07-02T19:24:49.000Z"
    },
    {
      "shortPath": "l0/tsconfig.json",
      "versionRef": "6a95f6e8d8e3042af5f58de9c691a455a7221647",
      "Length": 1191,
      "update_at": "2025-07-02T19:24:50.000Z"
    }
  ]
}