{
  "lastModified": "2025-10-24T18:47:36.977Z",
  "files": [
    {
      "shortPath": "l0/README.md",
      "versionRef": "2e1b14e8ed73119f964600f2fe185863d3fba359",
      "Length": 14,
      "update_at": "2025-07-02T19:24:46.000Z"
    },
    {
      "shortPath": "l2/commonGlobal.defs.ts",
      "versionRef": "e06b9bc0254ad7089ea9aa0ea902fea844c3711e",
      "Length": 86,
      "update_at": "2025-10-24T17:18:18.000Z"
    },
    {
      "shortPath": "l2/commonGlobal.html",
      "versionRef": "75b780a3f108dc295dfd10e4fd72a1c54715a243",
      "Length": 21,
      "update_at": "2025-10-24T17:18:18.000Z"
    },
    {
      "shortPath": "l2/commonGlobal.less",
      "versionRef": "e86a1529569d02ef128481f0dda04db71617ea69",
      "Length": 144,
      "update_at": "2025-10-24T17:18:18.000Z"
    },
    {
      "shortPath": "l2/commonGlobal.test.ts",
      "versionRef": "78d7aa50b0fc3ada2aa6d3c4efffaa0de9ac18c9",
      "Length": 254,
      "update_at": "2025-10-24T17:18:18.000Z"
    },
    {
      "shortPath": "l2/commonGlobal.ts",
      "versionRef": "dc1ae79ad7673a8afd0ae3a888c33c015e0a0f49",
      "Length": 2509,
      "update_at": "2025-10-24T18:28:41.000Z"
    },
    {
      "shortPath": "l2/commonLocal.defs.ts",
      "versionRef": "7daf1f8ae291238120a30a60b799e89102178a06",
      "Length": 85,
      "update_at": "2025-10-24T17:18:18.000Z"
    },
    {
      "shortPath": "l2/commonLocal.html",
      "versionRef": "2e741b968382582aab2d107a2081e81e3263a2a9",
      "Length": 20,
      "update_at": "2025-10-24T17:18:18.000Z"
    },
    {
      "shortPath": "l2/commonLocal.less",
      "versionRef": "9eb0af3d46845f4d421c0d0bf571f2ec3fe3422c",
      "Length": 142,
      "update_at": "2025-10-24T17:18:18.000Z"
    },
    {
      "shortPath": "l2/commonLocal.test.ts",
      "versionRef": "30dc0c38c8ef2e3e2d7b2fc3183f0597eba63ff8",
      "Length": 253,
      "update_at": "2025-10-24T17:18:18.000Z"
    },
    {
      "shortPath": "l2/commonLocal.ts",
      "versionRef": "08e17a831b0128c9e553c83e322d6bd4fd36aa95",
      "Length": 365,
      "update_at": "2025-10-24T17:18:18.000Z"
    },
    {
      "shortPath": "l2/crm/organismAttachmentsAdd.defs.ts",
      "versionRef": "edc4f625c8e4f0a6e9e3f4c0561fbfd8291e34f8",
      "Length": 99,
      "update_at": "2025-09-24T14:42:00.000Z"
    },
    {
      "shortPath": "l2/crm/organismAttachmentsAdd.test.ts",
      "versionRef": "c86dca69eff8c7ca20140b1e7cbf2c8cf10c5ced",
      "Length": 267,
      "update_at": "2025-09-24T14:42:00.000Z"
    },
    {
      "shortPath": "l2/designSystem.defs.ts",
      "versionRef": "38b2f1dbeceb8727480a980712f1cd55a1d8a9a0",
      "Length": 86,
      "update_at": "2025-08-05T18:28:44.000Z"
    },
    {
      "shortPath": "l2/designSystem.html",
      "versionRef": "fffd2f95b3e2532a42ad4612a9e3cdddd1af06b4",
      "Length": 29,
      "update_at": "2025-07-09T20:24:51.000Z"
    },
    {
      "shortPath": "l2/designSystem.less",
      "versionRef": "58a6e1b32b14ca601c97ac37f0c9b40497282f5e",
      "Length": 188,
      "update_at": "2025-07-09T20:24:51.000Z"
    },
    {
      "shortPath": "l2/designSystem.test.ts",
      "versionRef": "08616dabe8247a594fb0d46d46580f68f749e634",
      "Length": 254,
      "update_at": "2025-08-05T18:28:44.000Z"
    },
    {
      "shortPath": "l2/designSystem.ts",
      "versionRef": "4a77cf8169aebb7bc66462e1d6e80c34b30ea301",
      "Length": 28788,
      "update_at": "2025-10-13T18:20:50.000Z"
    },
    {
      "shortPath": "l2/layer1Context.defs.ts",
      "versionRef": "448ffba44b58dc52fbc491a623b72bcb31f04d60",
      "Length": 87,
      "update_at": "2025-10-15T13:51:44.000Z"
    },
    {
      "shortPath": "l2/layer1Context.html",
      "versionRef": "67e49a9d5824375201055659f7cc0ed0115fdafd",
      "Length": 22,
      "update_at": "2025-10-15T13:51:44.000Z"
    },
    {
      "shortPath": "l2/layer1Context.less",
      "versionRef": "98751cbaaeb33aed97973c16a57fff4e25ef902e",
      "Length": 146,
      "update_at": "2025-10-15T13:51:44.000Z"
    },
    {
      "shortPath": "l2/layer1Context.test.ts",
      "versionRef": "2e462ba5fff6e1c3c7380607fe1bb997908e3e7a",
      "Length": 255,
      "update_at": "2025-10-15T13:51:44.000Z"
    },
    {
      "shortPath": "l2/layer1Context.ts",
      "versionRef": "856c985adbd65a709745c76f173785b6177d238a",
      "Length": 686,
      "update_at": "2025-10-24T17:18:18.000Z"
    },
    {
      "shortPath": "l2/layer1Exec.defs.ts",
      "versionRef": "24be190795da01a4bd5bcaa60e21f466b945c0c1",
      "Length": 84,
      "update_at": "2025-10-15T13:51:44.000Z"
    },
    {
      "shortPath": "l2/layer1Exec.html",
      "versionRef": "01b18fb48399f5417f3d55cd3176a73edbc316b7",
      "Length": 19,
      "update_at": "2025-10-15T13:51:44.000Z"
    },
    {
      "shortPath": "l2/layer1Exec.less",
      "versionRef": "d47e18ce17170c65309b54d6e5cf4075d776e5cd",
      "Length": 140,
      "update_at": "2025-10-15T13:51:44.000Z"
    },
    {
      "shortPath": "l2/layer1Exec.test.ts",
      "versionRef": "167eb36a8e2db5cb0681519db1e13da8f5d3fa59",
      "Length": 252,
      "update_at": "2025-10-15T13:51:44.000Z"
    },
    {
      "shortPath": "l2/layer1Exec.ts",
      "versionRef": "187b7995bd066a843829fa4d0f55002747eecd87",
      "Length": 2292,
      "update_at": "2025-10-24T17:18:18.000Z"
    },
    {
      "shortPath": "l2/layer1IndexedDb.defs.ts",
      "versionRef": "c1836636b719ac1e4fe9214b637385fd9c95db86",
      "Length": 89,
      "update_at": "2025-10-16T14:02:24.000Z"
    },
    {
      "shortPath": "l2/layer1IndexedDb.html",
      "versionRef": "1fab2c4503af117978891682c97f1aadc1e21681",
      "Length": 24,
      "update_at": "2025-10-16T14:02:24.000Z"
    },
    {
      "shortPath": "l2/layer1IndexedDb.less",
      "versionRef": "e9672944d00f0235f90ae40a633e5487dc82dad1",
      "Length": 151,
      "update_at": "2025-10-16T14:02:24.000Z"
    },
    {
      "shortPath": "l2/layer1IndexedDb.test.ts",
      "versionRef": "50927b8b3370c2255a950d02ec163ad1a832f0ed",
      "Length": 257,
      "update_at": "2025-10-16T14:02:24.000Z"
    },
    {
      "shortPath": "l2/layer1IndexedDb.ts",
      "versionRef": "cfe328d246c8343edd40565dffbd98e7cd753594",
      "Length": 2753,
      "update_at": "2025-10-24T17:18:18.000Z"
    },
    {
      "shortPath": "l2/layer1SchedulingIndexedDB.defs.ts",
      "versionRef": "73913283c9b1d23d8bf457be93f5720f440f2b2d",
      "Length": 99,
      "update_at": "2025-10-24T17:18:18.000Z"
    },
    {
      "shortPath": "l2/layer1SchedulingIndexedDB.html",
      "versionRef": "03cc03fbcc37c9fe2241dfdd3f675d77690aff7b",
      "Length": 34,
      "update_at": "2025-10-24T17:18:18.000Z"
    },
    {
      "shortPath": "l2/layer1SchedulingIndexedDB.less",
      "versionRef": "79a0ffb168123d6b5158990110cab25dd2d37ad9",
      "Length": 173,
      "update_at": "2025-10-24T17:18:18.000Z"
    },
    {
      "shortPath": "l2/layer1SchedulingIndexedDB.test.ts",
      "versionRef": "d5d3207b7a032c09006f6efd03258f4efdbb72e7",
      "Length": 267,
      "update_at": "2025-10-24T17:18:18.000Z"
    },
    {
      "shortPath": "l2/layer1SchedulingIndexedDB.ts",
      "versionRef": "99eee0a0e1b7217f7f5381b63433e37f5231b6c7",
      "Length": 4586,
      "update_at": "2025-10-24T17:18:18.000Z"
    },
    {
      "shortPath": "l2/layer1ServiceOrderIndexedDB.defs.ts",
      "versionRef": "75cca24d8028312ee775559b800ea8df00189ee0",
      "Length": 101,
      "update_at": "2025-10-24T17:18:18.000Z"
    },
    {
      "shortPath": "l2/layer1ServiceOrderIndexedDB.html",
      "versionRef": "b4c41b8bca309f7b6201240606e980e4dba5ba1d",
      "Length": 36,
      "update_at": "2025-10-24T17:18:18.000Z"
    },
    {
      "shortPath": "l2/layer1ServiceOrderIndexedDB.less",
      "versionRef": "5cb6dc5b0eccf05ae6b071fff7736de7273de22d",
      "Length": 178,
      "update_at": "2025-10-24T17:18:18.000Z"
    },
    {
      "shortPath": "l2/layer1ServiceOrderIndexedDB.test.ts",
      "versionRef": "f5dd7dc3b480f17cd76c04053442a95bf3a4a616",
      "Length": 269,
      "update_at": "2025-10-24T17:18:18.000Z"
    },
    {
      "shortPath": "l2/layer1ServiceOrderIndexedDB.ts",
      "versionRef": "6d3f0d6bd237cc2daf70df4047dc34b2660a1a69",
      "Length": 3421,
      "update_at": "2025-10-24T17:18:18.000Z"
    },
    {
      "shortPath": "l2/layer2AddScheduling.defs.ts",
      "versionRef": "a5dc205899222df715497a1f7de1b59aa48cfb1e",
      "Length": 93,
      "update_at": "2025-10-15T13:51:44.000Z"
    },
    {
      "shortPath": "l2/layer2AddScheduling.html",
      "versionRef": "3387b7a7ee48e0386a2d5a6d1811e6d2b3930245",
      "Length": 28,
      "update_at": "2025-10-15T13:51:44.000Z"
    },
    {
      "shortPath": "l2/layer2AddScheduling.less",
      "versionRef": "1b64e9870047c5ae288b6ab74c83e49814251601",
      "Length": 159,
      "update_at": "2025-10-15T13:51:44.000Z"
    },
    {
      "shortPath": "l2/layer2AddScheduling.test.ts",
      "versionRef": "fa2cb747ba599773ed77aab4e0f3652879113c4b",
      "Length": 261,
      "update_at": "2025-10-15T13:51:44.000Z"
    },
    {
      "shortPath": "l2/layer2AddScheduling.ts",
      "versionRef": "1115e7e1ef625c6d445b8d5b440700556f6ec959",
      "Length": 832,
      "update_at": "2025-10-24T17:18:18.000Z"
    },
    {
      "shortPath": "l2/layer2AddServiceOrder.defs.ts",
      "versionRef": "0199befb938702a4e63aae15215d0628e3601de5",
      "Length": 95,
      "update_at": "2025-10-15T13:51:44.000Z"
    },
    {
      "shortPath": "l2/layer2AddServiceOrder.html",
      "versionRef": "9d85ea27eda30ca568a898616a19f3df024071d9",
      "Length": 30,
      "update_at": "2025-10-15T13:51:44.000Z"
    },
    {
      "shortPath": "l2/layer2AddServiceOrder.less",
      "versionRef": "11516b15402fd19058556bde526d943974d463c9",
      "Length": 164,
      "update_at": "2025-10-15T13:51:44.000Z"
    },
    {
      "shortPath": "l2/layer2AddServiceOrder.test.ts",
      "versionRef": "2c91198715661f6f6511af1c71c235e7f7a52fd1",
      "Length": 263,
      "update_at": "2025-10-15T13:51:44.000Z"
    },
    {
      "shortPath": "l2/layer2AddServiceOrder.ts",
      "versionRef": "31a2a8f4d13ceb14d52e35be3b395c4b5f91ad0f",
      "Length": 894,
      "update_at": "2025-10-24T17:18:18.000Z"
    },
    {
      "shortPath": "l2/layer2DelScheduling.defs.ts",
      "versionRef": "ebd626bdd0a73191732231e4f5f54b1cb0b47a4a",
      "Length": 93,
      "update_at": "2025-10-15T13:51:44.000Z"
    },
    {
      "shortPath": "l2/layer2DelScheduling.html",
      "versionRef": "7cf90ad03f00ae25798c0efb371b46959653e3c3",
      "Length": 28,
      "update_at": "2025-10-15T13:51:44.000Z"
    },
    {
      "shortPath": "l2/layer2DelScheduling.less",
      "versionRef": "1ffef15e037c22d5b59f6db1c005d540eabeef37",
      "Length": 159,
      "update_at": "2025-10-15T13:51:44.000Z"
    },
    {
      "shortPath": "l2/layer2DelScheduling.test.ts",
      "versionRef": "6454fab196643041b4afa3f3111f57cf3957cdd7",
      "Length": 261,
      "update_at": "2025-10-15T13:51:44.000Z"
    },
    {
      "shortPath": "l2/layer2DelScheduling.ts",
      "versionRef": "07ef330f07ec812ce86aec3cc0ffd7184a45b3eb",
      "Length": 815,
      "update_at": "2025-10-24T17:18:18.000Z"
    },
    {
      "shortPath": "l2/layer2DelServiceOrder.defs.ts",
      "versionRef": "a721191b18d6bb02ed3a65129219c5c53c3fd58f",
      "Length": 95,
      "update_at": "2025-10-15T13:51:44.000Z"
    },
    {
      "shortPath": "l2/layer2DelServiceOrder.html",
      "versionRef": "636eb2e06b6fc872ddc93588d8459c403a8ba79c",
      "Length": 30,
      "update_at": "2025-10-15T13:51:44.000Z"
    },
    {
      "shortPath": "l2/layer2DelServiceOrder.less",
      "versionRef": "c39e5d4d78d120f0781cecaccd67cda89749a34b",
      "Length": 164,
      "update_at": "2025-10-15T13:51:44.000Z"
    },
    {
      "shortPath": "l2/layer2DelServiceOrder.test.ts",
      "versionRef": "a8457b14aaf175e395f2e588458229c89f219302",
      "Length": 263,
      "update_at": "2025-10-15T13:51:44.000Z"
    },
    {
      "shortPath": "l2/layer2DelServiceOrder.ts",
      "versionRef": "57e719ff13264036d9d31ea07ed660456c0ab87c",
      "Length": 821,
      "update_at": "2025-10-24T17:18:18.000Z"
    },
    {
      "shortPath": "l2/layer2GetByClientScheduling.defs.ts",
      "versionRef": "7c80e41f8c888745221e79653c6e28dbb90b5d88",
      "Length": 101,
      "update_at": "2025-10-15T13:51:44.000Z"
    },
    {
      "shortPath": "l2/layer2GetByClientScheduling.html",
      "versionRef": "972033b84e608795bd8c54bcd04d55b27ebfa943",
      "Length": 36,
      "update_at": "2025-10-15T13:51:44.000Z"
    },
    {
      "shortPath": "l2/layer2GetByClientScheduling.less",
      "versionRef": "002f8bd1451814c34d3bfb11350e423e85b066d8",
      "Length": 177,
      "update_at": "2025-10-15T13:51:44.000Z"
    },
    {
      "shortPath": "l2/layer2GetByClientScheduling.test.ts",
      "versionRef": "d471dbe0ca5928476e3b5b5138d6789ed44d68a1",
      "Length": 269,
      "update_at": "2025-10-15T13:51:44.000Z"
    },
    {
      "shortPath": "l2/layer2GetByClientScheduling.ts",
      "versionRef": "72aa253bcfec720a764ca7770ad10f4375d232b3",
      "Length": 863,
      "update_at": "2025-10-24T17:18:18.000Z"
    },
    {
      "shortPath": "l2/layer2GetByIdScheduling.defs.ts",
      "versionRef": "0fbce147d95cded6fc307686c88b6c2a1c3a9b36",
      "Length": 97,
      "update_at": "2025-10-15T13:51:44.000Z"
    },
    {
      "shortPath": "l2/layer2GetByIdScheduling.html",
      "versionRef": "573b71cada3e19534e5cc2738cc59dd48c94a68b",
      "Length": 32,
      "update_at": "2025-10-15T13:51:44.000Z"
    },
    {
      "shortPath": "l2/layer2GetByIdScheduling.less",
      "versionRef": "95422a7c255be20aa11153d2567d58dbcbb949ce",
      "Length": 169,
      "update_at": "2025-10-15T13:51:44.000Z"
    },
    {
      "shortPath": "l2/layer2GetByIdScheduling.test.ts",
      "versionRef": "45b5102ad781ed9b7f65b4db5ea67194b9c34b58",
      "Length": 265,
      "update_at": "2025-10-15T13:51:44.000Z"
    },
    {
      "shortPath": "l2/layer2GetByIdScheduling.ts",
      "versionRef": "7c8413ed3681d72cec0b8123d28c81f10e6999f0",
      "Length": 830,
      "update_at": "2025-10-24T17:18:18.000Z"
    },
    {
      "shortPath": "l2/layer2GetByIdServiceOrder.defs.ts",
      "versionRef": "b3d9c2cd7e8660ace4c4fc59c38a89e6cfe8eeba",
      "Length": 99,
      "update_at": "2025-10-15T13:51:44.000Z"
    },
    {
      "shortPath": "l2/layer2GetByIdServiceOrder.html",
      "versionRef": "2f516cec540bb79a5327e5d1e207316ad062a4e3",
      "Length": 34,
      "update_at": "2025-10-15T13:51:44.000Z"
    },
    {
      "shortPath": "l2/layer2GetByIdServiceOrder.less",
      "versionRef": "9209fdb815c50edb076bd776c1e00a02579de5ad",
      "Length": 174,
      "update_at": "2025-10-15T13:51:44.000Z"
    },
    {
      "shortPath": "l2/layer2GetByIdServiceOrder.test.ts",
      "versionRef": "8d3fe0c9946e14102930e2b1c8f2e03f94427dad",
      "Length": 267,
      "update_at": "2025-10-15T13:51:44.000Z"
    },
    {
      "shortPath": "l2/layer2GetByIdServiceOrder.ts",
      "versionRef": "6e250abdcaf56dc1d60eb3e1e1785db10145873e",
      "Length": 839,
      "update_at": "2025-10-24T17:18:18.000Z"
    },
    {
      "shortPath": "l2/layer2ListScheduling.defs.ts",
      "versionRef": "e025cdbc2d254c8abc733c85fd26c482e324d82b",
      "Length": 94,
      "update_at": "2025-10-15T13:51:44.000Z"
    },
    {
      "shortPath": "l2/layer2ListScheduling.html",
      "versionRef": "30de956cf6ae022378d02c8b03d346a255eb145c",
      "Length": 29,
      "update_at": "2025-10-15T13:51:44.000Z"
    },
    {
      "shortPath": "l2/layer2ListScheduling.less",
      "versionRef": "c51a7f5190c0720327fb95c354b583e17ff25600",
      "Length": 161,
      "update_at": "2025-10-15T13:51:44.000Z"
    },
    {
      "shortPath": "l2/layer2ListScheduling.test.ts",
      "versionRef": "ca55ebc63411395320e68c982c3a79333f8450f9",
      "Length": 262,
      "update_at": "2025-10-15T13:51:44.000Z"
    },
    {
      "shortPath": "l2/layer2ListScheduling.ts",
      "versionRef": "1f8ce508696707202b75de361e92c6e7d6f7e657",
      "Length": 718,
      "update_at": "2025-10-24T17:18:18.000Z"
    },
    {
      "shortPath": "l2/layer2ListServiceOrder.defs.ts",
      "versionRef": "5e1d6a446bfdf453720331863b3405e2be85f57d",
      "Length": 96,
      "update_at": "2025-10-15T13:51:44.000Z"
    },
    {
      "shortPath": "l2/layer2ListServiceOrder.html",
      "versionRef": "dfff7a2c522c281b8f7bfdc21d45bf5045516c6b",
      "Length": 31,
      "update_at": "2025-10-15T13:51:44.000Z"
    },
    {
      "shortPath": "l2/layer2ListServiceOrder.less",
      "versionRef": "e8c13adbdb0795c0f14beea8c920ee107777e2f2",
      "Length": 166,
      "update_at": "2025-10-15T13:51:44.000Z"
    },
    {
      "shortPath": "l2/layer2ListServiceOrder.test.ts",
      "versionRef": "98549602c8dc98ab39fab10737b3a840ee178303",
      "Length": 264,
      "update_at": "2025-10-15T13:51:44.000Z"
    },
    {
      "shortPath": "l2/layer2ListServiceOrder.ts",
      "versionRef": "a0f0cda8f664b854d6f20995dcdd2b3b47d4fc86",
      "Length": 726,
      "update_at": "2025-10-24T17:18:18.000Z"
    },
    {
      "shortPath": "l2/layer2UpdScheduling.defs.ts",
      "versionRef": "c27719112df40f09dd0a8b21a7f66dd42bd884f9",
      "Length": 93,
      "update_at": "2025-10-15T13:51:44.000Z"
    },
    {
      "shortPath": "l2/layer2UpdScheduling.html",
      "versionRef": "6e7d7ded15603e3b55f2a1fde41ff2309ac44b86",
      "Length": 28,
      "update_at": "2025-10-15T13:51:44.000Z"
    },
    {
      "shortPath": "l2/layer2UpdScheduling.less",
      "versionRef": "a449c008851cfe82fb588707faf2b107101219c7",
      "Length": 159,
      "update_at": "2025-10-15T13:51:44.000Z"
    },
    {
      "shortPath": "l2/layer2UpdScheduling.test.ts",
      "versionRef": "f755333f945eee2098961316f9d104ef6a0bb44d",
      "Length": 261,
      "update_at": "2025-10-15T13:51:44.000Z"
    },
    {
      "shortPath": "l2/layer2UpdScheduling.ts",
      "versionRef": "da992afa7376d01006a175fda647a27a75addd94",
      "Length": 877,
      "update_at": "2025-10-24T17:18:18.000Z"
    },
    {
      "shortPath": "l2/layer2UpdServiceOrder.defs.ts",
      "versionRef": "77167e39b294e64fdf66d10b07a28bad41f6768c",
      "Length": 95,
      "update_at": "2025-10-15T13:51:44.000Z"
    },
    {
      "shortPath": "l2/layer2UpdServiceOrder.html",
      "versionRef": "37c8a7d4b83a1baea7f93b3ac496e000cdd5c4ff",
      "Length": 30,
      "update_at": "2025-10-15T13:51:44.000Z"
    },
    {
      "shortPath": "l2/layer2UpdServiceOrder.less",
      "versionRef": "4112a8077d2b7cdce26675cd0e46bd8bd5eaaf3e",
      "Length": 164,
      "update_at": "2025-10-15T13:51:44.000Z"
    },
    {
      "shortPath": "l2/layer2UpdServiceOrder.test.ts",
      "versionRef": "b2e9afd1727c4e863b0726b09386010f4870e749",
      "Length": 263,
      "update_at": "2025-10-15T13:51:44.000Z"
    },
    {
      "shortPath": "l2/layer2UpdServiceOrder.ts",
      "versionRef": "99c7bec7e19dc9c34cd339383829df89362257aa",
      "Length": 893,
      "update_at": "2025-10-24T17:18:18.000Z"
    },
    {
      "shortPath": "l2/layer3AddScheduling.defs.ts",
      "versionRef": "4759990b03a67fad013f17dbc4c8aab155f9d77d",
      "Length": 93,
      "update_at": "2025-10-15T13:51:44.000Z"
    },
    {
      "shortPath": "l2/layer3AddScheduling.html",
      "versionRef": "e04ebff372801b9425001ba00952a4f3085dcdd4",
      "Length": 28,
      "update_at": "2025-10-15T13:51:44.000Z"
    },
    {
      "shortPath": "l2/layer3AddScheduling.less",
      "versionRef": "b49682590669417a272c98c48d1525dbcacac963",
      "Length": 159,
      "update_at": "2025-10-15T13:51:44.000Z"
    },
    {
      "shortPath": "l2/layer3AddScheduling.test.ts",
      "versionRef": "9077f5614ced74ec6c16d7353b8fdf6c272d5b31",
      "Length": 261,
      "update_at": "2025-10-15T13:51:44.000Z"
    },
    {
      "shortPath": "l2/layer3AddScheduling.ts",
      "versionRef": "1dbf9950c9fcaff710d762fa7cee9788fb20bdcd",
      "Length": 353,
      "update_at": "2025-10-24T17:18:18.000Z"
    },
    {
      "shortPath": "l2/layer3AddServiceOrder.defs.ts",
      "versionRef": "f49431a0ecac252b8e2696f57634ff1815eb4ddc",
      "Length": 95,
      "update_at": "2025-10-15T13:51:44.000Z"
    },
    {
      "shortPath": "l2/layer3AddServiceOrder.html",
      "versionRef": "7f846d69103b5fbdaf9101df3e9f910557a37574",
      "Length": 30,
      "update_at": "2025-10-15T13:51:44.000Z"
    },
    {
      "shortPath": "l2/layer3AddServiceOrder.less",
      "versionRef": "b08330e8f73da8330cebc10eb7b4b01e47c79260",
      "Length": 164,
      "update_at": "2025-10-15T13:51:44.000Z"
    },
    {
      "shortPath": "l2/layer3AddServiceOrder.test.ts",
      "versionRef": "9c523557fc687f502aa68e0249d482d89996975e",
      "Length": 263,
      "update_at": "2025-10-15T13:51:44.000Z"
    },
    {
      "shortPath": "l2/layer3AddServiceOrder.ts",
      "versionRef": "9ff3d236f36b37659b02cc3e5878949f7fb42274",
      "Length": 365,
      "update_at": "2025-10-24T17:18:18.000Z"
    },
    {
      "shortPath": "l2/layer3DelScheduling.defs.ts",
      "versionRef": "d1826aeea4e0f4173957542eccf8d4ba896aeba7",
      "Length": 93,
      "update_at": "2025-10-15T13:51:44.000Z"
    },
    {
      "shortPath": "l2/layer3DelScheduling.html",
      "versionRef": "4a90915a044d8bcdc367693890a73ad88af7afa9",
      "Length": 28,
      "update_at": "2025-10-15T13:51:44.000Z"
    },
    {
      "shortPath": "l2/layer3DelScheduling.less",
      "versionRef": "664c906349dfbf7a595f72064e8b78444e5f30fb",
      "Length": 159,
      "update_at": "2025-10-15T13:51:44.000Z"
    },
    {
      "shortPath": "l2/layer3DelScheduling.test.ts",
      "versionRef": "0399297f50fd537c68be7e0f73f95488cb32edec",
      "Length": 261,
      "update_at": "2025-10-15T13:51:44.000Z"
    },
    {
      "shortPath": "l2/layer3DelScheduling.ts",
      "versionRef": "701e09b4352df9165238c2448891e97c2db073d7",
      "Length": 263,
      "update_at": "2025-10-24T17:18:18.000Z"
    },
    {
      "shortPath": "l2/layer3DelServiceOrder.defs.ts",
      "versionRef": "67785ca42842be47fa7e49b6cfd41fc647c5841e",
      "Length": 95,
      "update_at": "2025-10-15T13:51:44.000Z"
    },
    {
      "shortPath": "l2/layer3DelServiceOrder.html",
      "versionRef": "e3c13668f5c25644a2638afe7d7c03c444464fd8",
      "Length": 30,
      "update_at": "2025-10-15T13:51:44.000Z"
    },
    {
      "shortPath": "l2/layer3DelServiceOrder.less",
      "versionRef": "f0823c8048acddff5c81e87a01980471955cde62",
      "Length": 164,
      "update_at": "2025-10-15T13:51:44.000Z"
    },
    {
      "shortPath": "l2/layer3DelServiceOrder.test.ts",
      "versionRef": "97e4f1b13f178d80d24a48921fba7e629c84956a",
      "Length": 263,
      "update_at": "2025-10-15T13:51:44.000Z"
    },
    {
      "shortPath": "l2/layer3DelServiceOrder.ts",
      "versionRef": "7260d21458afaf0d421c95fabea6a0826bb24cb1",
      "Length": 268,
      "update_at": "2025-10-24T17:18:18.000Z"
    },
    {
      "shortPath": "l2/layer3GetByClientScheduling.defs.ts",
      "versionRef": "1e034e0e7e4cda52bf7e52c3fcc6b0d0401ad35f",
      "Length": 101,
      "update_at": "2025-10-15T13:51:44.000Z"
    },
    {
      "shortPath": "l2/layer3GetByClientScheduling.html",
      "versionRef": "363202f7cb951262a5c8d348af184f654999e6a3",
      "Length": 36,
      "update_at": "2025-10-15T13:51:44.000Z"
    },
    {
      "shortPath": "l2/layer3GetByClientScheduling.less",
      "versionRef": "bbfd35448b1600e18d16369c8feb3aff07ea0ae2",
      "Length": 177,
      "update_at": "2025-10-15T13:51:44.000Z"
    },
    {
      "shortPath": "l2/layer3GetByClientScheduling.test.ts",
      "versionRef": "2e0a4be1b26c51e00cdc2e2d867707922344c489",
      "Length": 269,
      "update_at": "2025-10-15T13:51:44.000Z"
    },
    {
      "shortPath": "l2/layer3GetByClientScheduling.ts",
      "versionRef": "78b8ffea5a0f2c67e81ede4491f4e8ee4dfe1927",
      "Length": 381,
      "update_at": "2025-10-24T17:18:18.000Z"
    },
    {
      "shortPath": "l2/layer3GetByIdScheduling.defs.ts",
      "versionRef": "d7929a00742c180e30242fac0c33a7d1750e4227",
      "Length": 97,
      "update_at": "2025-10-15T13:51:44.000Z"
    },
    {
      "shortPath": "l2/layer3GetByIdScheduling.html",
      "versionRef": "2a637bbdcb6106800cd284c97829c3e9276462ea",
      "Length": 32,
      "update_at": "2025-10-15T13:51:44.000Z"
    },
    {
      "shortPath": "l2/layer3GetByIdScheduling.less",
      "versionRef": "e5b0dc0df962573be13230be48e62241b98162ef",
      "Length": 169,
      "update_at": "2025-10-15T13:51:44.000Z"
    },
    {
      "shortPath": "l2/layer3GetByIdScheduling.test.ts",
      "versionRef": "6f78c3f733077add154531b5302875cf6ea11d0e",
      "Length": 265,
      "update_at": "2025-10-15T13:51:44.000Z"
    },
    {
      "shortPath": "l2/layer3GetByIdScheduling.ts",
      "versionRef": "e1863bdd4a9d879931f3f09bb26b3e27de3c0497",
      "Length": 354,
      "update_at": "2025-10-24T17:18:18.000Z"
    },
    {
      "shortPath": "l2/layer3GetByIdServiceOrder.defs.ts",
      "versionRef": "4b9adddd50ed075d2ca5b38e3d8607df5d5dc14a",
      "Length": 99,
      "update_at": "2025-10-15T13:51:44.000Z"
    },
    {
      "shortPath": "l2/layer3GetByIdServiceOrder.html",
      "versionRef": "ddb7b6e67fa342dfe138ced692f80ead83e5889d",
      "Length": 34,
      "update_at": "2025-10-15T13:51:44.000Z"
    },
    {
      "shortPath": "l2/layer3GetByIdServiceOrder.less",
      "versionRef": "86ec342fcd1a35aa92ada0c5f847b72f59c013d5",
      "Length": 174,
      "update_at": "2025-10-15T13:51:44.000Z"
    },
    {
      "shortPath": "l2/layer3GetByIdServiceOrder.test.ts",
      "versionRef": "6b0626370ab475b67349543cbbfbb279bd7b7bbb",
      "Length": 267,
      "update_at": "2025-10-15T13:51:44.000Z"
    },
    {
      "shortPath": "l2/layer3GetByIdServiceOrder.ts",
      "versionRef": "b3c25c088a6f6726a5d957137d274b2e59b92c88",
      "Length": 439,
      "update_at": "2025-10-24T17:18:18.000Z"
    },
    {
      "shortPath": "l2/layer3ListScheduling.defs.ts",
      "versionRef": "af38ecc787b9c264c003a4ae84ad84e732953cac",
      "Length": 94,
      "update_at": "2025-10-15T13:51:44.000Z"
    },
    {
      "shortPath": "l2/layer3ListScheduling.html",
      "versionRef": "56ecf3f52db4633f62ffcbcf978d4de4b6234523",
      "Length": 29,
      "update_at": "2025-10-15T13:51:44.000Z"
    },
    {
      "shortPath": "l2/layer3ListScheduling.less",
      "versionRef": "1347dbf52a30ba655f8af7b11bcb8cf80b8844b6",
      "Length": 161,
      "update_at": "2025-10-15T13:51:44.000Z"
    },
    {
      "shortPath": "l2/layer3ListScheduling.test.ts",
      "versionRef": "ac68e66f08e01ea772654997aac4ace4e0e4e078",
      "Length": 262,
      "update_at": "2025-10-15T13:51:44.000Z"
    },
    {
      "shortPath": "l2/layer3ListScheduling.ts",
      "versionRef": "9ea0d4d0c20c1a9b00462a1e58b1f43ba030d0fc",
      "Length": 326,
      "update_at": "2025-10-24T17:18:18.000Z"
    },
    {
      "shortPath": "l2/layer3ListServiceOrder.defs.ts",
      "versionRef": "fda51cfb046b738ccc4204fa5b21d3bbdd1fec07",
      "Length": 96,
      "update_at": "2025-10-15T13:51:44.000Z"
    },
    {
      "shortPath": "l2/layer3ListServiceOrder.html",
      "versionRef": "75da7a86d749caa09412daaa7384b2b936b80e89",
      "Length": 31,
      "update_at": "2025-10-15T13:51:44.000Z"
    },
    {
      "shortPath": "l2/layer3ListServiceOrder.less",
      "versionRef": "6e04eec8811a271f8df3dea27809296257cb421e",
      "Length": 166,
      "update_at": "2025-10-15T13:51:44.000Z"
    },
    {
      "shortPath": "l2/layer3ListServiceOrder.test.ts",
      "versionRef": "5c57473de2248d8cfdb2893cd02632dd5344f907",
      "Length": 264,
      "update_at": "2025-10-15T13:51:44.000Z"
    },
    {
      "shortPath": "l2/layer3ListServiceOrder.ts",
      "versionRef": "2144e61fd6ce40a8b9e4c5a09bcc3b4fce5e7cfc",
      "Length": 338,
      "update_at": "2025-10-24T17:18:18.000Z"
    },
    {
      "shortPath": "l2/layer3UpdScheduling.defs.ts",
      "versionRef": "a722ed1a547325b35ba81e6b3e7f792a1b61f4e4",
      "Length": 93,
      "update_at": "2025-10-15T13:51:44.000Z"
    },
    {
      "shortPath": "l2/layer3UpdScheduling.html",
      "versionRef": "28ff9517f68dc7e81e42f851d096eb3c1f7e9624",
      "Length": 28,
      "update_at": "2025-10-15T13:51:44.000Z"
    },
    {
      "shortPath": "l2/layer3UpdScheduling.less",
      "versionRef": "5f59d56ad7e9644c7e60ff36743b627bf78978c9",
      "Length": 159,
      "update_at": "2025-10-15T13:51:44.000Z"
    },
    {
      "shortPath": "l2/layer3UpdScheduling.test.ts",
      "versionRef": "666ae9bc4d196151c979fb11cc18c333be717204",
      "Length": 261,
      "update_at": "2025-10-15T13:51:44.000Z"
    },
    {
      "shortPath": "l2/layer3UpdScheduling.ts",
      "versionRef": "8ac0018a2a6f536835522ec0ee64a6381bc8e6c3",
      "Length": 349,
      "update_at": "2025-10-24T17:18:18.000Z"
    },
    {
      "shortPath": "l2/layer3UpdServiceOrder.defs.ts",
      "versionRef": "9e70d1352e7743d3a1261889ef8252c45c18e5c8",
      "Length": 95,
      "update_at": "2025-10-15T13:51:44.000Z"
    },
    {
      "shortPath": "l2/layer3UpdServiceOrder.html",
      "versionRef": "2b4059a068d715184fd415c9f7f4193667cef5b4",
      "Length": 30,
      "update_at": "2025-10-15T13:51:44.000Z"
    },
    {
      "shortPath": "l2/layer3UpdServiceOrder.less",
      "versionRef": "97b178c1c084203027b49ef77ad9a4f53bb14bbf",
      "Length": 164,
      "update_at": "2025-10-15T13:51:44.000Z"
    },
    {
      "shortPath": "l2/layer3UpdServiceOrder.test.ts",
      "versionRef": "353b927eab4bac5b98e9140579dbea296a176afc",
      "Length": 263,
      "update_at": "2025-10-15T13:51:44.000Z"
    },
    {
      "shortPath": "l2/layer3UpdServiceOrder.ts",
      "versionRef": "b99006225d37aea265d84c101bd11ae856d0e0a2",
      "Length": 370,
      "update_at": "2025-10-24T17:18:18.000Z"
    },
    {
      "shortPath": "l2/layer4Scheduling.defs.ts",
      "versionRef": "ed20174a7c994ddad08dbbdd3e232506de16410e",
      "Length": 90,
      "update_at": "2025-10-15T13:51:44.000Z"
    },
    {
      "shortPath": "l2/layer4Scheduling.html",
      "versionRef": "6d522a4b19a3aed1fb556c02bc6f31bc7a8fd80b",
      "Length": 25,
      "update_at": "2025-10-15T13:51:44.000Z"
    },
    {
      "shortPath": "l2/layer4Scheduling.less",
      "versionRef": "d8e14e5c884e18762546d98cfeb067a2922f2ef3",
      "Length": 152,
      "update_at": "2025-10-15T13:51:44.000Z"
    },
    {
      "shortPath": "l2/layer4Scheduling.test.ts",
      "versionRef": "6529b81cd8d60b31519abc4eb465663bcee9d9fa",
      "Length": 258,
      "update_at": "2025-10-15T13:51:44.000Z"
    },
    {
      "shortPath": "l2/layer4Scheduling.ts",
      "versionRef": "fc0ded7c60de3768d23f1f22dc010353b543392c",
      "Length": 925,
      "update_at": "2025-10-24T17:18:18.000Z"
    },
    {
      "shortPath": "l2/layer4SchedulingBase.defs.ts",
      "versionRef": "a59881b073e5464ac79c7023b12ade7b53e637c6",
      "Length": 94,
      "update_at": "2025-10-15T13:51:44.000Z"
    },
    {
      "shortPath": "l2/layer4SchedulingBase.html",
      "versionRef": "ad983c1ed98585d855970b0c12517b832b6d0e14",
      "Length": 29,
      "update_at": "2025-10-15T13:51:44.000Z"
    },
    {
      "shortPath": "l2/layer4SchedulingBase.less",
      "versionRef": "b94912e01ffa291360a8f4a4336f5bfaf30fc754",
      "Length": 161,
      "update_at": "2025-10-15T13:51:44.000Z"
    },
    {
      "shortPath": "l2/layer4SchedulingBase.test.ts",
      "versionRef": "4db2ef390d3b303156f891c8b3cfa8af3e5dcc0b",
      "Length": 262,
      "update_at": "2025-10-15T13:51:44.000Z"
    },
    {
      "shortPath": "l2/layer4SchedulingBase.ts",
      "versionRef": "305b09b6d920fd01cdffda5c87099f2552e6ad72",
      "Length": 538,
      "update_at": "2025-10-24T17:18:18.000Z"
    },
    {
      "shortPath": "l2/layer4ServiceOrder.defs.ts",
      "versionRef": "558037e1994514a7df0b598b81d2e6e90ee09ee9",
      "Length": 92,
      "update_at": "2025-10-15T13:51:44.000Z"
    },
    {
      "shortPath": "l2/layer4ServiceOrder.html",
      "versionRef": "45e28b4da81a4e524acd8f1299985edc968b047e",
      "Length": 27,
      "update_at": "2025-10-15T13:51:44.000Z"
    },
    {
      "shortPath": "l2/layer4ServiceOrder.less",
      "versionRef": "7858b9bfe563a85e9943e8fc1a0b545f2a77ffaf",
      "Length": 157,
      "update_at": "2025-10-15T13:51:44.000Z"
    },
    {
      "shortPath": "l2/layer4ServiceOrder.test.ts",
      "versionRef": "2c2c7e11f7990f85ffcca8cff635f21d42e0a545",
      "Length": 260,
      "update_at": "2025-10-15T13:51:44.000Z"
    },
    {
      "shortPath": "l2/layer4ServiceOrder.ts",
      "versionRef": "6d473071a774a72f942af84687f169375124e6a9",
      "Length": 1029,
      "update_at": "2025-10-24T17:18:18.000Z"
    },
    {
      "shortPath": "l2/layer4ServiceOrderBase.defs.ts",
      "versionRef": "46b780260c7f392c0216e1d65f99e1c451949faa",
      "Length": 96,
      "update_at": "2025-10-15T13:51:44.000Z"
    },
    {
      "shortPath": "l2/layer4ServiceOrderBase.html",
      "versionRef": "8dc11d35d4bc9911fdfd7f00f23c8045b0b28332",
      "Length": 31,
      "update_at": "2025-10-15T13:51:44.000Z"
    },
    {
      "shortPath": "l2/layer4ServiceOrderBase.less",
      "versionRef": "28ff8506fd6ac1fff78f11518cf57ec102e345ab",
      "Length": 166,
      "update_at": "2025-10-15T13:51:44.000Z"
    },
    {
      "shortPath": "l2/layer4ServiceOrderBase.test.ts",
      "versionRef": "facb619536b180e56d8e2d31b285ab09d78972c0",
      "Length": 264,
      "update_at": "2025-10-15T13:51:44.000Z"
    },
    {
      "shortPath": "l2/layer4ServiceOrderBase.ts",
      "versionRef": "73ab0ffe3665dfc01ac853fbbe7cc77bf37c099e",
      "Length": 476,
      "update_at": "2025-10-24T17:18:18.000Z"
    },
    {
      "shortPath": "l2/petshop/adminPanel.defs.ts",
      "versionRef": "82181b399f79e0f188563a5dd42cfe8208abc6dc",
      "Length": 4371,
      "update_at": "2025-08-05T18:28:44.000Z"
    },
    {
      "shortPath": "l2/petshop/adminPanel.html",
      "versionRef": "a74c5180bf1ac3427b524685c1b4570641b6bc8c",
      "Length": 1101,
      "update_at": "2025-08-14T18:57:42.000Z"
    },
    {
      "shortPath": "l2/petshop/adminPanel.less",
      "versionRef": "a5b96485ea5628ea20ffcb89036e7ebedfe9df9b",
      "Length": 1131,
      "update_at": "2025-08-05T18:28:44.000Z"
    },
    {
      "shortPath": "l2/petshop/adminPanel.test.ts",
      "versionRef": "5b641284ae3863a763d6371fba816e1963352f4c",
      "Length": 259,
      "update_at": "2025-08-05T18:28:44.000Z"
    },
    {
      "shortPath": "l2/petshop/adminPanel.ts",
      "versionRef": "ac0629fa052d154fe7309d26411f5d650f18ff14",
      "Length": 445,
      "update_at": "2025-08-05T18:28:44.000Z"
    },
    {
      "shortPath": "l2/petshop/module.defs.ts",
      "versionRef": "57a571c3822a907c8e39fe6de5341fb32fac6302",
      "Length": 87,
      "update_at": "2025-08-05T18:28:44.000Z"
    },
    {
      "shortPath": "l2/petshop/module.html",
      "versionRef": "6e54754ae6e62592cfb1ba96840c597443af8605",
      "Length": 15,
      "update_at": "2025-08-05T18:28:44.000Z"
    },
    {
      "shortPath": "l2/petshop/module.less",
      "versionRef": "9ebadc752fc5e1d3f2b4c28002cdaf41e0932d43",
      "Length": 147,
      "update_at": "2025-08-05T18:28:44.000Z"
    },
    {
      "shortPath": "l2/petshop/module.test.ts",
      "versionRef": "6070ed2d3209c76263993a855d9d2ed402aa841f",
      "Length": 255,
      "update_at": "2025-08-05T18:28:44.000Z"
    },
    {
      "shortPath": "l2/petshop/module.ts",
      "versionRef": "02a186ae12f80b14ad3b07e714903e8e91a5dfdc",
      "Length": 30805,
      "update_at": "2025-10-13T18:20:50.000Z"
    },
    {
      "shortPath": "l2/petshop/organismAboutPetshop.defs.ts",
      "versionRef": "b89938b2843785434a53dcb0a8ae7ee5368982b2",
      "Length": 1075,
      "update_at": "2025-08-08T13:40:58.000Z"
    },
    {
      "shortPath": "l2/petshop/organismAboutPetshop.html",
      "versionRef": "9c68458a2f3e918f5a2687a46fe76d79b33f11f2",
      "Length": 81,
      "update_at": "2025-08-05T18:28:44.000Z"
    },
    {
      "shortPath": "l2/petshop/organismAboutPetshop.less",
      "versionRef": "3433c60e501643ade7936f72d5a0978715c5e2a4",
      "Length": 1282,
      "update_at": "2025-10-13T18:20:50.000Z"
    },
    {
      "shortPath": "l2/petshop/organismAboutPetshop.test.ts",
      "versionRef": "bdaac45162a6698938c2df9435be186a66e5ee4c",
      "Length": 269,
      "update_at": "2025-08-05T18:28:44.000Z"
    },
    {
      "shortPath": "l2/petshop/organismAboutPetshop.ts",
      "versionRef": "2822a66d0aec65c7229e978d597b3c3150a45a13",
      "Length": 1438,
      "update_at": "2025-08-05T18:28:44.000Z"
    },
    {
      "shortPath": "l2/petshop/organismAdminAddProduct.defs.ts",
      "versionRef": "b0a286edad2d28495d2597474cb957eafa2dfc69",
      "Length": 104,
      "update_at": "2025-10-14T17:33:21.000Z"
    },
    {
      "shortPath": "l2/petshop/organismAdminAddProduct.html",
      "versionRef": "c35113ec1d8b7bc10529e999340996126c06dfb8",
      "Length": 89,
      "update_at": "2025-10-14T17:33:21.000Z"
    },
    {
      "shortPath": "l2/petshop/organismAdminAddProduct.less",
      "versionRef": "19fac2733847ebdefe3687670fdab3dd196bfa1f",
      "Length": 251,
      "update_at": "2025-10-15T11:59:57.000Z"
    },
    {
      "shortPath": "l2/petshop/organismAdminAddProduct.test.ts",
      "versionRef": "d5df2b9d5002b1f8459dd73913bd601716b68fbb",
      "Length": 272,
      "update_at": "2025-10-14T17:33:21.000Z"
    },
    {
      "shortPath": "l2/petshop/organismAdminAddProduct.ts",
      "versionRef": "98a7ca58b980e58ae588e342aab299e7a6103b70",
      "Length": 4999,
      "update_at": "2025-10-24T18:28:41.000Z"
    },
    {
      "shortPath": "l2/petshop/organismAdminAddService.defs.ts",
      "versionRef": "fb9c0aedf8182de62e1e8b8c41ca6d19d661ed92",
      "Length": 104,
      "update_at": "2025-10-14T17:33:21.000Z"
    },
    {
      "shortPath": "l2/petshop/organismAdminAddService.html",
      "versionRef": "b9597bb32d081ce296f8532e6a5990a65a2fceb3",
      "Length": 89,
      "update_at": "2025-10-14T17:33:21.000Z"
    },
    {
      "shortPath": "l2/petshop/organismAdminAddService.less",
      "versionRef": "0e574199ad651700700641f73d18585189ff2faf",
      "Length": 250,
      "update_at": "2025-10-15T11:59:57.000Z"
    },
    {
      "shortPath": "l2/petshop/organismAdminAddService.test.ts",
      "versionRef": "587c81197b460084318d505705b6ac7d1f44140b",
      "Length": 272,
      "update_at": "2025-10-14T17:33:21.000Z"
    },
    {
      "shortPath": "l2/petshop/organismAdminAddService.ts",
      "versionRef": "b582b88de2b7730cbd177680fd73b3f7dc3fa0f3",
      "Length": 6266,
      "update_at": "2025-10-24T18:28:41.000Z"
    },
    {
      "shortPath": "l2/petshop/organismAdminBookings.defs.ts",
      "versionRef": "45839ec1b0e1981977c21c94422bdbfbcdede98f",
      "Length": 1126,
      "update_at": "2025-08-08T13:40:58.000Z"
    },
    {
      "shortPath": "l2/petshop/organismAdminBookings.html",
      "versionRef": "aeb2a4a8ed50d889e19417d6fc0208bbd8dc444a",
      "Length": 83,
      "update_at": "2025-08-05T18:28:44.000Z"
    },
    {
      "shortPath": "l2/petshop/organismAdminBookings.less",
      "versionRef": "ab3b4ed48a318346daca7b77aa0588cd849531bc",
      "Length": 2067,
      "update_at": "2025-10-16T12:01:01.000Z"
    },
    {
      "shortPath": "l2/petshop/organismAdminBookings.test.ts",
      "versionRef": "2c3914e59f0c143a0ba3454380410f5b79953ffd",
      "Length": 270,
      "update_at": "2025-08-05T18:28:44.000Z"
    },
    {
      "shortPath": "l2/petshop/organismAdminBookings.ts",
      "versionRef": "35b37d8f133169691ac9483b0224aaee46630db7",
      "Length": 8211,
      "update_at": "2025-10-24T17:18:18.000Z"
    },
    {
      "shortPath": "l2/petshop/organismAdminContent.defs.ts",
      "versionRef": "a1d592a745ab6c7367f1574e7e6aa298cee20a9b",
      "Length": 1075,
      "update_at": "2025-08-08T13:40:58.000Z"
    },
    {
      "shortPath": "l2/petshop/organismAdminContent.html",
      "versionRef": "2bcdf12e53343b2a003103f181a2173465e7381f",
      "Length": 81,
      "update_at": "2025-08-05T18:28:44.000Z"
    },
    {
      "shortPath": "l2/petshop/organismAdminContent.less",
      "versionRef": "a01b47a8e83575e52ddc07efe10a73edbbbe4bf5",
      "Length": 2207,
      "update_at": "2025-08-05T18:28:44.000Z"
    },
    {
      "shortPath": "l2/petshop/organismAdminContent.test.ts",
      "versionRef": "dc595d1c6bb32556bc85663c5a1b2d94c326da5a",
      "Length": 269,
      "update_at": "2025-08-05T18:28:44.000Z"
    },
    {
      "shortPath": "l2/petshop/organismAdminContent.ts",
      "versionRef": "a3774d6de716361db51058a96003f66f9ee4c48c",
      "Length": 2161,
      "update_at": "2025-08-05T18:28:44.000Z"
    },
    {
      "shortPath": "l2/petshop/organismAdminDashboard.defs.ts",
      "versionRef": "c7209646240e59ecfd9f69df89057c0fa3ae64b9",
      "Length": 1099,
      "update_at": "2025-08-08T13:40:58.000Z"
    },
    {
      "shortPath": "l2/petshop/organismAdminDashboard.html",
      "versionRef": "810777ebcb23afcece925a03bc1f20dc43f1c30c",
      "Length": 85,
      "update_at": "2025-08-05T18:28:44.000Z"
    },
    {
      "shortPath": "l2/petshop/organismAdminDashboard.less",
      "versionRef": "485dae3a5361f7cb2b090150b0bdcd08d3479c8d",
      "Length": 1871,
      "update_at": "2025-08-05T18:28:44.000Z"
    },
    {
      "shortPath": "l2/petshop/organismAdminDashboard.test.ts",
      "versionRef": "e9ed017946eff63bf40179e982b78e628c53d744",
      "Length": 271,
      "update_at": "2025-08-05T18:28:44.000Z"
    },
    {
      "shortPath": "l2/petshop/organismAdminDashboard.ts",
      "versionRef": "a463accb54732808547d8582a19b0c74979e1aa3",
      "Length": 1705,
      "update_at": "2025-10-14T12:25:13.000Z"
    },
    {
      "shortPath": "l2/petshop/organismAdminNav.defs.ts",
      "versionRef": "c541ec35aec6d9fba2f95a5417eb94f51c6bc94b",
      "Length": 1150,
      "update_at": "2025-08-08T13:40:58.000Z"
    },
    {
      "shortPath": "l2/petshop/organismAdminNav.html",
      "versionRef": "c295f5154102f299377a124c3b32aa0bdd708a67",
      "Length": 73,
      "update_at": "2025-08-05T18:28:44.000Z"
    },
    {
      "shortPath": "l2/petshop/organismAdminNav.less",
      "versionRef": "f14c45f67013db87a3b59c12da78f07941943995",
      "Length": 2570,
      "update_at": "2025-10-17T12:18:02.000Z"
    },
    {
      "shortPath": "l2/petshop/organismAdminNav.test.ts",
      "versionRef": "04ad1c00251a32140b1c2ed07dcb40c75f8f73e0",
      "Length": 265,
      "update_at": "2025-08-05T18:28:44.000Z"
    },
    {
      "shortPath": "l2/petshop/organismAdminNav.ts",
      "versionRef": "e68cedcb120a853e94356363f117d99318689978",
      "Length": 3453,
      "update_at": "2025-10-24T18:28:41.000Z"
    },
    {
      "shortPath": "l2/petshop/organismAdminOrderEdit.defs.ts",
      "versionRef": "452076686e23fd3c520422a498b79bc05fbf4cb6",
      "Length": 3849,
      "update_at": "2025-10-17T12:18:02.000Z"
    },
    {
      "shortPath": "l2/petshop/organismAdminOrderEdit.html",
      "versionRef": "986a5b8242e0988b484d69b489c607c3e5d76361",
      "Length": 87,
      "update_at": "2025-10-17T12:18:02.000Z"
    },
    {
      "shortPath": "l2/petshop/organismAdminOrderEdit.less",
      "versionRef": "66e339a018cdad418bc4ff458904e19968e2b04a",
      "Length": 160,
      "update_at": "2025-10-17T12:18:02.000Z"
    },
    {
      "shortPath": "l2/petshop/organismAdminOrderEdit.test.ts",
      "versionRef": "50e99ef4b691cb4fbb05351cfe5efd50a4af2dda",
      "Length": 271,
      "update_at": "2025-10-17T12:18:02.000Z"
    },
    {
      "shortPath": "l2/petshop/organismAdminOrderEdit.ts",
      "versionRef": "cc4b07f007e0a83fa213433a7b4f2ab04ba7b71b",
      "Length": 6811,
      "update_at": "2025-10-24T18:28:41.000Z"
    },
    {
      "shortPath": "l2/petshop/organismAdminProductEdit.defs.ts",
      "versionRef": "db1fec5833322142c17dfc4090bdcb64af65102a",
      "Length": 2839,
      "update_at": "2025-10-14T12:25:13.000Z"
    },
    {
      "shortPath": "l2/petshop/organismAdminProductEdit.html",
      "versionRef": "0763428252c52deb41b5accf609a133c11f9ed2d",
      "Length": 91,
      "update_at": "2025-10-14T12:25:13.000Z"
    },
    {
      "shortPath": "l2/petshop/organismAdminProductEdit.less",
      "versionRef": "05da02178fed9d1a45cf534ed9f2fb2670e833d1",
      "Length": 164,
      "update_at": "2025-10-14T12:25:13.000Z"
    },
    {
      "shortPath": "l2/petshop/organismAdminProductEdit.test.ts",
      "versionRef": "e946f66a6d78d55830ee03d747c128f125d38ad1",
      "Length": 273,
      "update_at": "2025-10-14T12:25:13.000Z"
    },
    {
      "shortPath": "l2/petshop/organismAdminProductEdit.ts",
      "versionRef": "eaf67f0d0304b451eb114cb32a1f732098305e89",
      "Length": 10417,
      "update_at": "2025-10-24T18:28:41.000Z"
    },
    {
      "shortPath": "l2/petshop/organismAdminProductList.defs.ts",
      "versionRef": "597441a040cca64d1c05b6f56d18ac9178cdf4ac",
      "Length": 2422,
      "update_at": "2025-10-14T12:25:13.000Z"
    },
    {
      "shortPath": "l2/petshop/organismAdminProductList.html",
      "versionRef": "b4867d7e457aa617d486214f40e9974ae0f9cb67",
      "Length": 91,
      "update_at": "2025-10-14T12:25:13.000Z"
    },
    {
      "shortPath": "l2/petshop/organismAdminProductList.less",
      "versionRef": "ea93e59938517cdd5d71a32c4088f942f3f15ab8",
      "Length": 744,
      "update_at": "2025-10-15T11:59:57.000Z"
    },
    {
      "shortPath": "l2/petshop/organismAdminProductList.test.ts",
      "versionRef": "e32cc7030f6577499ff9d07fe767c78594f3e616",
      "Length": 273,
      "update_at": "2025-10-14T12:25:13.000Z"
    },
    {
      "shortPath": "l2/petshop/organismAdminProductList.ts",
      "versionRef": "38dc5c07be728c09dd98c44ea3b8560f8fd49877",
      "Length": 6870,
      "update_at": "2025-10-24T18:28:41.000Z"
    },
    {
      "shortPath": "l2/petshop/organismAdminProducts.defs.ts",
      "versionRef": "63091a47466ae7fe6aea7184841627c0262b1b32",
      "Length": 1093,
      "update_at": "2025-08-08T13:40:58.000Z"
    },
    {
      "shortPath": "l2/petshop/organismAdminProducts.html",
      "versionRef": "2eaca0bb354847fe1023fd853f2948e88bfa3f81",
      "Length": 83,
      "update_at": "2025-08-05T18:28:44.000Z"
    },
    {
      "shortPath": "l2/petshop/organismAdminProducts.less",
      "versionRef": "27a13ca51e3e18946238d5326939ca4170eebd54",
      "Length": 3030,
      "update_at": "2025-08-05T18:28:44.000Z"
    },
    {
      "shortPath": "l2/petshop/organismAdminProducts.test.ts",
      "versionRef": "66c66596f34a6a9e913b849823197950508dcff4",
      "Length": 270,
      "update_at": "2025-08-05T18:28:44.000Z"
    },
    {
      "shortPath": "l2/petshop/organismAdminProducts.ts",
      "versionRef": "4bb86616eb9ae1d440d30c620021582358df6f99",
      "Length": 5361,
      "update_at": "2025-08-05T18:28:44.000Z"
    },
    {
      "shortPath": "l2/petshop/organismAdminScheduling.defs.ts",
      "versionRef": "cff97da703ddd9371047957f8ecc69d36de9d4a1",
      "Length": 3032,
      "update_at": "2025-10-14T17:33:21.000Z"
    },
    {
      "shortPath": "l2/petshop/organismAdminScheduling.html",
      "versionRef": "f010f4f6f271d0857fb76d98eae0735b65606d85",
      "Length": 87,
      "update_at": "2025-10-14T17:33:21.000Z"
    },
    {
      "shortPath": "l2/petshop/organismAdminScheduling.less",
      "versionRef": "6ce3c8cc79c85d80ff3a1b05dc5abdee076145aa",
      "Length": 1084,
      "update_at": "2025-10-21T13:41:18.000Z"
    },
    {
      "shortPath": "l2/petshop/organismAdminScheduling.test.ts",
      "versionRef": "e872a2afa11501982eabf193cf24de92fa28755f",
      "Length": 272,
      "update_at": "2025-10-14T17:33:21.000Z"
    },
    {
      "shortPath": "l2/petshop/organismAdminScheduling.ts",
      "versionRef": "d98c743479bdd9d9dc70ac855e3d84fb710e7549",
      "Length": 11281,
      "update_at": "2025-10-24T18:28:41.000Z"
    },
    {
      "shortPath": "l2/petshop/organismAdminServiceEdit.defs.ts",
      "versionRef": "b86d214625fbb7f613f056ac64fa52539fd560fa",
      "Length": 4674,
      "update_at": "2025-10-14T12:25:13.000Z"
    },
    {
      "shortPath": "l2/petshop/organismAdminServiceEdit.html",
      "versionRef": "a706f9f5b71cdffe84b9a69dc95b32f085b02008",
      "Length": 91,
      "update_at": "2025-10-14T12:25:13.000Z"
    },
    {
      "shortPath": "l2/petshop/organismAdminServiceEdit.less",
      "versionRef": "5d442c0809f8740b48bfd1a11af4802095ad340a",
      "Length": 248,
      "update_at": "2025-10-15T11:59:57.000Z"
    },
    {
      "shortPath": "l2/petshop/organismAdminServiceEdit.test.ts",
      "versionRef": "a4683211b94fd786425d9a8e696aa672e8f82517",
      "Length": 273,
      "update_at": "2025-10-14T12:25:13.000Z"
    },
    {
      "shortPath": "l2/petshop/organismAdminServiceEdit.ts",
      "versionRef": "a1015526b49f5917a76a1a8c1e38ffd8d193185a",
      "Length": 12310,
      "update_at": "2025-10-24T18:28:41.000Z"
    },
    {
      "shortPath": "l2/petshop/organismAdminServicesList.defs.ts",
      "versionRef": "6be64be56afef9134c53cc65533333aba54e46e7",
      "Length": 2573,
      "update_at": "2025-10-14T12:25:13.000Z"
    },
    {
      "shortPath": "l2/petshop/organismAdminServicesList.html",
      "versionRef": "4d6cf0cc4a150c8139bfeb2cc78e5132d9562b6b",
      "Length": 93,
      "update_at": "2025-10-14T12:25:13.000Z"
    },
    {
      "shortPath": "l2/petshop/organismAdminServicesList.less",
      "versionRef": "900c6f6aa429b5108c115d872a9f496ebac4cd3b",
      "Length": 1061,
      "update_at": "2025-10-15T11:59:57.000Z"
    },
    {
      "shortPath": "l2/petshop/organismAdminServicesList.test.ts",
      "versionRef": "1535c7fcce2661594da1e9dfdbe44f5cacdfd65a",
      "Length": 274,
      "update_at": "2025-10-14T12:25:13.000Z"
    },
    {
      "shortPath": "l2/petshop/organismAdminServicesList.ts",
      "versionRef": "4daf2b99a246ab828455262b8a3ec6d2e7fecbbd",
      "Length": 6091,
      "update_at": "2025-10-24T18:28:41.000Z"
    },
    {
      "shortPath": "l2/petshop/organismAdminSidebar.defs.ts",
      "versionRef": "810cbc3f54515177bfca1208756fe44db9eae621",
      "Length": 1104,
      "update_at": "2025-08-08T13:40:58.000Z"
    },
    {
      "shortPath": "l2/petshop/organismAdminSidebar.html",
      "versionRef": "327d7985af0b5b036f11e5bb71f130e872b61000",
      "Length": 81,
      "update_at": "2025-08-05T18:28:44.000Z"
    },
    {
      "shortPath": "l2/petshop/organismAdminSidebar.less",
      "versionRef": "22a3a733fddfdd942075a31c36ccf7e122f612ef",
      "Length": 2336,
      "update_at": "2025-08-05T18:28:44.000Z"
    },
    {
      "shortPath": "l2/petshop/organismAdminSidebar.test.ts",
      "versionRef": "11e9877e6d0058fe5c179169bf8e941cb2e4ff6d",
      "Length": 269,
      "update_at": "2025-08-05T18:28:44.000Z"
    },
    {
      "shortPath": "l2/petshop/organismAdminSidebar.ts",
      "versionRef": "93a6bbacaad9c5d2fa7306a401bb78ec22789d13",
      "Length": 2524,
      "update_at": "2025-08-05T18:28:44.000Z"
    },
    {
      "shortPath": "l2/petshop/organismBookingForm.defs.ts",
      "versionRef": "1d78bca379e4a366ec34c99a24459b698cae29da",
      "Length": 1528,
      "update_at": "2025-08-08T13:40:58.000Z"
    },
    {
      "shortPath": "l2/petshop/organismBookingForm.html",
      "versionRef": "9acf5c89d4d84ab1387470e5cea635f9be330818",
      "Length": 79,
      "update_at": "2025-08-05T18:28:44.000Z"
    },
    {
      "shortPath": "l2/petshop/organismBookingForm.less",
      "versionRef": "7d933110ed6f468f7d3306e884f77f56a85c8eac",
      "Length": 2387,
      "update_at": "2025-10-17T13:35:46.000Z"
    },
    {
      "shortPath": "l2/petshop/organismBookingForm.test.ts",
      "versionRef": "0c5a49a72ae3d17e785b6c6f4ca33c06d6cd5abb",
      "Length": 268,
      "update_at": "2025-08-05T18:28:44.000Z"
    },
    {
      "shortPath": "l2/petshop/organismBookingForm.ts",
      "versionRef": "79ab44f1ba8e3cd5e52e4c5bff08eb59e3f4ddc9",
      "Length": 9481,
      "update_at": "2025-10-24T18:28:41.000Z"
    },
    {
      "shortPath": "l2/petshop/organismBookingInfo.defs.ts",
      "versionRef": "8af790963e1a1ff46570f97610d24c3a1eaaaf95",
      "Length": 1137,
      "update_at": "2025-08-08T13:40:58.000Z"
    },
    {
      "shortPath": "l2/petshop/organismBookingInfo.html",
      "versionRef": "04984c330e784aa36a86b0572f4b0d0a30195cc1",
      "Length": 79,
      "update_at": "2025-08-05T18:28:44.000Z"
    },
    {
      "shortPath": "l2/petshop/organismBookingInfo.less",
      "versionRef": "d16a924c64bc0a98d0d2e2b14900232834245841",
      "Length": 1209,
      "update_at": "2025-10-13T18:20:50.000Z"
    },
    {
      "shortPath": "l2/petshop/organismBookingInfo.test.ts",
      "versionRef": "b5ce65a03d3b9b566a2300b062fa0e6df9a533e1",
      "Length": 268,
      "update_at": "2025-08-05T18:28:44.000Z"
    },
    {
      "shortPath": "l2/petshop/organismBookingInfo.ts",
      "versionRef": "5fbf03bdfc5bf55512ad369af969768f4e13f6a4",
      "Length": 1411,
      "update_at": "2025-08-05T18:28:44.000Z"
    },
    {
      "shortPath": "l2/petshop/organismCartSummary.defs.ts",
      "versionRef": "f31d9f3c7cb9f49e22cba8fb30d1a1fe9f175c06",
      "Length": 1124,
      "update_at": "2025-08-08T13:40:58.000Z"
    },
    {
      "shortPath": "l2/petshop/organismCartSummary.html",
      "versionRef": "5d6935e16cc6aff49003dc793d30738f6163248a",
      "Length": 79,
      "update_at": "2025-08-05T18:28:44.000Z"
    },
    {
      "shortPath": "l2/petshop/organismCartSummary.less",
      "versionRef": "83b838b75feb1a96ed2107ae08340ed2cab3ae4f",
      "Length": 3935,
      "update_at": "2025-08-05T18:28:44.000Z"
    },
    {
      "shortPath": "l2/petshop/organismCartSummary.test.ts",
      "versionRef": "584b29fa640fc6d692760be473820b602f6914fc",
      "Length": 268,
      "update_at": "2025-08-05T18:28:44.000Z"
    },
    {
      "shortPath": "l2/petshop/organismCartSummary.ts",
      "versionRef": "c264c4941f79641cba2fd1eaec3b7906e8999641",
      "Length": 2993,
      "update_at": "2025-10-24T18:28:41.000Z"
    },
    {
      "shortPath": "l2/petshop/organismContactDetails.defs.ts",
      "versionRef": "c087651814d768502b6a21b4f084f58bb0b8447c",
      "Length": 1114,
      "update_at": "2025-08-08T13:40:58.000Z"
    },
    {
      "shortPath": "l2/petshop/organismContactDetails.html",
      "versionRef": "bd75f013af26d04ac3df3005f15d709e53e1b9f1",
      "Length": 85,
      "update_at": "2025-08-05T18:28:44.000Z"
    },
    {
      "shortPath": "l2/petshop/organismContactDetails.less",
      "versionRef": "7391f4a985ad4e7103ec727e02301e6aa05641ab",
      "Length": 1850,
      "update_at": "2025-08-05T18:28:44.000Z"
    },
    {
      "shortPath": "l2/petshop/organismContactDetails.test.ts",
      "versionRef": "7decc1dc00513442c35dae36cee32683e660e2fd",
      "Length": 271,
      "update_at": "2025-08-05T18:28:44.000Z"
    },
    {
      "shortPath": "l2/petshop/organismContactDetails.ts",
      "versionRef": "d3f44b54c3ba4e03ecaac7df59e90f5fc800e1d1",
      "Length": 5842,
      "update_at": "2025-08-05T18:28:44.000Z"
    },
    {
      "shortPath": "l2/petshop/organismContactForm.defs.ts",
      "versionRef": "633efcaa5f684207cf198e4f777c480659fd895c",
      "Length": 1105,
      "update_at": "2025-08-08T13:40:58.000Z"
    },
    {
      "shortPath": "l2/petshop/organismContactForm.html",
      "versionRef": "dc2061e83d62764f49da9c1ebafb996f616c5d39",
      "Length": 79,
      "update_at": "2025-08-05T18:28:44.000Z"
    },
    {
      "shortPath": "l2/petshop/organismContactForm.less",
      "versionRef": "defff6ecba183d064bbae13e86b1ac116b5bbbb7",
      "Length": 1922,
      "update_at": "2025-10-17T13:35:46.000Z"
    },
    {
      "shortPath": "l2/petshop/organismContactForm.test.ts",
      "versionRef": "ce5de567e5fceade2490c5d93d002959a5a2c3b8",
      "Length": 268,
      "update_at": "2025-08-05T18:28:44.000Z"
    },
    {
      "shortPath": "l2/petshop/organismContactForm.ts",
      "versionRef": "d9e6ee5f51bd34a28f9599004282729e96991690",
      "Length": 1479,
      "update_at": "2025-10-17T13:35:46.000Z"
    },
    {
      "shortPath": "l2/petshop/organismEditScheduling.defs.ts",
      "versionRef": "ecdd7b019e5930adc36231a9b68f148d277732b3",
      "Length": 3971,
      "update_at": "2025-10-17T12:18:02.000Z"
    },
    {
      "shortPath": "l2/petshop/organismEditScheduling.html",
      "versionRef": "61004fc3f89d2955d9cee05128c96cdcb5945c59",
      "Length": 85,
      "update_at": "2025-10-17T12:18:02.000Z"
    },
    {
      "shortPath": "l2/petshop/organismEditScheduling.less",
      "versionRef": "8c18241da4eef1e901e2b0428285f2fa506c4246",
      "Length": 579,
      "update_at": "2025-10-17T12:18:02.000Z"
    },
    {
      "shortPath": "l2/petshop/organismEditScheduling.test.ts",
      "versionRef": "c813ca24b35a7eb36c5c49b0bf4530c7101a73f2",
      "Length": 271,
      "update_at": "2025-10-17T12:18:02.000Z"
    },
    {
      "shortPath": "l2/petshop/organismEditScheduling.ts",
      "versionRef": "b66d6feef201e27a9798be9702eed6ce0c99bd38",
      "Length": 12926,
      "update_at": "2025-10-24T18:28:41.000Z"
    },
    {
      "shortPath": "l2/petshop/organismFeaturedProducts.defs.ts",
      "versionRef": "1957101e787e2376cd1a8e40aa7028dd043b5651",
      "Length": 1108,
      "update_at": "2025-08-08T13:40:58.000Z"
    },
    {
      "shortPath": "l2/petshop/organismFeaturedProducts.html",
      "versionRef": "201e56e45a32da5df4061bf7c61273ec8adc2650",
      "Length": 89,
      "update_at": "2025-08-05T18:28:44.000Z"
    },
    {
      "shortPath": "l2/petshop/organismFeaturedProducts.less",
      "versionRef": "6cda4bd5b17b341edf6eb52a03ad16c61ea92f4d",
      "Length": 2565,
      "update_at": "2025-08-05T18:28:44.000Z"
    },
    {
      "shortPath": "l2/petshop/organismFeaturedProducts.test.ts",
      "versionRef": "147ccefb3cabd67f041f864c17f920fbd683093f",
      "Length": 273,
      "update_at": "2025-08-05T18:28:44.000Z"
    },
    {
      "shortPath": "l2/petshop/organismFeaturedProducts.ts",
      "versionRef": "3211baa0c58c418929402582d055e0c7aeaafcef",
      "Length": 2540,
      "update_at": "2025-10-24T18:28:41.000Z"
    },
    {
      "shortPath": "l2/petshop/organismFeaturedServices.defs.ts",
      "versionRef": "9c6340591fb7311f178e27c902ea7ea8ab86fa0a",
      "Length": 1104,
      "update_at": "2025-08-08T13:40:58.000Z"
    },
    {
      "shortPath": "l2/petshop/organismFeaturedServices.html",
      "versionRef": "74ab9c8e38f39586526a5479e071d47b859334c6",
      "Length": 89,
      "update_at": "2025-08-05T18:28:44.000Z"
    },
    {
      "shortPath": "l2/petshop/organismFeaturedServices.less",
      "versionRef": "239809f8159958477e55d18603cefe3570656a0f",
      "Length": 2932,
      "update_at": "2025-10-17T13:26:21.000Z"
    },
    {
      "shortPath": "l2/petshop/organismFeaturedServices.test.ts",
      "versionRef": "cdd1850faf4426b9e1d23f5216369ba4ba732f0c",
      "Length": 273,
      "update_at": "2025-08-05T18:28:44.000Z"
    },
    {
      "shortPath": "l2/petshop/organismFeaturedServices.ts",
      "versionRef": "da28eccc34dcd6d128a2258ddd4d7825e677ed7f",
      "Length": 2216,
      "update_at": "2025-10-24T18:28:41.000Z"
    },
    {
      "shortPath": "l2/petshop/organismFooterInfo.defs.ts",
      "versionRef": "f10e7cb11e3dedbd4f50f9a4934c71520923756e",
      "Length": 1138,
      "update_at": "2025-08-08T13:40:58.000Z"
    },
    {
      "shortPath": "l2/petshop/organismFooterInfo.html",
      "versionRef": "caf2202351e7d07dbc7e9419c269aa8eaa9599b5",
      "Length": 77,
      "update_at": "2025-08-05T18:28:44.000Z"
    },
    {
      "shortPath": "l2/petshop/organismFooterInfo.less",
      "versionRef": "a8f148a2ddae17adaee51de05c0256186e2293e9",
      "Length": 2459,
      "update_at": "2025-10-16T14:20:02.000Z"
    },
    {
      "shortPath": "l2/petshop/organismFooterInfo.test.ts",
      "versionRef": "a6e1b1baf2874ad49e0b1032c96eb5334e2d1d2f",
      "Length": 267,
      "update_at": "2025-08-05T18:28:44.000Z"
    },
    {
      "shortPath": "l2/petshop/organismFooterInfo.ts",
      "versionRef": "a325948777d234fb23d354b5db89deb9cc8b9ff4",
      "Length": 4800,
      "update_at": "2025-10-24T18:28:41.000Z"
    },
    {
      "shortPath": "l2/petshop/organismHeroBanner.defs.ts",
      "versionRef": "e2f4283b64e51d539778d1ab70168de72847c302",
      "Length": 1254,
      "update_at": "2025-08-08T13:40:58.000Z"
    },
    {
      "shortPath": "l2/petshop/organismHeroBanner.html",
      "versionRef": "aaa0c0e62299f828e7a75073309bc645ea4db698",
      "Length": 77,
      "update_at": "2025-08-05T18:28:44.000Z"
    },
    {
      "shortPath": "l2/petshop/organismHeroBanner.less",
      "versionRef": "7546afe1092ec06821cbe624ae253cd290aa40b6",
      "Length": 2105,
      "update_at": "2025-08-05T18:28:44.000Z"
    },
    {
      "shortPath": "l2/petshop/organismHeroBanner.test.ts",
      "versionRef": "11367c68fc1b4ba23f055acd8650aecd1fc31382",
      "Length": 267,
      "update_at": "2025-08-05T18:28:44.000Z"
    },
    {
      "shortPath": "l2/petshop/organismHeroBanner.ts",
      "versionRef": "7182bfe35d194c2a4a1bbe8c82a9b4364b4c9ea4",
      "Length": 1445,
      "update_at": "2025-10-17T13:26:21.000Z"
    },
    {
      "shortPath": "l2/petshop/organismMenuPerfil.defs.ts",
      "versionRef": "9c7f2b56a314f5e07069537d54bb30089a4f17e0",
      "Length": 4032,
      "update_at": "2025-10-13T20:25:37.000Z"
    },
    {
      "shortPath": "l2/petshop/organismMenuPerfil.html",
      "versionRef": "ff72110ed5a5589da58f821ce7dddbcb97deb80c",
      "Length": 77,
      "update_at": "2025-10-13T20:25:37.000Z"
    },
    {
      "shortPath": "l2/petshop/organismMenuPerfil.less",
      "versionRef": "dae46cd92e0fa8e83a9c1981e114eed3b7721c65",
      "Length": 1267,
      "update_at": "2025-10-13T20:25:37.000Z"
    },
    {
      "shortPath": "l2/petshop/organismMenuPerfil.test.ts",
      "versionRef": "61959a6d1ec6312db1883958bce761ea4ab39230",
      "Length": 267,
      "update_at": "2025-10-13T20:25:37.000Z"
    },
    {
      "shortPath": "l2/petshop/organismMenuPerfil.ts",
      "versionRef": "9b0643b29d79358bbee43eb889ebf8ef40b053c2",
      "Length": 2463,
      "update_at": "2025-10-13T20:25:37.000Z"
    },
    {
      "shortPath": "l2/petshop/organismNav.defs.ts",
      "versionRef": "f9a67743cf101c53febbb3fede0b515cb37959c4",
      "Length": 1467,
      "update_at": "2025-08-08T13:40:58.000Z"
    },
    {
      "shortPath": "l2/petshop/organismNav.html",
      "versionRef": "620de3895b9110fab1aab67185e79a887fe292f5",
      "Length": 61,
      "update_at": "2025-08-05T18:28:44.000Z"
    },
    {
      "shortPath": "l2/petshop/organismNav.less",
      "versionRef": "12a7f48070e86c4565d664e033a6c17c3b878e85",
      "Length": 2005,
      "update_at": "2025-10-17T11:17:24.000Z"
    },
    {
      "shortPath": "l2/petshop/organismNav.test.ts",
      "versionRef": "64ebaf139230b9b10b9ba295a1e2f907ac57cd3a",
      "Length": 260,
      "update_at": "2025-08-05T18:28:44.000Z"
    },
    {
      "shortPath": "l2/petshop/organismNav.ts",
      "versionRef": "489a85a6380bb5f32098564e85415f2786cfbd8c",
      "Length": 3953,
      "update_at": "2025-10-24T18:28:41.000Z"
    },
    {
      "shortPath": "l2/petshop/organismProductFilters.defs.ts",
      "versionRef": "21fb5ac3c5d83b0539c1f0bbe37ef17c5c7efce7",
      "Length": 1122,
      "update_at": "2025-08-08T13:40:58.000Z"
    },
    {
      "shortPath": "l2/petshop/organismProductFilters.html",
      "versionRef": "1dee2293e2eee3bad5450bc7c1ece8e4410b5e5f",
      "Length": 85,
      "update_at": "2025-08-05T18:28:44.000Z"
    },
    {
      "shortPath": "l2/petshop/organismProductFilters.less",
      "versionRef": "550da4d3b0e8cbaee6ee7bc6fd8e6457e9b2ed58",
      "Length": 2195,
      "update_at": "2025-08-05T18:28:44.000Z"
    },
    {
      "shortPath": "l2/petshop/organismProductFilters.test.ts",
      "versionRef": "65c61ecbb1fd519dd1802357fc5e6200ab0967e1",
      "Length": 271,
      "update_at": "2025-08-05T18:28:44.000Z"
    },
    {
      "shortPath": "l2/petshop/organismProductFilters.ts",
      "versionRef": "f990b7c55400f7da7dbfbecf59f867f4d3ccc017",
      "Length": 2852,
      "update_at": "2025-08-05T18:28:44.000Z"
    },
    {
      "shortPath": "l2/petshop/organismProductList.defs.ts",
      "versionRef": "c365711ad2aa3b80ea8bcf8b38e8c8cd05a4901d",
      "Length": 1111,
      "update_at": "2025-08-08T13:40:58.000Z"
    },
    {
      "shortPath": "l2/petshop/organismProductList.html",
      "versionRef": "7cf8d01c8a2f9a38a75e23cbdadfb973e1c678c8",
      "Length": 79,
      "update_at": "2025-08-05T18:28:44.000Z"
    },
    {
      "shortPath": "l2/petshop/organismProductList.less",
      "versionRef": "f5a38a08883a6f2270b068b8fd7b33e5c2e5d096",
      "Length": 2362,
      "update_at": "2025-08-05T18:28:44.000Z"
    },
    {
      "shortPath": "l2/petshop/organismProductList.test.ts",
      "versionRef": "16d1f27418d565925ada00638b93663cee53389f",
      "Length": 268,
      "update_at": "2025-08-05T18:28:44.000Z"
    },
    {
      "shortPath": "l2/petshop/organismProductList.ts",
      "versionRef": "301c926eacaedb07342bcfa6f5273f4004a0e91f",
      "Length": 3476,
      "update_at": "2025-10-24T18:28:41.000Z"
    },
    {
      "shortPath": "l2/petshop/organismSimulateLogin.defs.ts",
      "versionRef": "4d123960b4db69c6006262cf4461c99a7b44e519",
      "Length": 3476,
      "update_at": "2025-10-13T18:20:50.000Z"
    },
    {
      "shortPath": "l2/petshop/organismSimulateLogin.html",
      "versionRef": "074b74d235f376e621cdb07264440a2055405023",
      "Length": 83,
      "update_at": "2025-10-13T18:20:50.000Z"
    },
    {
      "shortPath": "l2/petshop/organismSimulateLogin.less",
      "versionRef": "018ec239ec74db8cc3ed9a6e9d1ba52ba2b43d0b",
      "Length": 642,
      "update_at": "2025-10-17T12:18:02.000Z"
    },
    {
      "shortPath": "l2/petshop/organismSimulateLogin.test.ts",
      "versionRef": "c2d94df4a8f4d8a00cb59a0bae8bdbd7795d29f2",
      "Length": 270,
      "update_at": "2025-10-13T18:20:50.000Z"
    },
    {
      "shortPath": "l2/petshop/organismSimulateLogin.ts",
      "versionRef": "2e19e8ec3c85c6ba46a106d81ef58bd542bee15a",
      "Length": 56698,
      "update_at": "2025-10-24T18:46:56.000Z"
    },
    {
      "shortPath": "l2/petshop/organismViewIdentifyPf.defs.ts",
      "versionRef": "c3a12ea301cd52c3150e3f3b4e421749f5c6f272",
      "Length": 2441,
      "update_at": "2025-10-13T20:25:37.000Z"
    },
    {
      "shortPath": "l2/petshop/organismViewIdentifyPf.html",
      "versionRef": "6f3681e029c09da786d1d929d38949f13f5c938f",
      "Length": 87,
      "update_at": "2025-10-13T20:25:37.000Z"
    },
    {
      "shortPath": "l2/petshop/organismViewIdentifyPf.less",
      "versionRef": "c81f01f3b311d317c5aa197877d0e1647a75b8b9",
      "Length": 973,
      "update_at": "2025-10-15T20:01:00.000Z"
    },
    {
      "shortPath": "l2/petshop/organismViewIdentifyPf.test.ts",
      "versionRef": "c04d705933c1d0982942a76dffce9e60da7ee043",
      "Length": 271,
      "update_at": "2025-10-13T20:25:37.000Z"
    },
    {
      "shortPath": "l2/petshop/organismViewIdentifyPf.ts",
      "versionRef": "fa21f38f212cc7c6c07317f233757876664f5c71",
      "Length": 7497,
      "update_at": "2025-10-24T18:28:41.000Z"
    },
    {
      "shortPath": "l2/petshop/organismViewMyAppointments.defs.ts",
      "versionRef": "991d0867bf75f42ad9d284f3fde53b8769e4967f",
      "Length": 2963,
      "update_at": "2025-10-13T20:25:37.000Z"
    },
    {
      "shortPath": "l2/petshop/organismViewMyAppointments.html",
      "versionRef": "6c480dfb9396d5df5f9d35a59c8ec227fbce3da8",
      "Length": 95,
      "update_at": "2025-10-13T20:25:37.000Z"
    },
    {
      "shortPath": "l2/petshop/organismViewMyAppointments.less",
      "versionRef": "da96bb6f9dc8a752feaa7f8497928015f6cfba4d",
      "Length": 696,
      "update_at": "2025-10-17T13:35:46.000Z"
    },
    {
      "shortPath": "l2/petshop/organismViewMyAppointments.test.ts",
      "versionRef": "1d54b3a28851b04d6812c6a292fa6f341d8212b7",
      "Length": 275,
      "update_at": "2025-10-13T20:25:37.000Z"
    },
    {
      "shortPath": "l2/petshop/organismViewMyAppointments.ts",
      "versionRef": "5d746a1ae58f3fcdcfebb25d9cf0301328a3abb8",
      "Length": 8506,
      "update_at": "2025-10-24T18:46:56.000Z"
    },
    {
      "shortPath": "l2/petshop/organismViewMyPets.defs.ts",
      "versionRef": "c953f9d892e525fd42c041a81631527ad0217ec2",
      "Length": 4964,
      "update_at": "2025-10-13T20:25:37.000Z"
    },
    {
      "shortPath": "l2/petshop/organismViewMyPets.html",
      "versionRef": "f050a1beb1542d0aaa12634f30923241258b8819",
      "Length": 79,
      "update_at": "2025-10-13T20:25:37.000Z"
    },
    {
      "shortPath": "l2/petshop/organismViewMyPets.less",
      "versionRef": "b7b75ce67688dd2bce96f1c136dcb6aecb6f20c8",
      "Length": 757,
      "update_at": "2025-10-15T20:01:00.000Z"
    },
    {
      "shortPath": "l2/petshop/organismViewMyPets.test.ts",
      "versionRef": "f8aaaa2ce7ca0f480fe15ad976c529f5340837cb",
      "Length": 267,
      "update_at": "2025-10-13T20:25:37.000Z"
    },
    {
      "shortPath": "l2/petshop/organismViewMyPets.ts",
      "versionRef": "979ba28bd49e35d048df30a2e0d7f93e7fbb9d3c",
      "Length": 11160,
      "update_at": "2025-10-24T18:46:56.000Z"
    },
    {
      "shortPath": "l2/petshop/pageAdminAddProduct.defs.ts",
      "versionRef": "676af502d82c921112380fb0d36a1beedea4681e",
      "Length": 100,
      "update_at": "2025-10-14T17:33:21.000Z"
    },
    {
      "shortPath": "l2/petshop/pageAdminAddProduct.html",
      "versionRef": "4acbb62b4f72a3e60437e8a8bded7ddc9596a796",
      "Length": 306,
      "update_at": "2025-10-15T11:59:57.000Z"
    },
    {
      "shortPath": "l2/petshop/pageAdminAddProduct.less",
      "versionRef": "aa8427a5ac1a01925aa1cb37294c07ae3b99a083",
      "Length": 411,
      "update_at": "2025-10-15T19:05:26.000Z"
    },
    {
      "shortPath": "l2/petshop/pageAdminAddProduct.test.ts",
      "versionRef": "f7c524901247bf60c59aad37b526c6d80a081c6e",
      "Length": 268,
      "update_at": "2025-10-14T17:33:21.000Z"
    },
    {
      "shortPath": "l2/petshop/pageAdminAddProduct.ts",
      "versionRef": "09ad6d0e505dccaa25a26dccb0256c31d3b7ac87",
      "Length": 555,
      "update_at": "2025-10-15T19:05:26.000Z"
    },
    {
      "shortPath": "l2/petshop/pageAdminAddService.defs.ts",
      "versionRef": "1951cfdd43652acd3dfe7fddf33bc5ff86d8aa9d",
      "Length": 100,
      "update_at": "2025-10-14T17:33:21.000Z"
    },
    {
      "shortPath": "l2/petshop/pageAdminAddService.html",
      "versionRef": "aa1164c47744839f7868ad7c3369c669f7700af7",
      "Length": 301,
      "update_at": "2025-10-15T11:59:57.000Z"
    },
    {
      "shortPath": "l2/petshop/pageAdminAddService.less",
      "versionRef": "b498891eaaa3555de8808eb52c0b11c7ddd356c6",
      "Length": 409,
      "update_at": "2025-10-15T19:05:26.000Z"
    },
    {
      "shortPath": "l2/petshop/pageAdminAddService.test.ts",
      "versionRef": "6252152df55b36e7fc05ad8976f413d8ce73c51f",
      "Length": 268,
      "update_at": "2025-10-14T17:33:21.000Z"
    },
    {
      "shortPath": "l2/petshop/pageAdminAddService.ts",
      "versionRef": "1cfcf502cc4fb6f3173de131402477986108745b",
      "Length": 547,
      "update_at": "2025-10-15T17:19:48.000Z"
    },
    {
      "shortPath": "l2/petshop/pageAdminDashboard.defs.ts",
      "versionRef": "f39bbcbd7d43c79605675d3fa007c7c7f3956baf",
      "Length": 99,
      "update_at": "2025-10-14T12:25:13.000Z"
    },
    {
      "shortPath": "l2/petshop/pageAdminDashboard.html",
      "versionRef": "fb89b0647be34d37472ffe7773da103ebce1b1b8",
      "Length": 655,
      "update_at": "2025-10-17T13:47:49.000Z"
    },
    {
      "shortPath": "l2/petshop/pageAdminDashboard.less",
      "versionRef": "509ad47ab57440212173b1ede0a4179fb7bf0aa8",
      "Length": 407,
      "update_at": "2025-10-15T19:05:26.000Z"
    },
    {
      "shortPath": "l2/petshop/pageAdminDashboard.test.ts",
      "versionRef": "c884ffe41f93be4e308ae36f6e945f36736c44b0",
      "Length": 267,
      "update_at": "2025-10-14T12:25:13.000Z"
    },
    {
      "shortPath": "l2/petshop/pageAdminDashboard.ts",
      "versionRef": "208c65ae2fdb637cf6910af7c8502545d96a0240",
      "Length": 558,
      "update_at": "2025-10-15T19:05:26.000Z"
    },
    {
      "shortPath": "l2/petshop/pageAdminEditProduct.defs.ts",
      "versionRef": "82f4f33354dacdcafa41b1fdf17bfa476d8ed522",
      "Length": 101,
      "update_at": "2025-10-14T17:33:21.000Z"
    },
    {
      "shortPath": "l2/petshop/pageAdminEditProduct.html",
      "versionRef": "cbfe121290e5b690e8d318de46cfa8fe09d03da3",
      "Length": 1149,
      "update_at": "2025-10-15T13:44:31.000Z"
    },
    {
      "shortPath": "l2/petshop/pageAdminEditProduct.less",
      "versionRef": "c5a005703fe6cbc11c2148bc621c9f91d8c7acd3",
      "Length": 411,
      "update_at": "2025-10-15T19:05:26.000Z"
    },
    {
      "shortPath": "l2/petshop/pageAdminEditProduct.test.ts",
      "versionRef": "fe8554c3524eaad68350d517bd0cab44c4a01a7d",
      "Length": 269,
      "update_at": "2025-10-14T17:33:21.000Z"
    },
    {
      "shortPath": "l2/petshop/pageAdminEditProduct.ts",
      "versionRef": "da72097462b030ed99cee987c209721fafc5c5ee",
      "Length": 1550,
      "update_at": "2025-10-24T18:46:56.000Z"
    },
    {
      "shortPath": "l2/petshop/pageAdminEditScheduling.defs.ts",
      "versionRef": "9513e53357f7ddb0f36d66565e86bf9b8f30995b",
      "Length": 104,
      "update_at": "2025-10-17T12:18:02.000Z"
    },
    {
      "shortPath": "l2/petshop/pageAdminEditScheduling.html",
      "versionRef": "57bb14b60aed66c84d3d8077cf902d9ea1676648",
      "Length": 305,
      "update_at": "2025-10-17T12:18:02.000Z"
    },
    {
      "shortPath": "l2/petshop/pageAdminEditScheduling.less",
      "versionRef": "3f33718cd9f9682811f5efe7a50acdcf621abdb4",
      "Length": 420,
      "update_at": "2025-10-17T12:18:02.000Z"
    },
    {
      "shortPath": "l2/petshop/pageAdminEditScheduling.test.ts",
      "versionRef": "c6e67c2ca7cd38c875d3820844cbd9cd57a516ac",
      "Length": 272,
      "update_at": "2025-10-17T12:18:02.000Z"
    },
    {
      "shortPath": "l2/petshop/pageAdminEditScheduling.ts",
      "versionRef": "f7f3dc73a14e48ee6315a6896ab320b04120d737",
      "Length": 556,
      "update_at": "2025-10-17T12:18:02.000Z"
    },
    {
      "shortPath": "l2/petshop/pageAdminEditService.defs.ts",
      "versionRef": "3248f08b511bb031a2887c282403d432139864d2",
      "Length": 101,
      "update_at": "2025-10-14T17:33:21.000Z"
    },
    {
      "shortPath": "l2/petshop/pageAdminEditService.html",
      "versionRef": "7d94d7465651664f0db5b1a98bb3ff38589d3831",
      "Length": 1381,
      "update_at": "2025-10-15T13:44:31.000Z"
    },
    {
      "shortPath": "l2/petshop/pageAdminEditService.less",
      "versionRef": "b2144708a3a020524234a2cadbac4f0a50a3fee1",
      "Length": 421,
      "update_at": "2025-10-15T19:05:26.000Z"
    },
    {
      "shortPath": "l2/petshop/pageAdminEditService.test.ts",
      "versionRef": "8a8bd820f20cc99708ae343b9d541a1266df0d7c",
      "Length": 269,
      "update_at": "2025-10-14T17:33:21.000Z"
    },
    {
      "shortPath": "l2/petshop/pageAdminEditService.ts",
      "versionRef": "0cedd07a55d8eb0d95460457ab98e67cb87906d7",
      "Length": 1734,
      "update_at": "2025-10-24T18:46:56.000Z"
    },
    {
      "shortPath": "l2/petshop/pageAdminOrderEdit.defs.ts",
      "versionRef": "b7209c278817bd706309d067059389163201ef3a",
      "Length": 99,
      "update_at": "2025-10-17T13:29:18.000Z"
    },
    {
      "shortPath": "l2/petshop/pageAdminOrderEdit.html",
      "versionRef": "7cdf989719c65a28da08bc70308c0fa891c324ab",
      "Length": 297,
      "update_at": "2025-10-17T13:29:18.000Z"
    },
    {
      "shortPath": "l2/petshop/pageAdminOrderEdit.less",
      "versionRef": "2d5edddf217daeb3e3594d8bfa58471f8d622f8a",
      "Length": 410,
      "update_at": "2025-10-17T13:29:18.000Z"
    },
    {
      "shortPath": "l2/petshop/pageAdminOrderEdit.test.ts",
      "versionRef": "a2b758194b0987499bce822ae57e9a0ae7be90b4",
      "Length": 267,
      "update_at": "2025-10-17T13:29:18.000Z"
    },
    {
      "shortPath": "l2/petshop/pageAdminOrderEdit.ts",
      "versionRef": "2a51959742ad8dae091ec5693e74923f5a681998",
      "Length": 541,
      "update_at": "2025-10-17T13:29:18.000Z"
    },
    {
      "shortPath": "l2/petshop/pageAdminProduct.defs.ts",
      "versionRef": "9b98035998da94a3bd5e0a8c252b0a7e3cec23fb",
      "Length": 97,
      "update_at": "2025-10-14T12:25:13.000Z"
    },
    {
      "shortPath": "l2/petshop/pageAdminProduct.html",
      "versionRef": "5b681a4ee811a3362c0dcc5c3872061f71419270",
      "Length": 298,
      "update_at": "2025-10-15T11:59:57.000Z"
    },
    {
      "shortPath": "l2/petshop/pageAdminProduct.less",
      "versionRef": "87e942d78877d5e596ae7de5c213ae22560317bd",
      "Length": 402,
      "update_at": "2025-10-15T19:05:26.000Z"
    },
    {
      "shortPath": "l2/petshop/pageAdminProduct.test.ts",
      "versionRef": "e215290b903e7a80f0e3326283a2e144be75567a",
      "Length": 265,
      "update_at": "2025-10-14T12:25:13.000Z"
    },
    {
      "shortPath": "l2/petshop/pageAdminProduct.ts",
      "versionRef": "cf5f2bc841e41e3161bde8e61c1c37e9cb8a3b20",
      "Length": 540,
      "update_at": "2025-10-15T19:05:26.000Z"
    },
    {
      "shortPath": "l2/petshop/pageAdminScheduling.defs.ts",
      "versionRef": "1eb6a1bc24f458eb21a340953ce499343e156e27",
      "Length": 100,
      "update_at": "2025-10-14T17:33:21.000Z"
    },
    {
      "shortPath": "l2/petshop/pageAdminScheduling.html",
      "versionRef": "32e1a27c4bb3c7f620b2c93f7e6d0d00ec8d08aa",
      "Length": 293,
      "update_at": "2025-10-16T12:01:01.000Z"
    },
    {
      "shortPath": "l2/petshop/pageAdminScheduling.less",
      "versionRef": "076e795c28a35500e5f64f029a941618761fc029",
      "Length": 410,
      "update_at": "2025-10-15T19:05:26.000Z"
    },
    {
      "shortPath": "l2/petshop/pageAdminScheduling.test.ts",
      "versionRef": "e0fe6b78459809d0acb837bdcb1f5a747a8cae39",
      "Length": 268,
      "update_at": "2025-10-14T17:33:21.000Z"
    },
    {
      "shortPath": "l2/petshop/pageAdminScheduling.ts",
      "versionRef": "0fc9f24b2e5e7931aa3f8e9616fc6fb4bebe099f",
      "Length": 548,
      "update_at": "2025-10-15T17:19:48.000Z"
    },
    {
      "shortPath": "l2/petshop/pageAdminSchedulingAdd.defs.ts",
      "versionRef": "fbf3e2e1db931d666715b9ada9f260a8aa9bacba",
      "Length": 103,
      "update_at": "2025-10-16T12:01:01.000Z"
    },
    {
      "shortPath": "l2/petshop/pageAdminSchedulingAdd.html",
      "versionRef": "727eb4645defc18e22bf6713c2ff59a7711e8121",
      "Length": 305,
      "update_at": "2025-10-16T12:01:01.000Z"
    },
    {
      "shortPath": "l2/petshop/pageAdminSchedulingAdd.less",
      "versionRef": "3b208ecf80cc6eb4343a21eac3a2577e35de62e7",
      "Length": 419,
      "update_at": "2025-10-16T12:01:01.000Z"
    },
    {
      "shortPath": "l2/petshop/pageAdminSchedulingAdd.test.ts",
      "versionRef": "7a8b8c2cba39f11bacc547306712691c8f176576",
      "Length": 271,
      "update_at": "2025-10-16T12:01:01.000Z"
    },
    {
      "shortPath": "l2/petshop/pageAdminSchedulingAdd.ts",
      "versionRef": "a338efefef01c1d6656b465a77f6f7b37bc89ff4",
      "Length": 554,
      "update_at": "2025-10-16T12:01:01.000Z"
    },
    {
      "shortPath": "l2/petshop/pageAdminService.defs.ts",
      "versionRef": "b479fc2c8c8f26f5a5c1588eee12a9cf597fc0a5",
      "Length": 97,
      "update_at": "2025-10-14T12:25:13.000Z"
    },
    {
      "shortPath": "l2/petshop/pageAdminService.html",
      "versionRef": "cb08e7012f65ac8742cac74fcab73c0590484159",
      "Length": 297,
      "update_at": "2025-10-15T11:59:57.000Z"
    },
    {
      "shortPath": "l2/petshop/pageAdminService.less",
      "versionRef": "e4a52de99c3ba2a46de0e4818817a76a97294a91",
      "Length": 403,
      "update_at": "2025-10-15T19:05:26.000Z"
    },
    {
      "shortPath": "l2/petshop/pageAdminService.test.ts",
      "versionRef": "42dc3083fba834816209a89e1288721d5f43d4ce",
      "Length": 265,
      "update_at": "2025-10-14T12:25:13.000Z"
    },
    {
      "shortPath": "l2/petshop/pageAdminService.ts",
      "versionRef": "a8c794edc29e164deb891bf7ef575b76643ebb7c",
      "Length": 541,
      "update_at": "2025-10-15T19:05:26.000Z"
    },
    {
      "shortPath": "l2/petshop/pageAppointments.defs.ts",
      "versionRef": "62e762b7dee7bcdd97e328a9acfcf31dcea4aa1a",
      "Length": 1823,
      "update_at": "2025-10-13T20:25:37.000Z"
    },
    {
      "shortPath": "l2/petshop/pageAppointments.html",
      "versionRef": "f107aa78d181d1a6fef91772c00901260269ae00",
      "Length": 814,
      "update_at": "2025-10-24T17:18:18.000Z"
    },
    {
      "shortPath": "l2/petshop/pageAppointments.less",
      "versionRef": "98bbfbb2df1061d628b9d50d280cecc758056bab",
      "Length": 981,
      "update_at": "2025-10-24T17:18:18.000Z"
    },
    {
      "shortPath": "l2/petshop/pageAppointments.test.ts",
      "versionRef": "ed802436fd19ae6150ca2a1906e92600046cd052",
      "Length": 265,
      "update_at": "2025-10-13T20:25:37.000Z"
    },
    {
      "shortPath": "l2/petshop/pageAppointments.ts",
      "versionRef": "8a254dd90d322958beb5133defb0cc04ba86f28c",
      "Length": 367,
      "update_at": "2025-10-24T17:18:18.000Z"
    },
    {
      "shortPath": "l2/petshop/pageContact.defs.ts",
      "versionRef": "22e2a1d4896cd75a79afe352b89b54c8dea48610",
      "Length": 1611,
      "update_at": "2025-10-13T20:25:37.000Z"
    },
    {
      "shortPath": "l2/petshop/pageContact.html",
      "versionRef": "b8dfc0116ced00d92d0d19c4bde78a40da0fc0ce",
      "Length": 661,
      "update_at": "2025-10-13T20:25:37.000Z"
    },
    {
      "shortPath": "l2/petshop/pageContact.less",
      "versionRef": "0679712b6a41f84e8f00e4cbe9676435064cf3d2",
      "Length": 785,
      "update_at": "2025-10-13T20:25:37.000Z"
    },
    {
      "shortPath": "l2/petshop/pageContact.test.ts",
      "versionRef": "905857b018fe1f221eddefd8fe03db1c37fabc51",
      "Length": 260,
      "update_at": "2025-10-13T20:25:37.000Z"
    },
    {
      "shortPath": "l2/petshop/pageContact.ts",
      "versionRef": "3c5e3a5a53ffd7ceaa1028521adb2a8402ae7412",
      "Length": 424,
      "update_at": "2025-10-13T20:25:37.000Z"
    },
    {
      "shortPath": "l2/petshop/pageHome.defs.ts",
      "versionRef": "5e75481130c43607ad5e667d1a3340278d269112",
      "Length": 2173,
      "update_at": "2025-10-13T18:36:14.000Z"
    },
    {
      "shortPath": "l2/petshop/pageHome.html",
      "versionRef": "25be6041583d15664a2b949d4538f9f43ab53e86",
      "Length": 894,
      "update_at": "2025-10-13T18:36:14.000Z"
    },
    {
      "shortPath": "l2/petshop/pageHome.less",
      "versionRef": "009b920ebe55aff139695efb68b4a7079ae620f8",
      "Length": 480,
      "update_at": "2025-10-13T18:36:14.000Z"
    },
    {
      "shortPath": "l2/petshop/pageHome.test.ts",
      "versionRef": "c2cd111668c511be1894e00543c2445a1185b9d2",
      "Length": 257,
      "update_at": "2025-10-13T18:36:14.000Z"
    },
    {
      "shortPath": "l2/petshop/pageHome.ts",
      "versionRef": "1c2e5d89edcc1891fe07589ba746a9227254827e",
      "Length": 415,
      "update_at": "2025-10-13T18:36:14.000Z"
    },
    {
      "shortPath": "l2/petshop/pageLogin.defs.ts",
      "versionRef": "f409ca48fd2448c99d22d37bb7402afe66e3b3e5",
      "Length": 90,
      "update_at": "2025-10-13T18:20:50.000Z"
    },
    {
      "shortPath": "l2/petshop/pageLogin.html",
      "versionRef": "2eb408a2a03c54e1bbf4009846005fbc4e2f101d",
      "Length": 150,
      "update_at": "2025-10-13T18:20:50.000Z"
    },
    {
      "shortPath": "l2/petshop/pageLogin.less",
      "versionRef": "211f369ae3350896c35d68b923091e5b5c60480e",
      "Length": 154,
      "update_at": "2025-10-13T18:20:50.000Z"
    },
    {
      "shortPath": "l2/petshop/pageLogin.test.ts",
      "versionRef": "6fa5391679bb0f499138cd47702b8a4b720f9770",
      "Length": 258,
      "update_at": "2025-10-13T18:20:50.000Z"
    },
    {
      "shortPath": "l2/petshop/pageLogin.ts",
      "versionRef": "31babc83527240cf9854e9bdaebc58cbd81f72d7",
      "Length": 447,
      "update_at": "2025-10-13T18:20:50.000Z"
    },
    {
      "shortPath": "l2/petshop/pagePerfil.defs.ts",
      "versionRef": "2718d1b6ae39748342521dbbb520438bab513f5c",
      "Length": 636,
      "update_at": "2025-10-13T20:25:37.000Z"
    },
    {
      "shortPath": "l2/petshop/pagePerfil.html",
      "versionRef": "bc40e5ad4c508f0bcb8cb3e597980d5c2f5b6c2e",
      "Length": 593,
      "update_at": "2025-10-13T20:25:37.000Z"
    },
    {
      "shortPath": "l2/petshop/pagePerfil.less",
      "versionRef": "d6808c25f9a4023cf5009e3efcfa707718f67f54",
      "Length": 272,
      "update_at": "2025-10-16T14:20:02.000Z"
    },
    {
      "shortPath": "l2/petshop/pagePerfil.test.ts",
      "versionRef": "7d3f90e49e83dbcc4700f42f52e9adb1c037ff05",
      "Length": 259,
      "update_at": "2025-10-13T20:25:37.000Z"
    },
    {
      "shortPath": "l2/petshop/pagePerfil.ts",
      "versionRef": "2d005e546766b1049f64a105354f2136431bef3a",
      "Length": 355,
      "update_at": "2025-10-16T14:20:02.000Z"
    },
    {
      "shortPath": "l2/petshop/pagePerfilAppointments.defs.ts",
      "versionRef": "3671acdcd66b6c602c142ee7e07061f78389c0e5",
      "Length": 103,
      "update_at": "2025-10-13T20:25:37.000Z"
    },
    {
      "shortPath": "l2/petshop/pagePerfilAppointments.html",
      "versionRef": "eb9c0cf6b0a2e0a498b0daea96fb72198d803202",
      "Length": 639,
      "update_at": "2025-10-13T20:25:37.000Z"
    },
    {
      "shortPath": "l2/petshop/pagePerfilAppointments.less",
      "versionRef": "8d12368f201c29c74db66a9db3a38a9312693d4f",
      "Length": 298,
      "update_at": "2025-10-16T14:20:02.000Z"
    },
    {
      "shortPath": "l2/petshop/pagePerfilAppointments.test.ts",
      "versionRef": "b095aa1858d809a114f8a521030d365e58fad44d",
      "Length": 271,
      "update_at": "2025-10-13T20:25:37.000Z"
    },
    {
      "shortPath": "l2/petshop/pagePerfilAppointments.ts",
      "versionRef": "4b1187442be09c72d66a82668d5789b34956a2fa",
      "Length": 391,
      "update_at": "2025-10-16T14:20:02.000Z"
    },
    {
      "shortPath": "l2/petshop/pagePerfilPets.defs.ts",
      "versionRef": "e8b78bb83d424af2795ab545278bf963379a4261",
      "Length": 95,
      "update_at": "2025-10-13T20:25:37.000Z"
    },
    {
      "shortPath": "l2/petshop/pagePerfilPets.html",
      "versionRef": "8b6f2cdbfda9e63dfcb6828818b9c6073eb672eb",
      "Length": 607,
      "update_at": "2025-10-13T20:25:37.000Z"
    },
    {
      "shortPath": "l2/petshop/pagePerfilPets.less",
      "versionRef": "ef141bd4e083ef6db5171b405d4a5bb5ab98fef6",
      "Length": 291,
      "update_at": "2025-10-16T14:20:02.000Z"
    },
    {
      "shortPath": "l2/petshop/pagePerfilPets.test.ts",
      "versionRef": "bfe7c5cc40f19ef4e152b462e5e6d7a689630235",
      "Length": 263,
      "update_at": "2025-10-13T20:25:37.000Z"
    },
    {
      "shortPath": "l2/petshop/pagePerfilPets.ts",
      "versionRef": "c0b3c1114fd42c70cdd43eb437a7e9d1a1baf515",
      "Length": 364,
      "update_at": "2025-10-16T14:20:02.000Z"
    },
    {
      "shortPath": "l2/petshop/pageProduct.defs.ts",
      "versionRef": "502e269ea9e469110425bc1d97ab86d202842c28",
      "Length": 1870,
      "update_at": "2025-10-13T20:25:37.000Z"
    },
    {
      "shortPath": "l2/petshop/pageProduct.html",
      "versionRef": "4b1a570ff26ed03e42a1e8da055105172905543a",
      "Length": 665,
      "update_at": "2025-10-13T20:25:37.000Z"
    },
    {
      "shortPath": "l2/petshop/pageProduct.less",
      "versionRef": "ca0aa61538f3972ef26efc18c4d5c559e853b283",
      "Length": 1372,
      "update_at": "2025-10-13T20:25:37.000Z"
    },
    {
      "shortPath": "l2/petshop/pageProduct.test.ts",
      "versionRef": "7a71ee10ba5a0b6d7a68e219bbea65c2e2902a0d",
      "Length": 260,
      "update_at": "2025-10-13T20:25:37.000Z"
    },
    {
      "shortPath": "l2/petshop/pageProduct.ts",
      "versionRef": "c6825c2302ce4c3e0d0d15b9d7467f85001bd401",
      "Length": 424,
      "update_at": "2025-10-13T20:25:37.000Z"
    },
    {
      "shortPath": "l2/project.defs.ts",
      "versionRef": "d3a4684e7bad41f2a6bc798cf2fd8baca0f668e3",
      "Length": 81,
      "update_at": "2025-08-08T13:40:58.000Z"
    },
    {
      "shortPath": "l2/project.html",
      "versionRef": "88a90cf32ef33346febb29387541246b1be9a2e0",
      "Length": 16,
      "update_at": "2025-08-08T13:40:58.000Z"
    },
    {
      "shortPath": "l2/project.less",
      "versionRef": "96b08a498effe0260224ac30687a6a15f1a4f225",
      "Length": 5940,
      "update_at": "2025-10-17T13:29:18.000Z"
    },
    {
      "shortPath": "l2/project.test.ts",
      "versionRef": "718f5d9b060e714beca0def108663dbc07c05435",
      "Length": 250,
      "update_at": "2025-08-08T13:40:58.000Z"
    },
    {
      "shortPath": "l2/project.ts",
      "versionRef": "6aa7524ec221322d1649ae0810b276d9e7c5b477",
      "Length": 170,
      "update_at": "2025-10-13T13:11:41.000Z"
    },
    {
      "shortPath": "l5/project.json",
      "versionRef": "1f1bd83da5b855b3059233e3e39ef0f841784c29",
      "Length": 357,
      "update_at": "2025-07-02T19:24:51.000Z"
    },
    {
      "shortPath": "l0/package.json",
      "versionRef": "a74873287289a3b43e8541b34372722a086e8a03",
      "Length": 470,
      "update_at": "2025-07-02T19:24:49.000Z"
    },
    {
      "shortPath": "l0/tsconfig.json",
      "versionRef": "6a95f6e8d8e3042af5f58de9c691a455a7221647",
      "Length": 1191,
      "update_at": "2025-07-02T19:24:50.000Z"
    }
  ]
}