{
  "lastModified": "2025-07-02T19:34:01.107Z",
  "files": [
    {
      "ShortPath": "l0/README.md",
      "versionRef": "2e1b14e8ed73119f964600f2fe185863d3fba359",
      "Length": 14,
      "update_at": "2025-07-02T19:24:46.000Z"
    },
    {
      "ShortPath": "l2/designSystem.ts",
      "versionRef": "fa0c7aab7ee3e8920bd8766db5308d43d3ec5a40",
      "Length": 16180,
      "update_at": "2025-07-02T19:29:31.000Z"
    },
    {
      "ShortPath": "l5/project.json",
      "versionRef": "1f1bd83da5b855b3059233e3e39ef0f841784c29",
      "Length": 357,
      "update_at": "2025-07-02T19:24:51.000Z"
    },
    {
      "ShortPath": "l0/package.json",
      "versionRef": "a74873287289a3b43e8541b34372722a086e8a03",
      "Length": 470,
      "update_at": "2025-07-02T19:24:49.000Z"
    },
    {
      "ShortPath": "l0/tsconfig.json",
      "versionRef": "6a95f6e8d8e3042af5f58de9c691a455a7221647",
      "Length": 1191,
      "update_at": "2025-07-02T19:24:50.000Z"
    }
  ]
}