{
  "lastModified": "2025-07-08T17:32:49.354Z",
  "files": [
    {
      "ShortPath": "l0/README.md",
      "versionRef": "2e1b14e8ed73119f964600f2fe185863d3fba359",
      "Length": 14,
      "update_at": "2025-07-02T19:24:46.000Z"
    },
    {
      "ShortPath": "l2/designSystem.ts",
      "versionRef": "fa0c7aab7ee3e8920bd8766db5308d43d3ec5a40",
      "Length": 16180,
      "update_at": "2025-07-02T19:29:31.000Z"
    },
    {
      "ShortPath": "l2/tableAgendamento.defs.ts",
      "versionRef": "c8a86ba5929d95bc9181828c2f49c36f1a6c4303",
      "Length": 1275,
      "update_at": "2025-07-08T17:32:15.000Z"
    },
    {
      "ShortPath": "l2/tableAgendamento.html",
      "versionRef": "c944508609ee3501a2fd54e4a0c1659448f61d65",
      "Length": 33,
      "update_at": "2025-07-08T17:32:15.000Z"
    },
    {
      "ShortPath": "l2/tableAgendamento.less",
      "versionRef": "324330ee1c9b7ff38e60ef406a616575d54dcbca",
      "Length": 196,
      "update_at": "2025-07-08T17:32:15.000Z"
    },
    {
      "ShortPath": "l2/tableAgendamento.ts",
      "versionRef": "8fcd03f00fd0a1f84c1967d7b4bcef61cf667ecd",
      "Length": 576,
      "update_at": "2025-07-08T17:32:15.000Z"
    },
    {
      "ShortPath": "l2/tableCategoria.defs.ts",
      "versionRef": "9227be23875235199075daf48264c245be3c03a1",
      "Length": 1155,
      "update_at": "2025-07-08T17:32:15.000Z"
    },
    {
      "ShortPath": "l2/tableCategoria.html",
      "versionRef": "146bf72a5405d0962b38c1c0589b17b2e44a9f25",
      "Length": 31,
      "update_at": "2025-07-08T17:32:15.000Z"
    },
    {
      "ShortPath": "l2/tableCategoria.less",
      "versionRef": "16ed7935de9e50c863290325a27e5bb3a45f5d71",
      "Length": 192,
      "update_at": "2025-07-08T17:32:15.000Z"
    },
    {
      "ShortPath": "l2/tableCategoria.ts",
      "versionRef": "73f78d23a58a96c142fbcd8b9a57365a19afa3a3",
      "Length": 395,
      "update_at": "2025-07-08T17:32:15.000Z"
    },
    {
      "ShortPath": "l2/tableContato.defs.ts",
      "versionRef": "0d631bfe25514cdc8c1d302efd6fcf45be6357db",
      "Length": 1194,
      "update_at": "2025-07-08T17:32:15.000Z"
    },
    {
      "ShortPath": "l2/tableContato.html",
      "versionRef": "679b57c58844b459dd6d847a06649f76fdbf9dbd",
      "Length": 29,
      "update_at": "2025-07-08T17:32:15.000Z"
    },
    {
      "ShortPath": "l2/tableContato.less",
      "versionRef": "e5f8460061fb17afa97d7eb2a2e4f8f8540df08b",
      "Length": 188,
      "update_at": "2025-07-08T17:32:15.000Z"
    },
    {
      "ShortPath": "l2/tableContato.ts",
      "versionRef": "4c264bed1fb2a2a646c8c1f4af470ad856315cf7",
      "Length": 497,
      "update_at": "2025-07-08T17:32:15.000Z"
    },
    {
      "ShortPath": "l2/tableItempedido.defs.ts",
      "versionRef": "2fcaac00bbe9e94e995ba8b101c38878b7a03d56",
      "Length": 1211,
      "update_at": "2025-07-08T17:32:15.000Z"
    },
    {
      "ShortPath": "l2/tableItempedido.html",
      "versionRef": "fda428fb7e46f570178f54d6d1b97c7dceba420f",
      "Length": 32,
      "update_at": "2025-07-08T17:32:15.000Z"
    },
    {
      "ShortPath": "l2/tableItempedido.less",
      "versionRef": "8dd6d8f765b65285171c135fa51634866683d057",
      "Length": 194,
      "update_at": "2025-07-08T17:32:15.000Z"
    },
    {
      "ShortPath": "l2/tableItempedido.ts",
      "versionRef": "3e59c30583dd9be49c89680684ef2b56b866e1a1",
      "Length": 507,
      "update_at": "2025-07-08T17:32:15.000Z"
    },
    {
      "ShortPath": "l2/tablePagamento.defs.ts",
      "versionRef": "28e2632731db0a16c46c53670b71a6d3b29a026b",
      "Length": 1213,
      "update_at": "2025-07-08T17:32:15.000Z"
    },
    {
      "ShortPath": "l2/tablePagamento.html",
      "versionRef": "a82cd71019c5bf7bc6401febe8b74c2411c7b6e0",
      "Length": 31,
      "update_at": "2025-07-08T17:32:15.000Z"
    },
    {
      "ShortPath": "l2/tablePagamento.less",
      "versionRef": "65a814b2a94ef261c3e241c42fc85cbd45859dc3",
      "Length": 192,
      "update_at": "2025-07-08T17:32:15.000Z"
    },
    {
      "ShortPath": "l2/tablePagamento.ts",
      "versionRef": "41501cb2361cf39d88b06cee06bef5726b51d293",
      "Length": 503,
      "update_at": "2025-07-08T17:32:15.000Z"
    },
    {
      "ShortPath": "l2/tablePedido.defs.ts",
      "versionRef": "3ad51d94a661a1bfc5964e92fb25b195ddbd573a",
      "Length": 1205,
      "update_at": "2025-07-08T17:32:15.000Z"
    },
    {
      "ShortPath": "l2/tablePedido.html",
      "versionRef": "9fa8021ace9014fb6506891698af45ececc89304",
      "Length": 28,
      "update_at": "2025-07-08T17:32:15.000Z"
    },
    {
      "ShortPath": "l2/tablePedido.less",
      "versionRef": "230e4bcdb55ae81d2e08b3561781c131c879a955",
      "Length": 186,
      "update_at": "2025-07-08T17:32:15.000Z"
    },
    {
      "ShortPath": "l2/tablePedido.ts",
      "versionRef": "52c0efc98b65b562f6a45793e0fd800a6e1e9bf6",
      "Length": 518,
      "update_at": "2025-07-08T17:32:15.000Z"
    },
    {
      "ShortPath": "l2/tableProduto.defs.ts",
      "versionRef": "641c65c05aca64850dc9486950e99f8cbdf50ed3",
      "Length": 1261,
      "update_at": "2025-07-08T17:32:15.000Z"
    },
    {
      "ShortPath": "l2/tableProduto.html",
      "versionRef": "77bb5a515633838c998926b0b4a03c9e179d4f30",
      "Length": 29,
      "update_at": "2025-07-08T17:32:15.000Z"
    },
    {
      "ShortPath": "l2/tableProduto.less",
      "versionRef": "e0218e34876f2e48fd054f27fdd604f762d336b0",
      "Length": 188,
      "update_at": "2025-07-08T17:32:15.000Z"
    },
    {
      "ShortPath": "l2/tableProduto.ts",
      "versionRef": "1c974bdcf2de2bd24494abf7c4ebdb02006ea110",
      "Length": 616,
      "update_at": "2025-07-08T17:32:15.000Z"
    },
    {
      "ShortPath": "l2/tableUsuario.defs.ts",
      "versionRef": "a54a6541de8a2087f4ab4849a5470276043282be",
      "Length": 1371,
      "update_at": "2025-07-08T17:32:15.000Z"
    },
    {
      "ShortPath": "l2/tableUsuario.html",
      "versionRef": "c0d4982431ccf7d2286c9263764d6d22d3b61c30",
      "Length": 29,
      "update_at": "2025-07-08T17:32:15.000Z"
    },
    {
      "ShortPath": "l2/tableUsuario.less",
      "versionRef": "29a23ab8bd8acec72846a958fda840c42c92fe9f",
      "Length": 188,
      "update_at": "2025-07-08T17:32:15.000Z"
    },
    {
      "ShortPath": "l2/tableUsuario.ts",
      "versionRef": "4de646243858a6a82915772722598924c2a37b3b",
      "Length": 710,
      "update_at": "2025-07-08T17:32:15.000Z"
    },
    {
      "ShortPath": "l5/project.json",
      "versionRef": "1f1bd83da5b855b3059233e3e39ef0f841784c29",
      "Length": 357,
      "update_at": "2025-07-02T19:24:51.000Z"
    },
    {
      "ShortPath": "l0/package.json",
      "versionRef": "a74873287289a3b43e8541b34372722a086e8a03",
      "Length": 470,
      "update_at": "2025-07-02T19:24:49.000Z"
    },
    {
      "ShortPath": "l0/tsconfig.json",
      "versionRef": "6a95f6e8d8e3042af5f58de9c691a455a7221647",
      "Length": 1191,
      "update_at": "2025-07-02T19:24:50.000Z"
    }
  ]
}