{
  "lastModified": "2025-08-05T18:29:15.622Z",
  "files": [
    {
      "ShortPath": "l0/README.md",
      "versionRef": "2e1b14e8ed73119f964600f2fe185863d3fba359",
      "Length": 14,
      "update_at": "2025-07-02T19:24:46.000Z"
    },
    {
      "ShortPath": "l2/designSystem.defs.ts",
      "versionRef": "38b2f1dbeceb8727480a980712f1cd55a1d8a9a0",
      "Length": 86,
      "update_at": "2025-08-05T18:28:44.000Z"
    },
    {
      "ShortPath": "l2/designSystem.html",
      "versionRef": "fffd2f95b3e2532a42ad4612a9e3cdddd1af06b4",
      "Length": 29,
      "update_at": "2025-07-09T20:24:51.000Z"
    },
    {
      "ShortPath": "l2/designSystem.less",
      "versionRef": "58a6e1b32b14ca601c97ac37f0c9b40497282f5e",
      "Length": 188,
      "update_at": "2025-07-09T20:24:51.000Z"
    },
    {
      "ShortPath": "l2/designSystem.test.ts",
      "versionRef": "08616dabe8247a594fb0d46d46580f68f749e634",
      "Length": 254,
      "update_at": "2025-08-05T18:28:44.000Z"
    },
    {
      "ShortPath": "l2/designSystem.ts",
      "versionRef": "59f769e425990eebb305cde5dc929b8ce9a03f2f",
      "Length": 19201,
      "update_at": "2025-08-05T18:28:44.000Z"
    },
    {
      "ShortPath": "l2/petshop/adminPanel.defs.ts",
      "versionRef": "82181b399f79e0f188563a5dd42cfe8208abc6dc",
      "Length": 4371,
      "update_at": "2025-08-05T18:28:44.000Z"
    },
    {
      "ShortPath": "l2/petshop/adminPanel.html",
      "versionRef": "54ec95a0baee6c9c3b8f42e62c225f4897046e65",
      "Length": 979,
      "update_at": "2025-08-05T18:28:44.000Z"
    },
    {
      "ShortPath": "l2/petshop/adminPanel.less",
      "versionRef": "a5b96485ea5628ea20ffcb89036e7ebedfe9df9b",
      "Length": 1131,
      "update_at": "2025-08-05T18:28:44.000Z"
    },
    {
      "ShortPath": "l2/petshop/adminPanel.test.ts",
      "versionRef": "5b641284ae3863a763d6371fba816e1963352f4c",
      "Length": 259,
      "update_at": "2025-08-05T18:28:44.000Z"
    },
    {
      "ShortPath": "l2/petshop/adminPanel.ts",
      "versionRef": "ac0629fa052d154fe7309d26411f5d650f18ff14",
      "Length": 445,
      "update_at": "2025-08-05T18:28:44.000Z"
    },
    {
      "ShortPath": "l2/petshop/agendamento.defs.ts",
      "versionRef": "57e29f79a9a6561919987446f6f3fa5c1c9de761",
      "Length": 2265,
      "update_at": "2025-08-05T18:28:44.000Z"
    },
    {
      "ShortPath": "l2/petshop/agendamento.html",
      "versionRef": "a9216e804d7fda4cb5c856d21dc2b7a5057dce3d",
      "Length": 565,
      "update_at": "2025-08-05T18:28:44.000Z"
    },
    {
      "ShortPath": "l2/petshop/agendamento.less",
      "versionRef": "a931c034c6d96e8c00f53ee0c14f58671cd02ff2",
      "Length": 683,
      "update_at": "2025-08-05T18:28:44.000Z"
    },
    {
      "ShortPath": "l2/petshop/agendamento.test.ts",
      "versionRef": "a7cc396adae5b0a2a2c05232ea7c2aa831a681ad",
      "Length": 260,
      "update_at": "2025-08-05T18:28:44.000Z"
    },
    {
      "ShortPath": "l2/petshop/agendamento.ts",
      "versionRef": "bddd22cb857a4b9d02d3615aac926bc9729de5be",
      "Length": 448,
      "update_at": "2025-08-05T18:28:44.000Z"
    },
    {
      "ShortPath": "l2/petshop/contato.defs.ts",
      "versionRef": "7dfb5d7a36391fc5847f22d0b129ca0eed0e4c5d",
      "Length": 2059,
      "update_at": "2025-08-05T18:28:44.000Z"
    },
    {
      "ShortPath": "l2/petshop/contato.html",
      "versionRef": "ff408ff00433964554720c8337fce3879eac019a",
      "Length": 550,
      "update_at": "2025-08-05T18:28:44.000Z"
    },
    {
      "ShortPath": "l2/petshop/contato.less",
      "versionRef": "c40aace74d9817b3c62b38961b279f6b8f94154c",
      "Length": 778,
      "update_at": "2025-08-05T18:28:44.000Z"
    },
    {
      "ShortPath": "l2/petshop/contato.test.ts",
      "versionRef": "5c94b05227c822ea8c06f3ed2a0223176b4d6fc0",
      "Length": 256,
      "update_at": "2025-08-05T18:28:44.000Z"
    },
    {
      "ShortPath": "l2/petshop/contato.ts",
      "versionRef": "cf115cf1760e2c6b75ac3dce3a348212e7abf4df",
      "Length": 435,
      "update_at": "2025-08-05T18:28:44.000Z"
    },
    {
      "ShortPath": "l2/petshop/home.defs.ts",
      "versionRef": "19a974ddae42c200631a9331af558659e77fb046",
      "Length": 3840,
      "update_at": "2025-08-05T18:28:44.000Z"
    },
    {
      "ShortPath": "l2/petshop/home.html",
      "versionRef": "d2111452160bab7987f2be5b2aa1e97fe93c98ac",
      "Length": 777,
      "update_at": "2025-08-05T18:28:44.000Z"
    },
    {
      "ShortPath": "l2/petshop/home.less",
      "versionRef": "f639b37aab7205ed325b7ba344b3bfadb0dfcb82",
      "Length": 477,
      "update_at": "2025-08-05T18:28:44.000Z"
    },
    {
      "ShortPath": "l2/petshop/home.test.ts",
      "versionRef": "9c2c564b9d577f573d262516b84495a7e7f6a7bd",
      "Length": 250,
      "update_at": "2025-08-05T18:28:44.000Z"
    },
    {
      "ShortPath": "l2/petshop/home.ts",
      "versionRef": "524d54974326b899533f8bf18cf08a20ab3dd05b",
      "Length": 427,
      "update_at": "2025-08-05T18:28:44.000Z"
    },
    {
      "ShortPath": "l2/petshop/module.defs.ts",
      "versionRef": "57a571c3822a907c8e39fe6de5341fb32fac6302",
      "Length": 87,
      "update_at": "2025-08-05T18:28:44.000Z"
    },
    {
      "ShortPath": "l2/petshop/module.html",
      "versionRef": "6e54754ae6e62592cfb1ba96840c597443af8605",
      "Length": 15,
      "update_at": "2025-08-05T18:28:44.000Z"
    },
    {
      "ShortPath": "l2/petshop/module.less",
      "versionRef": "9ebadc752fc5e1d3f2b4c28002cdaf41e0932d43",
      "Length": 147,
      "update_at": "2025-08-05T18:28:44.000Z"
    },
    {
      "ShortPath": "l2/petshop/module.test.ts",
      "versionRef": "6070ed2d3209c76263993a855d9d2ed402aa841f",
      "Length": 255,
      "update_at": "2025-08-05T18:28:44.000Z"
    },
    {
      "ShortPath": "l2/petshop/module.ts",
      "versionRef": "1b188dc27abe908e477850658f6c53382d96d569",
      "Length": 30778,
      "update_at": "2025-08-05T18:28:44.000Z"
    },
    {
      "ShortPath": "l2/petshop/organismAboutPetshop.defs.ts",
      "versionRef": "d06bd51883df49106246e229f1819832cd727d89",
      "Length": 1073,
      "update_at": "2025-08-05T18:28:44.000Z"
    },
    {
      "ShortPath": "l2/petshop/organismAboutPetshop.html",
      "versionRef": "9c68458a2f3e918f5a2687a46fe76d79b33f11f2",
      "Length": 81,
      "update_at": "2025-08-05T18:28:44.000Z"
    },
    {
      "ShortPath": "l2/petshop/organismAboutPetshop.less",
      "versionRef": "cc083b90c413a94223a0d9c91114d8d9050e6a01",
      "Length": 1265,
      "update_at": "2025-08-05T18:28:44.000Z"
    },
    {
      "ShortPath": "l2/petshop/organismAboutPetshop.test.ts",
      "versionRef": "bdaac45162a6698938c2df9435be186a66e5ee4c",
      "Length": 269,
      "update_at": "2025-08-05T18:28:44.000Z"
    },
    {
      "ShortPath": "l2/petshop/organismAboutPetshop.ts",
      "versionRef": "2822a66d0aec65c7229e978d597b3c3150a45a13",
      "Length": 1438,
      "update_at": "2025-08-05T18:28:44.000Z"
    },
    {
      "ShortPath": "l2/petshop/organismAdminBookings.defs.ts",
      "versionRef": "f12f2a6eec6b1b1c7a24061e7459593d9517ebc5",
      "Length": 1124,
      "update_at": "2025-08-05T18:28:44.000Z"
    },
    {
      "ShortPath": "l2/petshop/organismAdminBookings.html",
      "versionRef": "aeb2a4a8ed50d889e19417d6fc0208bbd8dc444a",
      "Length": 83,
      "update_at": "2025-08-05T18:28:44.000Z"
    },
    {
      "ShortPath": "l2/petshop/organismAdminBookings.less",
      "versionRef": "8124310a67875316139bf996a0d3e151ce480f4e",
      "Length": 2328,
      "update_at": "2025-08-05T18:28:44.000Z"
    },
    {
      "ShortPath": "l2/petshop/organismAdminBookings.test.ts",
      "versionRef": "2c3914e59f0c143a0ba3454380410f5b79953ffd",
      "Length": 270,
      "update_at": "2025-08-05T18:28:44.000Z"
    },
    {
      "ShortPath": "l2/petshop/organismAdminBookings.ts",
      "versionRef": "c59afaeb56e01fe48fa440a7a40133038204e5f4",
      "Length": 3965,
      "update_at": "2025-08-05T18:28:44.000Z"
    },
    {
      "ShortPath": "l2/petshop/organismAdminContent.defs.ts",
      "versionRef": "fc4de42a673a6153b0aba38032489d774410d8b7",
      "Length": 1073,
      "update_at": "2025-08-05T18:28:44.000Z"
    },
    {
      "ShortPath": "l2/petshop/organismAdminContent.html",
      "versionRef": "2bcdf12e53343b2a003103f181a2173465e7381f",
      "Length": 81,
      "update_at": "2025-08-05T18:28:44.000Z"
    },
    {
      "ShortPath": "l2/petshop/organismAdminContent.less",
      "versionRef": "a01b47a8e83575e52ddc07efe10a73edbbbe4bf5",
      "Length": 2207,
      "update_at": "2025-08-05T18:28:44.000Z"
    },
    {
      "ShortPath": "l2/petshop/organismAdminContent.test.ts",
      "versionRef": "dc595d1c6bb32556bc85663c5a1b2d94c326da5a",
      "Length": 269,
      "update_at": "2025-08-05T18:28:44.000Z"
    },
    {
      "ShortPath": "l2/petshop/organismAdminContent.ts",
      "versionRef": "a3774d6de716361db51058a96003f66f9ee4c48c",
      "Length": 2161,
      "update_at": "2025-08-05T18:28:44.000Z"
    },
    {
      "ShortPath": "l2/petshop/organismAdminDashboard.defs.ts",
      "versionRef": "3cabe9050f6d2201dbaf67431a1afcc2caa68cbc",
      "Length": 1097,
      "update_at": "2025-08-05T18:28:44.000Z"
    },
    {
      "ShortPath": "l2/petshop/organismAdminDashboard.html",
      "versionRef": "810777ebcb23afcece925a03bc1f20dc43f1c30c",
      "Length": 85,
      "update_at": "2025-08-05T18:28:44.000Z"
    },
    {
      "ShortPath": "l2/petshop/organismAdminDashboard.less",
      "versionRef": "485dae3a5361f7cb2b090150b0bdcd08d3479c8d",
      "Length": 1871,
      "update_at": "2025-08-05T18:28:44.000Z"
    },
    {
      "ShortPath": "l2/petshop/organismAdminDashboard.test.ts",
      "versionRef": "e9ed017946eff63bf40179e982b78e628c53d744",
      "Length": 271,
      "update_at": "2025-08-05T18:28:44.000Z"
    },
    {
      "ShortPath": "l2/petshop/organismAdminDashboard.ts",
      "versionRef": "c9e01ec7890a2b6c41451828c2b70c8d6babfac5",
      "Length": 3000,
      "update_at": "2025-08-05T18:28:44.000Z"
    },
    {
      "ShortPath": "l2/petshop/organismAdminNav.defs.ts",
      "versionRef": "f4163aafb59d3ec6fd432dea76bfcf9122f85267",
      "Length": 1148,
      "update_at": "2025-08-05T18:28:44.000Z"
    },
    {
      "ShortPath": "l2/petshop/organismAdminNav.html",
      "versionRef": "c295f5154102f299377a124c3b32aa0bdd708a67",
      "Length": 73,
      "update_at": "2025-08-05T18:28:44.000Z"
    },
    {
      "ShortPath": "l2/petshop/organismAdminNav.less",
      "versionRef": "bf6194d43e4e250521f07280ac945866c629d587",
      "Length": 1938,
      "update_at": "2025-08-05T18:28:44.000Z"
    },
    {
      "ShortPath": "l2/petshop/organismAdminNav.test.ts",
      "versionRef": "04ad1c00251a32140b1c2ed07dcb40c75f8f73e0",
      "Length": 265,
      "update_at": "2025-08-05T18:28:44.000Z"
    },
    {
      "ShortPath": "l2/petshop/organismAdminNav.ts",
      "versionRef": "d4fbaf9a343a25bc43b274d7da343c5f3ced44eb",
      "Length": 2226,
      "update_at": "2025-08-05T18:28:44.000Z"
    },
    {
      "ShortPath": "l2/petshop/organismAdminProducts.defs.ts",
      "versionRef": "329e504fb1ec5e91afe89ae89a2298d98a8b8e22",
      "Length": 1091,
      "update_at": "2025-08-05T18:28:44.000Z"
    },
    {
      "ShortPath": "l2/petshop/organismAdminProducts.html",
      "versionRef": "2eaca0bb354847fe1023fd853f2948e88bfa3f81",
      "Length": 83,
      "update_at": "2025-08-05T18:28:44.000Z"
    },
    {
      "ShortPath": "l2/petshop/organismAdminProducts.less",
      "versionRef": "27a13ca51e3e18946238d5326939ca4170eebd54",
      "Length": 3030,
      "update_at": "2025-08-05T18:28:44.000Z"
    },
    {
      "ShortPath": "l2/petshop/organismAdminProducts.test.ts",
      "versionRef": "66c66596f34a6a9e913b849823197950508dcff4",
      "Length": 270,
      "update_at": "2025-08-05T18:28:44.000Z"
    },
    {
      "ShortPath": "l2/petshop/organismAdminProducts.ts",
      "versionRef": "4bb86616eb9ae1d440d30c620021582358df6f99",
      "Length": 5361,
      "update_at": "2025-08-05T18:28:44.000Z"
    },
    {
      "ShortPath": "l2/petshop/organismAdminSidebar.defs.ts",
      "versionRef": "0d04d6ef09d297241cc9503aaaf2d5fd036f5e5d",
      "Length": 1102,
      "update_at": "2025-08-05T18:28:44.000Z"
    },
    {
      "ShortPath": "l2/petshop/organismAdminSidebar.html",
      "versionRef": "327d7985af0b5b036f11e5bb71f130e872b61000",
      "Length": 81,
      "update_at": "2025-08-05T18:28:44.000Z"
    },
    {
      "ShortPath": "l2/petshop/organismAdminSidebar.less",
      "versionRef": "22a3a733fddfdd942075a31c36ccf7e122f612ef",
      "Length": 2336,
      "update_at": "2025-08-05T18:28:44.000Z"
    },
    {
      "ShortPath": "l2/petshop/organismAdminSidebar.test.ts",
      "versionRef": "11e9877e6d0058fe5c179169bf8e941cb2e4ff6d",
      "Length": 269,
      "update_at": "2025-08-05T18:28:44.000Z"
    },
    {
      "ShortPath": "l2/petshop/organismAdminSidebar.ts",
      "versionRef": "93a6bbacaad9c5d2fa7306a401bb78ec22789d13",
      "Length": 2524,
      "update_at": "2025-08-05T18:28:44.000Z"
    },
    {
      "ShortPath": "l2/petshop/organismBookingForm.defs.ts",
      "versionRef": "5055634b9b94e4000430a5b6f56bea1dd7229945",
      "Length": 1526,
      "update_at": "2025-08-05T18:28:44.000Z"
    },
    {
      "ShortPath": "l2/petshop/organismBookingForm.html",
      "versionRef": "9acf5c89d4d84ab1387470e5cea635f9be330818",
      "Length": 79,
      "update_at": "2025-08-05T18:28:44.000Z"
    },
    {
      "ShortPath": "l2/petshop/organismBookingForm.less",
      "versionRef": "bb896897083d7b53bce47603b6855a167a2fc03c",
      "Length": 2369,
      "update_at": "2025-08-05T18:28:44.000Z"
    },
    {
      "ShortPath": "l2/petshop/organismBookingForm.test.ts",
      "versionRef": "0c5a49a72ae3d17e785b6c6f4ca33c06d6cd5abb",
      "Length": 268,
      "update_at": "2025-08-05T18:28:44.000Z"
    },
    {
      "ShortPath": "l2/petshop/organismBookingForm.ts",
      "versionRef": "12665c874c2be31b0a8c00bc913deafef1630bb3",
      "Length": 6189,
      "update_at": "2025-08-05T18:28:44.000Z"
    },
    {
      "ShortPath": "l2/petshop/organismBookingInfo.defs.ts",
      "versionRef": "02cbb06581c12e2ae8cf4fa370939adae00de081",
      "Length": 1135,
      "update_at": "2025-08-05T18:28:44.000Z"
    },
    {
      "ShortPath": "l2/petshop/organismBookingInfo.html",
      "versionRef": "04984c330e784aa36a86b0572f4b0d0a30195cc1",
      "Length": 79,
      "update_at": "2025-08-05T18:28:44.000Z"
    },
    {
      "ShortPath": "l2/petshop/organismBookingInfo.less",
      "versionRef": "e7afca1d83431473d80a83027571408d8bce2d4d",
      "Length": 1191,
      "update_at": "2025-08-05T18:28:44.000Z"
    },
    {
      "ShortPath": "l2/petshop/organismBookingInfo.test.ts",
      "versionRef": "b5ce65a03d3b9b566a2300b062fa0e6df9a533e1",
      "Length": 268,
      "update_at": "2025-08-05T18:28:44.000Z"
    },
    {
      "ShortPath": "l2/petshop/organismBookingInfo.ts",
      "versionRef": "5fbf03bdfc5bf55512ad369af969768f4e13f6a4",
      "Length": 1411,
      "update_at": "2025-08-05T18:28:44.000Z"
    },
    {
      "ShortPath": "l2/petshop/organismCartSummary.defs.ts",
      "versionRef": "d622f01a34295ad64a712d1a8721fc35d5da328e",
      "Length": 1122,
      "update_at": "2025-08-05T18:28:44.000Z"
    },
    {
      "ShortPath": "l2/petshop/organismCartSummary.html",
      "versionRef": "5d6935e16cc6aff49003dc793d30738f6163248a",
      "Length": 79,
      "update_at": "2025-08-05T18:28:44.000Z"
    },
    {
      "ShortPath": "l2/petshop/organismCartSummary.less",
      "versionRef": "83b838b75feb1a96ed2107ae08340ed2cab3ae4f",
      "Length": 3935,
      "update_at": "2025-08-05T18:28:44.000Z"
    },
    {
      "ShortPath": "l2/petshop/organismCartSummary.test.ts",
      "versionRef": "584b29fa640fc6d692760be473820b602f6914fc",
      "Length": 268,
      "update_at": "2025-08-05T18:28:44.000Z"
    },
    {
      "ShortPath": "l2/petshop/organismCartSummary.ts",
      "versionRef": "bf2debf948cc58e556c1a271242707380fdb8480",
      "Length": 2919,
      "update_at": "2025-08-05T18:28:44.000Z"
    },
    {
      "ShortPath": "l2/petshop/organismContactDetails.defs.ts",
      "versionRef": "59b7085b349f946b2c2bf6c6d373413089762c39",
      "Length": 1112,
      "update_at": "2025-08-05T18:28:44.000Z"
    },
    {
      "ShortPath": "l2/petshop/organismContactDetails.html",
      "versionRef": "bd75f013af26d04ac3df3005f15d709e53e1b9f1",
      "Length": 85,
      "update_at": "2025-08-05T18:28:44.000Z"
    },
    {
      "ShortPath": "l2/petshop/organismContactDetails.less",
      "versionRef": "7391f4a985ad4e7103ec727e02301e6aa05641ab",
      "Length": 1850,
      "update_at": "2025-08-05T18:28:44.000Z"
    },
    {
      "ShortPath": "l2/petshop/organismContactDetails.test.ts",
      "versionRef": "7decc1dc00513442c35dae36cee32683e660e2fd",
      "Length": 271,
      "update_at": "2025-08-05T18:28:44.000Z"
    },
    {
      "ShortPath": "l2/petshop/organismContactDetails.ts",
      "versionRef": "d3f44b54c3ba4e03ecaac7df59e90f5fc800e1d1",
      "Length": 5842,
      "update_at": "2025-08-05T18:28:44.000Z"
    },
    {
      "ShortPath": "l2/petshop/organismContactForm.defs.ts",
      "versionRef": "efc567733cb995cd46bf983ba0f00251f85828bb",
      "Length": 1103,
      "update_at": "2025-08-05T18:28:44.000Z"
    },
    {
      "ShortPath": "l2/petshop/organismContactForm.html",
      "versionRef": "dc2061e83d62764f49da9c1ebafb996f616c5d39",
      "Length": 79,
      "update_at": "2025-08-05T18:28:44.000Z"
    },
    {
      "ShortPath": "l2/petshop/organismContactForm.less",
      "versionRef": "4d357f089c3d4ee0fd56018eaa4af18434ff771f",
      "Length": 1923,
      "update_at": "2025-08-05T18:28:44.000Z"
    },
    {
      "ShortPath": "l2/petshop/organismContactForm.test.ts",
      "versionRef": "ce5de567e5fceade2490c5d93d002959a5a2c3b8",
      "Length": 268,
      "update_at": "2025-08-05T18:28:44.000Z"
    },
    {
      "ShortPath": "l2/petshop/organismContactForm.ts",
      "versionRef": "b2b0832fc65e65da9001d0f6b22363c261277553",
      "Length": 1478,
      "update_at": "2025-08-05T18:28:44.000Z"
    },
    {
      "ShortPath": "l2/petshop/organismFeaturedProducts.defs.ts",
      "versionRef": "70f4da176630f77d2bf3c5c1a80bf65056c6cf5c",
      "Length": 1106,
      "update_at": "2025-08-05T18:28:44.000Z"
    },
    {
      "ShortPath": "l2/petshop/organismFeaturedProducts.html",
      "versionRef": "201e56e45a32da5df4061bf7c61273ec8adc2650",
      "Length": 89,
      "update_at": "2025-08-05T18:28:44.000Z"
    },
    {
      "ShortPath": "l2/petshop/organismFeaturedProducts.less",
      "versionRef": "6cda4bd5b17b341edf6eb52a03ad16c61ea92f4d",
      "Length": 2565,
      "update_at": "2025-08-05T18:28:44.000Z"
    },
    {
      "ShortPath": "l2/petshop/organismFeaturedProducts.test.ts",
      "versionRef": "147ccefb3cabd67f041f864c17f920fbd683093f",
      "Length": 273,
      "update_at": "2025-08-05T18:28:44.000Z"
    },
    {
      "ShortPath": "l2/petshop/organismFeaturedProducts.ts",
      "versionRef": "b9df12e059d2dddbdbb0bb93e76e027fa5d34fd3",
      "Length": 4640,
      "update_at": "2025-08-05T18:28:44.000Z"
    },
    {
      "ShortPath": "l2/petshop/organismFeaturedServices.defs.ts",
      "versionRef": "a25059e1b8f9fb915e1c4af6c77dd1d3139739c1",
      "Length": 1102,
      "update_at": "2025-08-05T18:28:44.000Z"
    },
    {
      "ShortPath": "l2/petshop/organismFeaturedServices.html",
      "versionRef": "74ab9c8e38f39586526a5479e071d47b859334c6",
      "Length": 89,
      "update_at": "2025-08-05T18:28:44.000Z"
    },
    {
      "ShortPath": "l2/petshop/organismFeaturedServices.less",
      "versionRef": "6aaeac3f439746b32e925c2e8dbaaf65b40b8a1d",
      "Length": 1997,
      "update_at": "2025-08-05T18:28:44.000Z"
    },
    {
      "ShortPath": "l2/petshop/organismFeaturedServices.test.ts",
      "versionRef": "cdd1850faf4426b9e1d23f5216369ba4ba732f0c",
      "Length": 273,
      "update_at": "2025-08-05T18:28:44.000Z"
    },
    {
      "ShortPath": "l2/petshop/organismFeaturedServices.ts",
      "versionRef": "e8e29c7fa9652f4a21ea061a7981c861bddcedbf",
      "Length": 3969,
      "update_at": "2025-08-05T18:28:44.000Z"
    },
    {
      "ShortPath": "l2/petshop/organismFooterInfo.defs.ts",
      "versionRef": "6617185ebaca3c6ab3a454ff02c648dd515bc9c1",
      "Length": 1136,
      "update_at": "2025-08-05T18:28:44.000Z"
    },
    {
      "ShortPath": "l2/petshop/organismFooterInfo.html",
      "versionRef": "caf2202351e7d07dbc7e9419c269aa8eaa9599b5",
      "Length": 77,
      "update_at": "2025-08-05T18:28:44.000Z"
    },
    {
      "ShortPath": "l2/petshop/organismFooterInfo.less",
      "versionRef": "d10f701ae7da0384b42c692c815faa5edc2968b6",
      "Length": 2435,
      "update_at": "2025-08-05T18:28:44.000Z"
    },
    {
      "ShortPath": "l2/petshop/organismFooterInfo.test.ts",
      "versionRef": "a6e1b1baf2874ad49e0b1032c96eb5334e2d1d2f",
      "Length": 267,
      "update_at": "2025-08-05T18:28:44.000Z"
    },
    {
      "ShortPath": "l2/petshop/organismFooterInfo.ts",
      "versionRef": "cd2e4a4ddb6395fed6337852323afdee2e25039d",
      "Length": 4760,
      "update_at": "2025-08-05T18:28:44.000Z"
    },
    {
      "ShortPath": "l2/petshop/organismHeroBanner.defs.ts",
      "versionRef": "3c28ad779d0a86920441e6c36dcf57cc793aa90c",
      "Length": 1252,
      "update_at": "2025-08-05T18:28:44.000Z"
    },
    {
      "ShortPath": "l2/petshop/organismHeroBanner.html",
      "versionRef": "aaa0c0e62299f828e7a75073309bc645ea4db698",
      "Length": 77,
      "update_at": "2025-08-05T18:28:44.000Z"
    },
    {
      "ShortPath": "l2/petshop/organismHeroBanner.less",
      "versionRef": "7546afe1092ec06821cbe624ae253cd290aa40b6",
      "Length": 2105,
      "update_at": "2025-08-05T18:28:44.000Z"
    },
    {
      "ShortPath": "l2/petshop/organismHeroBanner.test.ts",
      "versionRef": "11367c68fc1b4ba23f055acd8650aecd1fc31382",
      "Length": 267,
      "update_at": "2025-08-05T18:28:44.000Z"
    },
    {
      "ShortPath": "l2/petshop/organismHeroBanner.ts",
      "versionRef": "c573de5e6a752b26f82b3dcc9b0aac6c74f36e8b",
      "Length": 1453,
      "update_at": "2025-08-05T18:28:44.000Z"
    },
    {
      "ShortPath": "l2/petshop/organismNav.defs.ts",
      "versionRef": "51409b3aa10c9d6dfa0eec6ff4f678a1e04ff3f8",
      "Length": 1465,
      "update_at": "2025-08-05T18:28:44.000Z"
    },
    {
      "ShortPath": "l2/petshop/organismNav.html",
      "versionRef": "620de3895b9110fab1aab67185e79a887fe292f5",
      "Length": 61,
      "update_at": "2025-08-05T18:28:44.000Z"
    },
    {
      "ShortPath": "l2/petshop/organismNav.less",
      "versionRef": "8f7a37f6e56c5f8051b0d27e6864459e44916ae0",
      "Length": 2240,
      "update_at": "2025-08-05T18:28:44.000Z"
    },
    {
      "ShortPath": "l2/petshop/organismNav.test.ts",
      "versionRef": "64ebaf139230b9b10b9ba295a1e2f907ac57cd3a",
      "Length": 260,
      "update_at": "2025-08-05T18:28:44.000Z"
    },
    {
      "ShortPath": "l2/petshop/organismNav.ts",
      "versionRef": "117ffa17935fdab17f7c82d66d360565b70f6183",
      "Length": 4071,
      "update_at": "2025-08-05T18:28:44.000Z"
    },
    {
      "ShortPath": "l2/petshop/organismProductFilters.defs.ts",
      "versionRef": "f4593963e8c432057f8a944161fda79bfe15e184",
      "Length": 1120,
      "update_at": "2025-08-05T18:28:44.000Z"
    },
    {
      "ShortPath": "l2/petshop/organismProductFilters.html",
      "versionRef": "1dee2293e2eee3bad5450bc7c1ece8e4410b5e5f",
      "Length": 85,
      "update_at": "2025-08-05T18:28:44.000Z"
    },
    {
      "ShortPath": "l2/petshop/organismProductFilters.less",
      "versionRef": "550da4d3b0e8cbaee6ee7bc6fd8e6457e9b2ed58",
      "Length": 2195,
      "update_at": "2025-08-05T18:28:44.000Z"
    },
    {
      "ShortPath": "l2/petshop/organismProductFilters.test.ts",
      "versionRef": "65c61ecbb1fd519dd1802357fc5e6200ab0967e1",
      "Length": 271,
      "update_at": "2025-08-05T18:28:44.000Z"
    },
    {
      "ShortPath": "l2/petshop/organismProductFilters.ts",
      "versionRef": "f990b7c55400f7da7dbfbecf59f867f4d3ccc017",
      "Length": 2852,
      "update_at": "2025-08-05T18:28:44.000Z"
    },
    {
      "ShortPath": "l2/petshop/organismProductList.defs.ts",
      "versionRef": "9bf0541fece6f30c8ff2a06bda8f0e615b01c0b8",
      "Length": 1108,
      "update_at": "2025-08-05T18:28:44.000Z"
    },
    {
      "ShortPath": "l2/petshop/organismProductList.html",
      "versionRef": "7cf8d01c8a2f9a38a75e23cbdadfb973e1c678c8",
      "Length": 79,
      "update_at": "2025-08-05T18:28:44.000Z"
    },
    {
      "ShortPath": "l2/petshop/organismProductList.less",
      "versionRef": "f5a38a08883a6f2270b068b8fd7b33e5c2e5d096",
      "Length": 2362,
      "update_at": "2025-08-05T18:28:44.000Z"
    },
    {
      "ShortPath": "l2/petshop/organismProductList.test.ts",
      "versionRef": "16d1f27418d565925ada00638b93663cee53389f",
      "Length": 268,
      "update_at": "2025-08-05T18:28:44.000Z"
    },
    {
      "ShortPath": "l2/petshop/organismProductList.ts",
      "versionRef": "fd7157ba55a776ffcbc95d44d91fdaf94c1330c2",
      "Length": 6161,
      "update_at": "2025-08-05T18:28:44.000Z"
    },
    {
      "ShortPath": "l2/petshop/produtos.defs.ts",
      "versionRef": "032c940f4451050ea5c1eb74c85c4a7637541792",
      "Length": 3453,
      "update_at": "2025-08-05T18:28:44.000Z"
    },
    {
      "ShortPath": "l2/petshop/produtos.html",
      "versionRef": "2d63c41c4b4da028d89b7675c9ff44c540d64453",
      "Length": 691,
      "update_at": "2025-08-05T18:28:44.000Z"
    },
    {
      "ShortPath": "l2/petshop/produtos.less",
      "versionRef": "eeb2c9ed666012d9dafef281c2b451e1c8b8c667",
      "Length": 1368,
      "update_at": "2025-08-05T18:28:44.000Z"
    },
    {
      "ShortPath": "l2/petshop/produtos.test.ts",
      "versionRef": "e9ce994c543c7cd2c484fe5d49d9eae404c84eba",
      "Length": 257,
      "update_at": "2025-08-05T18:28:44.000Z"
    },
    {
      "ShortPath": "l2/petshop/produtos.ts",
      "versionRef": "543b6098658f76ecf7cea9aad05b9ebd464e8729",
      "Length": 439,
      "update_at": "2025-08-05T18:28:44.000Z"
    },
    {
      "ShortPath": "l5/project.json",
      "versionRef": "1f1bd83da5b855b3059233e3e39ef0f841784c29",
      "Length": 357,
      "update_at": "2025-07-02T19:24:51.000Z"
    },
    {
      "ShortPath": "l0/package.json",
      "versionRef": "a74873287289a3b43e8541b34372722a086e8a03",
      "Length": 470,
      "update_at": "2025-07-02T19:24:49.000Z"
    },
    {
      "ShortPath": "l0/tsconfig.json",
      "versionRef": "6a95f6e8d8e3042af5f58de9c691a455a7221647",
      "Length": 1191,
      "update_at": "2025-07-02T19:24:50.000Z"
    }
  ]
}