{
  "lastModified": "2025-09-19T17:23:34.103Z",
  "files": [
    {
      "shortPath": "l0/README.md",
      "versionRef": "2e1b14e8ed73119f964600f2fe185863d3fba359",
      "Length": 14,
      "update_at": "2025-07-02T19:24:46.000Z"
    },
    {
      "shortPath": "l2/crm/module.defs.ts",
      "versionRef": "4df95277d70a3e879674fe9db9c16fd6931fe758",
      "Length": 83,
      "update_at": "2025-09-19T17:22:28.000Z"
    },
    {
      "shortPath": "l2/crm/module.html",
      "versionRef": "6e54754ae6e62592cfb1ba96840c597443af8605",
      "Length": 15,
      "update_at": "2025-09-19T17:22:28.000Z"
    },
    {
      "shortPath": "l2/crm/module.less",
      "versionRef": "8c1d3f6a5b30ad3c345846f8b142f6e9be3a0109",
      "Length": 139,
      "update_at": "2025-09-19T17:22:28.000Z"
    },
    {
      "shortPath": "l2/crm/module.test.ts",
      "versionRef": "4bdd57f51f4afc733023d9f25894ac9b26a0ff1d",
      "Length": 251,
      "update_at": "2025-09-19T17:22:28.000Z"
    },
    {
      "shortPath": "l2/crm/module.ts",
      "versionRef": "097752b85760e9a26e89a14fd58d18e8f7993b16",
      "Length": 1370,
      "update_at": "2025-09-19T17:22:28.000Z"
    },
    {
      "shortPath": "l2/designSystem.defs.ts",
      "versionRef": "38b2f1dbeceb8727480a980712f1cd55a1d8a9a0",
      "Length": 86,
      "update_at": "2025-08-05T18:28:44.000Z"
    },
    {
      "shortPath": "l2/designSystem.html",
      "versionRef": "fffd2f95b3e2532a42ad4612a9e3cdddd1af06b4",
      "Length": 29,
      "update_at": "2025-07-09T20:24:51.000Z"
    },
    {
      "shortPath": "l2/designSystem.less",
      "versionRef": "58a6e1b32b14ca601c97ac37f0c9b40497282f5e",
      "Length": 188,
      "update_at": "2025-07-09T20:24:51.000Z"
    },
    {
      "shortPath": "l2/designSystem.test.ts",
      "versionRef": "08616dabe8247a594fb0d46d46580f68f749e634",
      "Length": 254,
      "update_at": "2025-08-05T18:28:44.000Z"
    },
    {
      "shortPath": "l2/designSystem.ts",
      "versionRef": "97c660821a6b4d79050378b95b3c722649e6f32e",
      "Length": 51835,
      "update_at": "2025-09-19T17:22:28.000Z"
    },
    {
      "shortPath": "l2/petshop/adminPanel.defs.ts",
      "versionRef": "82181b399f79e0f188563a5dd42cfe8208abc6dc",
      "Length": 4371,
      "update_at": "2025-08-05T18:28:44.000Z"
    },
    {
      "shortPath": "l2/petshop/adminPanel.html",
      "versionRef": "a74c5180bf1ac3427b524685c1b4570641b6bc8c",
      "Length": 1101,
      "update_at": "2025-08-14T18:57:42.000Z"
    },
    {
      "shortPath": "l2/petshop/adminPanel.less",
      "versionRef": "a5b96485ea5628ea20ffcb89036e7ebedfe9df9b",
      "Length": 1131,
      "update_at": "2025-08-05T18:28:44.000Z"
    },
    {
      "shortPath": "l2/petshop/adminPanel.test.ts",
      "versionRef": "5b641284ae3863a763d6371fba816e1963352f4c",
      "Length": 259,
      "update_at": "2025-08-05T18:28:44.000Z"
    },
    {
      "shortPath": "l2/petshop/adminPanel.ts",
      "versionRef": "ac0629fa052d154fe7309d26411f5d650f18ff14",
      "Length": 445,
      "update_at": "2025-08-05T18:28:44.000Z"
    },
    {
      "shortPath": "l2/petshop/agendamento.defs.ts",
      "versionRef": "57e29f79a9a6561919987446f6f3fa5c1c9de761",
      "Length": 2265,
      "update_at": "2025-08-05T18:28:44.000Z"
    },
    {
      "shortPath": "l2/petshop/agendamento.html",
      "versionRef": "76d230921b4bb4bbfaa36bcbd738fc5c1367916a",
      "Length": 656,
      "update_at": "2025-08-14T18:57:42.000Z"
    },
    {
      "shortPath": "l2/petshop/agendamento.less",
      "versionRef": "a931c034c6d96e8c00f53ee0c14f58671cd02ff2",
      "Length": 683,
      "update_at": "2025-08-05T18:28:44.000Z"
    },
    {
      "shortPath": "l2/petshop/agendamento.test.ts",
      "versionRef": "a7cc396adae5b0a2a2c05232ea7c2aa831a681ad",
      "Length": 260,
      "update_at": "2025-08-05T18:28:44.000Z"
    },
    {
      "shortPath": "l2/petshop/agendamento.ts",
      "versionRef": "bddd22cb857a4b9d02d3615aac926bc9729de5be",
      "Length": 448,
      "update_at": "2025-08-05T18:28:44.000Z"
    },
    {
      "shortPath": "l2/petshop/contato.defs.ts",
      "versionRef": "7dfb5d7a36391fc5847f22d0b129ca0eed0e4c5d",
      "Length": 2059,
      "update_at": "2025-08-05T18:28:44.000Z"
    },
    {
      "shortPath": "l2/petshop/contato.html",
      "versionRef": "620d8c1ad1d5b370abd18b85ad475d3b6b34fd85",
      "Length": 629,
      "update_at": "2025-08-14T18:57:42.000Z"
    },
    {
      "shortPath": "l2/petshop/contato.less",
      "versionRef": "c40aace74d9817b3c62b38961b279f6b8f94154c",
      "Length": 778,
      "update_at": "2025-08-05T18:28:44.000Z"
    },
    {
      "shortPath": "l2/petshop/contato.test.ts",
      "versionRef": "5c94b05227c822ea8c06f3ed2a0223176b4d6fc0",
      "Length": 256,
      "update_at": "2025-08-05T18:28:44.000Z"
    },
    {
      "shortPath": "l2/petshop/contato.ts",
      "versionRef": "cf115cf1760e2c6b75ac3dce3a348212e7abf4df",
      "Length": 435,
      "update_at": "2025-08-05T18:28:44.000Z"
    },
    {
      "shortPath": "l2/petshop/home.defs.ts",
      "versionRef": "19a974ddae42c200631a9331af558659e77fb046",
      "Length": 3840,
      "update_at": "2025-08-05T18:28:44.000Z"
    },
    {
      "shortPath": "l2/petshop/home.html",
      "versionRef": "aa40f95d5369194eb40f943312eb74e72cf75471",
      "Length": 853,
      "update_at": "2025-08-14T18:57:42.000Z"
    },
    {
      "shortPath": "l2/petshop/home.less",
      "versionRef": "f639b37aab7205ed325b7ba344b3bfadb0dfcb82",
      "Length": 477,
      "update_at": "2025-08-05T18:28:44.000Z"
    },
    {
      "shortPath": "l2/petshop/home.test.ts",
      "versionRef": "9c2c564b9d577f573d262516b84495a7e7f6a7bd",
      "Length": 250,
      "update_at": "2025-08-05T18:28:44.000Z"
    },
    {
      "shortPath": "l2/petshop/home.ts",
      "versionRef": "524d54974326b899533f8bf18cf08a20ab3dd05b",
      "Length": 427,
      "update_at": "2025-08-05T18:28:44.000Z"
    },
    {
      "shortPath": "l2/petshop/module.defs.ts",
      "versionRef": "57a571c3822a907c8e39fe6de5341fb32fac6302",
      "Length": 87,
      "update_at": "2025-08-05T18:28:44.000Z"
    },
    {
      "shortPath": "l2/petshop/module.html",
      "versionRef": "6e54754ae6e62592cfb1ba96840c597443af8605",
      "Length": 15,
      "update_at": "2025-08-05T18:28:44.000Z"
    },
    {
      "shortPath": "l2/petshop/module.less",
      "versionRef": "9ebadc752fc5e1d3f2b4c28002cdaf41e0932d43",
      "Length": 147,
      "update_at": "2025-08-05T18:28:44.000Z"
    },
    {
      "shortPath": "l2/petshop/module.test.ts",
      "versionRef": "6070ed2d3209c76263993a855d9d2ed402aa841f",
      "Length": 255,
      "update_at": "2025-08-05T18:28:44.000Z"
    },
    {
      "shortPath": "l2/petshop/module.ts",
      "versionRef": "d36f25ec7e461c5ee39e4e32753529c71e602352",
      "Length": 30800,
      "update_at": "2025-08-08T13:40:58.000Z"
    },
    {
      "shortPath": "l2/petshop/organismAboutPetshop.defs.ts",
      "versionRef": "b89938b2843785434a53dcb0a8ae7ee5368982b2",
      "Length": 1075,
      "update_at": "2025-08-08T13:40:58.000Z"
    },
    {
      "shortPath": "l2/petshop/organismAboutPetshop.html",
      "versionRef": "9c68458a2f3e918f5a2687a46fe76d79b33f11f2",
      "Length": 81,
      "update_at": "2025-08-05T18:28:44.000Z"
    },
    {
      "shortPath": "l2/petshop/organismAboutPetshop.less",
      "versionRef": "cc083b90c413a94223a0d9c91114d8d9050e6a01",
      "Length": 1265,
      "update_at": "2025-08-05T18:28:44.000Z"
    },
    {
      "shortPath": "l2/petshop/organismAboutPetshop.test.ts",
      "versionRef": "bdaac45162a6698938c2df9435be186a66e5ee4c",
      "Length": 269,
      "update_at": "2025-08-05T18:28:44.000Z"
    },
    {
      "shortPath": "l2/petshop/organismAboutPetshop.ts",
      "versionRef": "2822a66d0aec65c7229e978d597b3c3150a45a13",
      "Length": 1438,
      "update_at": "2025-08-05T18:28:44.000Z"
    },
    {
      "shortPath": "l2/petshop/organismAdminBookings.defs.ts",
      "versionRef": "45839ec1b0e1981977c21c94422bdbfbcdede98f",
      "Length": 1126,
      "update_at": "2025-08-08T13:40:58.000Z"
    },
    {
      "shortPath": "l2/petshop/organismAdminBookings.html",
      "versionRef": "aeb2a4a8ed50d889e19417d6fc0208bbd8dc444a",
      "Length": 83,
      "update_at": "2025-08-05T18:28:44.000Z"
    },
    {
      "shortPath": "l2/petshop/organismAdminBookings.less",
      "versionRef": "8124310a67875316139bf996a0d3e151ce480f4e",
      "Length": 2328,
      "update_at": "2025-08-05T18:28:44.000Z"
    },
    {
      "shortPath": "l2/petshop/organismAdminBookings.test.ts",
      "versionRef": "2c3914e59f0c143a0ba3454380410f5b79953ffd",
      "Length": 270,
      "update_at": "2025-08-05T18:28:44.000Z"
    },
    {
      "shortPath": "l2/petshop/organismAdminBookings.ts",
      "versionRef": "c59afaeb56e01fe48fa440a7a40133038204e5f4",
      "Length": 3965,
      "update_at": "2025-08-05T18:28:44.000Z"
    },
    {
      "shortPath": "l2/petshop/organismAdminContent.defs.ts",
      "versionRef": "a1d592a745ab6c7367f1574e7e6aa298cee20a9b",
      "Length": 1075,
      "update_at": "2025-08-08T13:40:58.000Z"
    },
    {
      "shortPath": "l2/petshop/organismAdminContent.html",
      "versionRef": "2bcdf12e53343b2a003103f181a2173465e7381f",
      "Length": 81,
      "update_at": "2025-08-05T18:28:44.000Z"
    },
    {
      "shortPath": "l2/petshop/organismAdminContent.less",
      "versionRef": "a01b47a8e83575e52ddc07efe10a73edbbbe4bf5",
      "Length": 2207,
      "update_at": "2025-08-05T18:28:44.000Z"
    },
    {
      "shortPath": "l2/petshop/organismAdminContent.test.ts",
      "versionRef": "dc595d1c6bb32556bc85663c5a1b2d94c326da5a",
      "Length": 269,
      "update_at": "2025-08-05T18:28:44.000Z"
    },
    {
      "shortPath": "l2/petshop/organismAdminContent.ts",
      "versionRef": "a3774d6de716361db51058a96003f66f9ee4c48c",
      "Length": 2161,
      "update_at": "2025-08-05T18:28:44.000Z"
    },
    {
      "shortPath": "l2/petshop/organismAdminDashboard.defs.ts",
      "versionRef": "c7209646240e59ecfd9f69df89057c0fa3ae64b9",
      "Length": 1099,
      "update_at": "2025-08-08T13:40:58.000Z"
    },
    {
      "shortPath": "l2/petshop/organismAdminDashboard.html",
      "versionRef": "810777ebcb23afcece925a03bc1f20dc43f1c30c",
      "Length": 85,
      "update_at": "2025-08-05T18:28:44.000Z"
    },
    {
      "shortPath": "l2/petshop/organismAdminDashboard.less",
      "versionRef": "485dae3a5361f7cb2b090150b0bdcd08d3479c8d",
      "Length": 1871,
      "update_at": "2025-08-05T18:28:44.000Z"
    },
    {
      "shortPath": "l2/petshop/organismAdminDashboard.test.ts",
      "versionRef": "e9ed017946eff63bf40179e982b78e628c53d744",
      "Length": 271,
      "update_at": "2025-08-05T18:28:44.000Z"
    },
    {
      "shortPath": "l2/petshop/organismAdminDashboard.ts",
      "versionRef": "c9e01ec7890a2b6c41451828c2b70c8d6babfac5",
      "Length": 3000,
      "update_at": "2025-08-05T18:28:44.000Z"
    },
    {
      "shortPath": "l2/petshop/organismAdminNav.defs.ts",
      "versionRef": "c541ec35aec6d9fba2f95a5417eb94f51c6bc94b",
      "Length": 1150,
      "update_at": "2025-08-08T13:40:58.000Z"
    },
    {
      "shortPath": "l2/petshop/organismAdminNav.html",
      "versionRef": "c295f5154102f299377a124c3b32aa0bdd708a67",
      "Length": 73,
      "update_at": "2025-08-05T18:28:44.000Z"
    },
    {
      "shortPath": "l2/petshop/organismAdminNav.less",
      "versionRef": "bf6194d43e4e250521f07280ac945866c629d587",
      "Length": 1938,
      "update_at": "2025-08-05T18:28:44.000Z"
    },
    {
      "shortPath": "l2/petshop/organismAdminNav.test.ts",
      "versionRef": "04ad1c00251a32140b1c2ed07dcb40c75f8f73e0",
      "Length": 265,
      "update_at": "2025-08-05T18:28:44.000Z"
    },
    {
      "shortPath": "l2/petshop/organismAdminNav.ts",
      "versionRef": "d4fbaf9a343a25bc43b274d7da343c5f3ced44eb",
      "Length": 2226,
      "update_at": "2025-08-05T18:28:44.000Z"
    },
    {
      "shortPath": "l2/petshop/organismAdminProducts.defs.ts",
      "versionRef": "63091a47466ae7fe6aea7184841627c0262b1b32",
      "Length": 1093,
      "update_at": "2025-08-08T13:40:58.000Z"
    },
    {
      "shortPath": "l2/petshop/organismAdminProducts.html",
      "versionRef": "2eaca0bb354847fe1023fd853f2948e88bfa3f81",
      "Length": 83,
      "update_at": "2025-08-05T18:28:44.000Z"
    },
    {
      "shortPath": "l2/petshop/organismAdminProducts.less",
      "versionRef": "27a13ca51e3e18946238d5326939ca4170eebd54",
      "Length": 3030,
      "update_at": "2025-08-05T18:28:44.000Z"
    },
    {
      "shortPath": "l2/petshop/organismAdminProducts.test.ts",
      "versionRef": "66c66596f34a6a9e913b849823197950508dcff4",
      "Length": 270,
      "update_at": "2025-08-05T18:28:44.000Z"
    },
    {
      "shortPath": "l2/petshop/organismAdminProducts.ts",
      "versionRef": "4bb86616eb9ae1d440d30c620021582358df6f99",
      "Length": 5361,
      "update_at": "2025-08-05T18:28:44.000Z"
    },
    {
      "shortPath": "l2/petshop/organismAdminSidebar.defs.ts",
      "versionRef": "810cbc3f54515177bfca1208756fe44db9eae621",
      "Length": 1104,
      "update_at": "2025-08-08T13:40:58.000Z"
    },
    {
      "shortPath": "l2/petshop/organismAdminSidebar.html",
      "versionRef": "327d7985af0b5b036f11e5bb71f130e872b61000",
      "Length": 81,
      "update_at": "2025-08-05T18:28:44.000Z"
    },
    {
      "shortPath": "l2/petshop/organismAdminSidebar.less",
      "versionRef": "22a3a733fddfdd942075a31c36ccf7e122f612ef",
      "Length": 2336,
      "update_at": "2025-08-05T18:28:44.000Z"
    },
    {
      "shortPath": "l2/petshop/organismAdminSidebar.test.ts",
      "versionRef": "11e9877e6d0058fe5c179169bf8e941cb2e4ff6d",
      "Length": 269,
      "update_at": "2025-08-05T18:28:44.000Z"
    },
    {
      "shortPath": "l2/petshop/organismAdminSidebar.ts",
      "versionRef": "93a6bbacaad9c5d2fa7306a401bb78ec22789d13",
      "Length": 2524,
      "update_at": "2025-08-05T18:28:44.000Z"
    },
    {
      "shortPath": "l2/petshop/organismBookingForm.defs.ts",
      "versionRef": "1d78bca379e4a366ec34c99a24459b698cae29da",
      "Length": 1528,
      "update_at": "2025-08-08T13:40:58.000Z"
    },
    {
      "shortPath": "l2/petshop/organismBookingForm.html",
      "versionRef": "9acf5c89d4d84ab1387470e5cea635f9be330818",
      "Length": 79,
      "update_at": "2025-08-05T18:28:44.000Z"
    },
    {
      "shortPath": "l2/petshop/organismBookingForm.less",
      "versionRef": "bb896897083d7b53bce47603b6855a167a2fc03c",
      "Length": 2369,
      "update_at": "2025-08-05T18:28:44.000Z"
    },
    {
      "shortPath": "l2/petshop/organismBookingForm.test.ts",
      "versionRef": "0c5a49a72ae3d17e785b6c6f4ca33c06d6cd5abb",
      "Length": 268,
      "update_at": "2025-08-05T18:28:44.000Z"
    },
    {
      "shortPath": "l2/petshop/organismBookingForm.ts",
      "versionRef": "12665c874c2be31b0a8c00bc913deafef1630bb3",
      "Length": 6189,
      "update_at": "2025-08-05T18:28:44.000Z"
    },
    {
      "shortPath": "l2/petshop/organismBookingInfo.defs.ts",
      "versionRef": "8af790963e1a1ff46570f97610d24c3a1eaaaf95",
      "Length": 1137,
      "update_at": "2025-08-08T13:40:58.000Z"
    },
    {
      "shortPath": "l2/petshop/organismBookingInfo.html",
      "versionRef": "04984c330e784aa36a86b0572f4b0d0a30195cc1",
      "Length": 79,
      "update_at": "2025-08-05T18:28:44.000Z"
    },
    {
      "shortPath": "l2/petshop/organismBookingInfo.less",
      "versionRef": "e7afca1d83431473d80a83027571408d8bce2d4d",
      "Length": 1191,
      "update_at": "2025-08-05T18:28:44.000Z"
    },
    {
      "shortPath": "l2/petshop/organismBookingInfo.test.ts",
      "versionRef": "b5ce65a03d3b9b566a2300b062fa0e6df9a533e1",
      "Length": 268,
      "update_at": "2025-08-05T18:28:44.000Z"
    },
    {
      "shortPath": "l2/petshop/organismBookingInfo.ts",
      "versionRef": "5fbf03bdfc5bf55512ad369af969768f4e13f6a4",
      "Length": 1411,
      "update_at": "2025-08-05T18:28:44.000Z"
    },
    {
      "shortPath": "l2/petshop/organismCartSummary.defs.ts",
      "versionRef": "f31d9f3c7cb9f49e22cba8fb30d1a1fe9f175c06",
      "Length": 1124,
      "update_at": "2025-08-08T13:40:58.000Z"
    },
    {
      "shortPath": "l2/petshop/organismCartSummary.html",
      "versionRef": "5d6935e16cc6aff49003dc793d30738f6163248a",
      "Length": 79,
      "update_at": "2025-08-05T18:28:44.000Z"
    },
    {
      "shortPath": "l2/petshop/organismCartSummary.less",
      "versionRef": "83b838b75feb1a96ed2107ae08340ed2cab3ae4f",
      "Length": 3935,
      "update_at": "2025-08-05T18:28:44.000Z"
    },
    {
      "shortPath": "l2/petshop/organismCartSummary.test.ts",
      "versionRef": "584b29fa640fc6d692760be473820b602f6914fc",
      "Length": 268,
      "update_at": "2025-08-05T18:28:44.000Z"
    },
    {
      "shortPath": "l2/petshop/organismCartSummary.ts",
      "versionRef": "bf2debf948cc58e556c1a271242707380fdb8480",
      "Length": 2919,
      "update_at": "2025-08-05T18:28:44.000Z"
    },
    {
      "shortPath": "l2/petshop/organismContactDetails.defs.ts",
      "versionRef": "c087651814d768502b6a21b4f084f58bb0b8447c",
      "Length": 1114,
      "update_at": "2025-08-08T13:40:58.000Z"
    },
    {
      "shortPath": "l2/petshop/organismContactDetails.html",
      "versionRef": "bd75f013af26d04ac3df3005f15d709e53e1b9f1",
      "Length": 85,
      "update_at": "2025-08-05T18:28:44.000Z"
    },
    {
      "shortPath": "l2/petshop/organismContactDetails.less",
      "versionRef": "7391f4a985ad4e7103ec727e02301e6aa05641ab",
      "Length": 1850,
      "update_at": "2025-08-05T18:28:44.000Z"
    },
    {
      "shortPath": "l2/petshop/organismContactDetails.test.ts",
      "versionRef": "7decc1dc00513442c35dae36cee32683e660e2fd",
      "Length": 271,
      "update_at": "2025-08-05T18:28:44.000Z"
    },
    {
      "shortPath": "l2/petshop/organismContactDetails.ts",
      "versionRef": "d3f44b54c3ba4e03ecaac7df59e90f5fc800e1d1",
      "Length": 5842,
      "update_at": "2025-08-05T18:28:44.000Z"
    },
    {
      "shortPath": "l2/petshop/organismContactForm.defs.ts",
      "versionRef": "633efcaa5f684207cf198e4f777c480659fd895c",
      "Length": 1105,
      "update_at": "2025-08-08T13:40:58.000Z"
    },
    {
      "shortPath": "l2/petshop/organismContactForm.html",
      "versionRef": "dc2061e83d62764f49da9c1ebafb996f616c5d39",
      "Length": 79,
      "update_at": "2025-08-05T18:28:44.000Z"
    },
    {
      "shortPath": "l2/petshop/organismContactForm.less",
      "versionRef": "4d357f089c3d4ee0fd56018eaa4af18434ff771f",
      "Length": 1923,
      "update_at": "2025-08-05T18:28:44.000Z"
    },
    {
      "shortPath": "l2/petshop/organismContactForm.test.ts",
      "versionRef": "ce5de567e5fceade2490c5d93d002959a5a2c3b8",
      "Length": 268,
      "update_at": "2025-08-05T18:28:44.000Z"
    },
    {
      "shortPath": "l2/petshop/organismContactForm.ts",
      "versionRef": "b2b0832fc65e65da9001d0f6b22363c261277553",
      "Length": 1478,
      "update_at": "2025-08-05T18:28:44.000Z"
    },
    {
      "shortPath": "l2/petshop/organismFeaturedProducts.defs.ts",
      "versionRef": "1957101e787e2376cd1a8e40aa7028dd043b5651",
      "Length": 1108,
      "update_at": "2025-08-08T13:40:58.000Z"
    },
    {
      "shortPath": "l2/petshop/organismFeaturedProducts.html",
      "versionRef": "201e56e45a32da5df4061bf7c61273ec8adc2650",
      "Length": 89,
      "update_at": "2025-08-05T18:28:44.000Z"
    },
    {
      "shortPath": "l2/petshop/organismFeaturedProducts.less",
      "versionRef": "6cda4bd5b17b341edf6eb52a03ad16c61ea92f4d",
      "Length": 2565,
      "update_at": "2025-08-05T18:28:44.000Z"
    },
    {
      "shortPath": "l2/petshop/organismFeaturedProducts.test.ts",
      "versionRef": "147ccefb3cabd67f041f864c17f920fbd683093f",
      "Length": 273,
      "update_at": "2025-08-05T18:28:44.000Z"
    },
    {
      "shortPath": "l2/petshop/organismFeaturedProducts.ts",
      "versionRef": "b9df12e059d2dddbdbb0bb93e76e027fa5d34fd3",
      "Length": 4640,
      "update_at": "2025-08-05T18:28:44.000Z"
    },
    {
      "shortPath": "l2/petshop/organismFeaturedServices.defs.ts",
      "versionRef": "9c6340591fb7311f178e27c902ea7ea8ab86fa0a",
      "Length": 1104,
      "update_at": "2025-08-08T13:40:58.000Z"
    },
    {
      "shortPath": "l2/petshop/organismFeaturedServices.html",
      "versionRef": "74ab9c8e38f39586526a5479e071d47b859334c6",
      "Length": 89,
      "update_at": "2025-08-05T18:28:44.000Z"
    },
    {
      "shortPath": "l2/petshop/organismFeaturedServices.less",
      "versionRef": "6aaeac3f439746b32e925c2e8dbaaf65b40b8a1d",
      "Length": 1997,
      "update_at": "2025-08-05T18:28:44.000Z"
    },
    {
      "shortPath": "l2/petshop/organismFeaturedServices.test.ts",
      "versionRef": "cdd1850faf4426b9e1d23f5216369ba4ba732f0c",
      "Length": 273,
      "update_at": "2025-08-05T18:28:44.000Z"
    },
    {
      "shortPath": "l2/petshop/organismFeaturedServices.ts",
      "versionRef": "e8e29c7fa9652f4a21ea061a7981c861bddcedbf",
      "Length": 3969,
      "update_at": "2025-08-05T18:28:44.000Z"
    },
    {
      "shortPath": "l2/petshop/organismFooterInfo.defs.ts",
      "versionRef": "f10e7cb11e3dedbd4f50f9a4934c71520923756e",
      "Length": 1138,
      "update_at": "2025-08-08T13:40:58.000Z"
    },
    {
      "shortPath": "l2/petshop/organismFooterInfo.html",
      "versionRef": "caf2202351e7d07dbc7e9419c269aa8eaa9599b5",
      "Length": 77,
      "update_at": "2025-08-05T18:28:44.000Z"
    },
    {
      "shortPath": "l2/petshop/organismFooterInfo.less",
      "versionRef": "d10f701ae7da0384b42c692c815faa5edc2968b6",
      "Length": 2435,
      "update_at": "2025-08-05T18:28:44.000Z"
    },
    {
      "shortPath": "l2/petshop/organismFooterInfo.test.ts",
      "versionRef": "a6e1b1baf2874ad49e0b1032c96eb5334e2d1d2f",
      "Length": 267,
      "update_at": "2025-08-05T18:28:44.000Z"
    },
    {
      "shortPath": "l2/petshop/organismFooterInfo.ts",
      "versionRef": "cd2e4a4ddb6395fed6337852323afdee2e25039d",
      "Length": 4760,
      "update_at": "2025-08-05T18:28:44.000Z"
    },
    {
      "shortPath": "l2/petshop/organismHeroBanner.defs.ts",
      "versionRef": "e2f4283b64e51d539778d1ab70168de72847c302",
      "Length": 1254,
      "update_at": "2025-08-08T13:40:58.000Z"
    },
    {
      "shortPath": "l2/petshop/organismHeroBanner.html",
      "versionRef": "aaa0c0e62299f828e7a75073309bc645ea4db698",
      "Length": 77,
      "update_at": "2025-08-05T18:28:44.000Z"
    },
    {
      "shortPath": "l2/petshop/organismHeroBanner.less",
      "versionRef": "7546afe1092ec06821cbe624ae253cd290aa40b6",
      "Length": 2105,
      "update_at": "2025-08-05T18:28:44.000Z"
    },
    {
      "shortPath": "l2/petshop/organismHeroBanner.test.ts",
      "versionRef": "11367c68fc1b4ba23f055acd8650aecd1fc31382",
      "Length": 267,
      "update_at": "2025-08-05T18:28:44.000Z"
    },
    {
      "shortPath": "l2/petshop/organismHeroBanner.ts",
      "versionRef": "c573de5e6a752b26f82b3dcc9b0aac6c74f36e8b",
      "Length": 1453,
      "update_at": "2025-08-05T18:28:44.000Z"
    },
    {
      "shortPath": "l2/petshop/organismNav.defs.ts",
      "versionRef": "f9a67743cf101c53febbb3fede0b515cb37959c4",
      "Length": 1467,
      "update_at": "2025-08-08T13:40:58.000Z"
    },
    {
      "shortPath": "l2/petshop/organismNav.html",
      "versionRef": "620de3895b9110fab1aab67185e79a887fe292f5",
      "Length": 61,
      "update_at": "2025-08-05T18:28:44.000Z"
    },
    {
      "shortPath": "l2/petshop/organismNav.less",
      "versionRef": "8f7a37f6e56c5f8051b0d27e6864459e44916ae0",
      "Length": 2240,
      "update_at": "2025-08-05T18:28:44.000Z"
    },
    {
      "shortPath": "l2/petshop/organismNav.test.ts",
      "versionRef": "64ebaf139230b9b10b9ba295a1e2f907ac57cd3a",
      "Length": 260,
      "update_at": "2025-08-05T18:28:44.000Z"
    },
    {
      "shortPath": "l2/petshop/organismNav.ts",
      "versionRef": "117ffa17935fdab17f7c82d66d360565b70f6183",
      "Length": 4071,
      "update_at": "2025-08-05T18:28:44.000Z"
    },
    {
      "shortPath": "l2/petshop/organismProductFilters.defs.ts",
      "versionRef": "21fb5ac3c5d83b0539c1f0bbe37ef17c5c7efce7",
      "Length": 1122,
      "update_at": "2025-08-08T13:40:58.000Z"
    },
    {
      "shortPath": "l2/petshop/organismProductFilters.html",
      "versionRef": "1dee2293e2eee3bad5450bc7c1ece8e4410b5e5f",
      "Length": 85,
      "update_at": "2025-08-05T18:28:44.000Z"
    },
    {
      "shortPath": "l2/petshop/organismProductFilters.less",
      "versionRef": "550da4d3b0e8cbaee6ee7bc6fd8e6457e9b2ed58",
      "Length": 2195,
      "update_at": "2025-08-05T18:28:44.000Z"
    },
    {
      "shortPath": "l2/petshop/organismProductFilters.test.ts",
      "versionRef": "65c61ecbb1fd519dd1802357fc5e6200ab0967e1",
      "Length": 271,
      "update_at": "2025-08-05T18:28:44.000Z"
    },
    {
      "shortPath": "l2/petshop/organismProductFilters.ts",
      "versionRef": "f990b7c55400f7da7dbfbecf59f867f4d3ccc017",
      "Length": 2852,
      "update_at": "2025-08-05T18:28:44.000Z"
    },
    {
      "shortPath": "l2/petshop/organismProductList.defs.ts",
      "versionRef": "c365711ad2aa3b80ea8bcf8b38e8c8cd05a4901d",
      "Length": 1111,
      "update_at": "2025-08-08T13:40:58.000Z"
    },
    {
      "shortPath": "l2/petshop/organismProductList.html",
      "versionRef": "7cf8d01c8a2f9a38a75e23cbdadfb973e1c678c8",
      "Length": 79,
      "update_at": "2025-08-05T18:28:44.000Z"
    },
    {
      "shortPath": "l2/petshop/organismProductList.less",
      "versionRef": "f5a38a08883a6f2270b068b8fd7b33e5c2e5d096",
      "Length": 2362,
      "update_at": "2025-08-05T18:28:44.000Z"
    },
    {
      "shortPath": "l2/petshop/organismProductList.test.ts",
      "versionRef": "16d1f27418d565925ada00638b93663cee53389f",
      "Length": 268,
      "update_at": "2025-08-05T18:28:44.000Z"
    },
    {
      "shortPath": "l2/petshop/organismProductList.ts",
      "versionRef": "fd7157ba55a776ffcbc95d44d91fdaf94c1330c2",
      "Length": 6161,
      "update_at": "2025-08-05T18:28:44.000Z"
    },
    {
      "shortPath": "l2/petshop/produtos.defs.ts",
      "versionRef": "032c940f4451050ea5c1eb74c85c4a7637541792",
      "Length": 3453,
      "update_at": "2025-08-05T18:28:44.000Z"
    },
    {
      "shortPath": "l2/petshop/produtos.html",
      "versionRef": "75e4ec6d2a0d00e2471f963fdc5a85ac459a5516",
      "Length": 800,
      "update_at": "2025-08-14T18:57:42.000Z"
    },
    {
      "shortPath": "l2/petshop/produtos.less",
      "versionRef": "eeb2c9ed666012d9dafef281c2b451e1c8b8c667",
      "Length": 1368,
      "update_at": "2025-08-05T18:28:44.000Z"
    },
    {
      "shortPath": "l2/petshop/produtos.test.ts",
      "versionRef": "e9ce994c543c7cd2c484fe5d49d9eae404c84eba",
      "Length": 257,
      "update_at": "2025-08-05T18:28:44.000Z"
    },
    {
      "shortPath": "l2/petshop/produtos.ts",
      "versionRef": "543b6098658f76ecf7cea9aad05b9ebd464e8729",
      "Length": 439,
      "update_at": "2025-08-05T18:28:44.000Z"
    },
    {
      "shortPath": "l2/project.defs.ts",
      "versionRef": "d3a4684e7bad41f2a6bc798cf2fd8baca0f668e3",
      "Length": 81,
      "update_at": "2025-08-08T13:40:58.000Z"
    },
    {
      "shortPath": "l2/project.html",
      "versionRef": "88a90cf32ef33346febb29387541246b1be9a2e0",
      "Length": 16,
      "update_at": "2025-08-08T13:40:58.000Z"
    },
    {
      "shortPath": "l2/project.less",
      "versionRef": "2f923890b7e9188a8f8a864740d305f6c24cc429",
      "Length": 133,
      "update_at": "2025-08-15T21:03:25.000Z"
    },
    {
      "shortPath": "l2/project.test.ts",
      "versionRef": "718f5d9b060e714beca0def108663dbc07c05435",
      "Length": 250,
      "update_at": "2025-08-08T13:40:58.000Z"
    },
    {
      "shortPath": "l2/project.ts",
      "versionRef": "3aaa407ba08f5706cfeff37ba554f7d2b4ef1656",
      "Length": 257,
      "update_at": "2025-09-19T17:22:28.000Z"
    },
    {
      "shortPath": "l2/travel/home.defs.ts",
      "versionRef": "583c707421f377614851debde91baff51fce3299",
      "Length": 4239,
      "update_at": "2025-08-15T21:03:25.000Z"
    },
    {
      "shortPath": "l2/travel/home.html",
      "versionRef": "7b14732496944585c3e69b61f2adec68de2d86c3",
      "Length": 742,
      "update_at": "2025-08-15T21:03:25.000Z"
    },
    {
      "shortPath": "l2/travel/home.less",
      "versionRef": "0d0554b8d3626a2ae823e37b68f731280d9d5875",
      "Length": 586,
      "update_at": "2025-08-15T21:03:25.000Z"
    },
    {
      "shortPath": "l2/travel/home.test.ts",
      "versionRef": "a6267a9106ef0cfbaf6a5015abb8bd4aee1b68be",
      "Length": 252,
      "update_at": "2025-08-15T21:03:25.000Z"
    },
    {
      "shortPath": "l2/travel/home.ts",
      "versionRef": "2f108f758f938d849554d1b023b1aa283ce7e109",
      "Length": 423,
      "update_at": "2025-08-15T21:03:25.000Z"
    },
    {
      "shortPath": "l2/travel/loginRegister.defs.ts",
      "versionRef": "a6fe6794a784e96246d146be9fdd7feba008ee18",
      "Length": 2217,
      "update_at": "2025-08-15T21:03:25.000Z"
    },
    {
      "shortPath": "l2/travel/loginRegister.html",
      "versionRef": "f33ea55f9c12b0428fc03968133487ea0c798abe",
      "Length": 791,
      "update_at": "2025-08-15T21:03:25.000Z"
    },
    {
      "shortPath": "l2/travel/loginRegister.less",
      "versionRef": "c08e61827f6e388f94edea074be9c063f5dbed8a",
      "Length": 160,
      "update_at": "2025-08-15T21:03:25.000Z"
    },
    {
      "shortPath": "l2/travel/loginRegister.test.ts",
      "versionRef": "f4c83899b747751c297b71da0499af63a0a4544d",
      "Length": 261,
      "update_at": "2025-08-15T21:03:25.000Z"
    },
    {
      "shortPath": "l2/travel/loginRegister.ts",
      "versionRef": "b2f3c88d2b5174eb7e36e57578d185856d805671",
      "Length": 451,
      "update_at": "2025-08-15T21:03:25.000Z"
    },
    {
      "shortPath": "l2/travel/module.defs.ts",
      "versionRef": "7af998dc67f4b07a95edb1fa1c97207d6b3b82a7",
      "Length": 86,
      "update_at": "2025-08-15T21:03:25.000Z"
    },
    {
      "shortPath": "l2/travel/module.html",
      "versionRef": "6e54754ae6e62592cfb1ba96840c597443af8605",
      "Length": 15,
      "update_at": "2025-08-15T21:03:25.000Z"
    },
    {
      "shortPath": "l2/travel/module.less",
      "versionRef": "92cd7883f98047499fe296a8f3a580a1085efd05",
      "Length": 145,
      "update_at": "2025-08-15T21:03:25.000Z"
    },
    {
      "shortPath": "l2/travel/module.test.ts",
      "versionRef": "43edab866c395184901c19dba566e375a26d4453",
      "Length": 254,
      "update_at": "2025-08-15T21:03:25.000Z"
    },
    {
      "shortPath": "l2/travel/module.ts",
      "versionRef": "769781070ee465aaf02383b226598d837cb4116f",
      "Length": 30204,
      "update_at": "2025-08-15T21:03:25.000Z"
    },
    {
      "shortPath": "l2/travel/organismAboutSection.defs.ts",
      "versionRef": "91d78c0dbc629a674b5bc59d1c17a963dcc42d37",
      "Length": 1078,
      "update_at": "2025-08-15T21:03:25.000Z"
    },
    {
      "shortPath": "l2/travel/organismAboutSection.html",
      "versionRef": "685b85e35e2dfe415b6474ac415ce8a26637b6d3",
      "Length": 79,
      "update_at": "2025-08-15T21:03:25.000Z"
    },
    {
      "shortPath": "l2/travel/organismAboutSection.less",
      "versionRef": "8f45bac6501f1c6e16793a14a50b5e79ec21ecb9",
      "Length": 1805,
      "update_at": "2025-08-15T21:03:25.000Z"
    },
    {
      "shortPath": "l2/travel/organismAboutSection.test.ts",
      "versionRef": "fb935d3f8501d646947d0593db584abb51496d23",
      "Length": 268,
      "update_at": "2025-08-15T21:03:25.000Z"
    },
    {
      "shortPath": "l2/travel/organismAboutSection.ts",
      "versionRef": "2b2220ae8040dd1b3e4f6754b9517bdc812e9e80",
      "Length": 1999,
      "update_at": "2025-08-15T21:03:25.000Z"
    },
    {
      "shortPath": "l2/travel/organismFeaturedPackages.defs.ts",
      "versionRef": "b565903a1be59aaa9db5f5d1f804d664ddc89f13",
      "Length": 1089,
      "update_at": "2025-08-15T21:03:25.000Z"
    },
    {
      "shortPath": "l2/travel/organismFeaturedPackages.html",
      "versionRef": "3bde9c0a64552923f66bc712fad759a27df9a329",
      "Length": 87,
      "update_at": "2025-08-15T21:03:25.000Z"
    },
    {
      "shortPath": "l2/travel/organismFeaturedPackages.less",
      "versionRef": "7e96632af7427b51c7e12087c222ac81072972fe",
      "Length": 2468,
      "update_at": "2025-08-15T21:03:25.000Z"
    },
    {
      "shortPath": "l2/travel/organismFeaturedPackages.test.ts",
      "versionRef": "1ae7f4dc533f77c4a3ff3b9ac1aa0536a70693f2",
      "Length": 272,
      "update_at": "2025-08-15T21:03:25.000Z"
    },
    {
      "shortPath": "l2/travel/organismFeaturedPackages.ts",
      "versionRef": "1b12461bae299a9ecb0208252dadff575c58bad6",
      "Length": 3931,
      "update_at": "2025-08-15T21:03:25.000Z"
    },
    {
      "shortPath": "l2/travel/organismFilterPanel.defs.ts",
      "versionRef": "c4a493f7dbab99af673b63d94bd1ce90bf5cbe8e",
      "Length": 1092,
      "update_at": "2025-08-15T21:03:25.000Z"
    },
    {
      "shortPath": "l2/travel/organismFilterPanel.html",
      "versionRef": "217d51b61f293bc882157ac0eb39e753910966c2",
      "Length": 77,
      "update_at": "2025-08-15T21:03:25.000Z"
    },
    {
      "shortPath": "l2/travel/organismFilterPanel.less",
      "versionRef": "18e23432dd8dc217c48e2053ec99a875c7ddf11a",
      "Length": 2800,
      "update_at": "2025-08-15T21:03:25.000Z"
    },
    {
      "shortPath": "l2/travel/organismFilterPanel.test.ts",
      "versionRef": "c55fcafce1900696f2cf919b5439a7e437049f38",
      "Length": 267,
      "update_at": "2025-08-15T21:03:25.000Z"
    },
    {
      "shortPath": "l2/travel/organismFilterPanel.ts",
      "versionRef": "7e0950695281a815dfa2102eec109353f7d44de4",
      "Length": 3708,
      "update_at": "2025-08-15T21:03:25.000Z"
    },
    {
      "shortPath": "l2/travel/organismFooterInfo.defs.ts",
      "versionRef": "92f9670b81bf530ae37e6b4821ed3ca2857de41c",
      "Length": 1090,
      "update_at": "2025-08-15T21:03:25.000Z"
    },
    {
      "shortPath": "l2/travel/organismFooterInfo.html",
      "versionRef": "1ba9bf56318fc3a23bdbd0ef0dea29492c1c5d3c",
      "Length": 75,
      "update_at": "2025-08-15T21:03:25.000Z"
    },
    {
      "shortPath": "l2/travel/organismFooterInfo.less",
      "versionRef": "fbfee10d4297d3ea62bc3ac0b42d4262d22423c8",
      "Length": 2384,
      "update_at": "2025-08-15T21:03:25.000Z"
    },
    {
      "shortPath": "l2/travel/organismFooterInfo.test.ts",
      "versionRef": "10dfb948e5214e424faa7d202105c6078b92debd",
      "Length": 266,
      "update_at": "2025-08-15T21:03:25.000Z"
    },
    {
      "shortPath": "l2/travel/organismFooterInfo.ts",
      "versionRef": "52d01502f12d8f82851cd82f46cf98b87f0b2bed",
      "Length": 3653,
      "update_at": "2025-08-15T21:03:25.000Z"
    },
    {
      "shortPath": "l2/travel/organismHeroBanner.defs.ts",
      "versionRef": "8bda0f36fd431797adf1d41ba574f7e3ec9f6e8b",
      "Length": 1170,
      "update_at": "2025-08-15T21:03:25.000Z"
    },
    {
      "shortPath": "l2/travel/organismHeroBanner.html",
      "versionRef": "66e27c2c02902a72487de9477bcd78b2fdd7f711",
      "Length": 75,
      "update_at": "2025-08-15T21:03:25.000Z"
    },
    {
      "shortPath": "l2/travel/organismHeroBanner.less",
      "versionRef": "d1bd27e413294f8abd48eac885334d0d5513e804",
      "Length": 2116,
      "update_at": "2025-08-15T21:03:25.000Z"
    },
    {
      "shortPath": "l2/travel/organismHeroBanner.test.ts",
      "versionRef": "e960469db5653a96287f0ba76d379b8765f6ab82",
      "Length": 266,
      "update_at": "2025-08-15T21:03:25.000Z"
    },
    {
      "shortPath": "l2/travel/organismHeroBanner.ts",
      "versionRef": "7edabecb6cf6029bb1b794a4fe15d13123fa9324",
      "Length": 1430,
      "update_at": "2025-08-15T21:03:25.000Z"
    },
    {
      "shortPath": "l2/travel/organismLoginForm.defs.ts",
      "versionRef": "da4211c35e7ef4885723fa287b56e27de213a5bf",
      "Length": 1041,
      "update_at": "2025-08-15T21:03:25.000Z"
    },
    {
      "shortPath": "l2/travel/organismLoginForm.html",
      "versionRef": "2f36de4b84839f1757abed0e34e542423bb3ab55",
      "Length": 73,
      "update_at": "2025-08-15T21:03:25.000Z"
    },
    {
      "shortPath": "l2/travel/organismLoginForm.less",
      "versionRef": "3cacc90d23436e1c0ec9465f070d885af8797d70",
      "Length": 2367,
      "update_at": "2025-08-15T21:03:25.000Z"
    },
    {
      "shortPath": "l2/travel/organismLoginForm.test.ts",
      "versionRef": "da9ad468c0336fce689cf0a4055c3115ab39c69a",
      "Length": 265,
      "update_at": "2025-08-15T21:03:25.000Z"
    },
    {
      "shortPath": "l2/travel/organismLoginForm.ts",
      "versionRef": "0abaa32f42e02e487439080eae722d52b8c6661d",
      "Length": 1606,
      "update_at": "2025-08-15T21:03:25.000Z"
    },
    {
      "shortPath": "l2/travel/organismNav.defs.ts",
      "versionRef": "2e8afdccdf9be2c9f0b752ecb04d7d306301d942",
      "Length": 1477,
      "update_at": "2025-08-15T21:03:25.000Z"
    },
    {
      "shortPath": "l2/travel/organismNav.html",
      "versionRef": "089c8a707755253f74b4636d83c80f2d19e7c571",
      "Length": 59,
      "update_at": "2025-08-15T21:03:25.000Z"
    },
    {
      "shortPath": "l2/travel/organismNav.less",
      "versionRef": "5463f0d28ee6546fac511f561116da7c19f5619e",
      "Length": 2565,
      "update_at": "2025-08-15T21:03:25.000Z"
    },
    {
      "shortPath": "l2/travel/organismNav.test.ts",
      "versionRef": "67600310200b029dbe82a91aa49c9bbe8bff22c2",
      "Length": 259,
      "update_at": "2025-08-15T21:03:25.000Z"
    },
    {
      "shortPath": "l2/travel/organismNav.ts",
      "versionRef": "595ae23f93ea107746d5ee7c142bc43af7e45676",
      "Length": 1888,
      "update_at": "2025-08-15T21:03:25.000Z"
    },
    {
      "shortPath": "l2/travel/organismPackageDetails.defs.ts",
      "versionRef": "3a8146b17510a84922bcf6567c3ea98f2c0307ee",
      "Length": 1079,
      "update_at": "2025-08-15T21:03:25.000Z"
    },
    {
      "shortPath": "l2/travel/organismPackageDetails.html",
      "versionRef": "4b480db012f145a440cae40ecd1864fe2030e1ae",
      "Length": 83,
      "update_at": "2025-08-15T21:03:25.000Z"
    },
    {
      "shortPath": "l2/travel/organismPackageDetails.less",
      "versionRef": "217bb652722a28594bec0e8d54fa18d82c7c1c20",
      "Length": 2788,
      "update_at": "2025-08-15T21:03:25.000Z"
    },
    {
      "shortPath": "l2/travel/organismPackageDetails.test.ts",
      "versionRef": "76f8c552c570163ae505b8c7286aace1685b318a",
      "Length": 270,
      "update_at": "2025-08-15T21:03:25.000Z"
    },
    {
      "shortPath": "l2/travel/organismPackageDetails.ts",
      "versionRef": "732d139116011a04ff50f6c7043956c6e62fe342",
      "Length": 4237,
      "update_at": "2025-08-15T21:03:25.000Z"
    },
    {
      "shortPath": "l2/travel/organismPackageList.defs.ts",
      "versionRef": "9777657f58daa56d29258de70df546368b372516",
      "Length": 1093,
      "update_at": "2025-08-15T21:03:25.000Z"
    },
    {
      "shortPath": "l2/travel/organismPackageList.html",
      "versionRef": "55276e0ed11e0079611cbd3214de3a404cb2f4f1",
      "Length": 77,
      "update_at": "2025-08-15T21:03:25.000Z"
    },
    {
      "shortPath": "l2/travel/organismPackageList.less",
      "versionRef": "f9d8ea9908c5ee089df3d2ef04ecaf4cc2386023",
      "Length": 3801,
      "update_at": "2025-08-15T21:03:25.000Z"
    },
    {
      "shortPath": "l2/travel/organismPackageList.test.ts",
      "versionRef": "38e92b37feae64d9a576d40596f885205cd87fd0",
      "Length": 267,
      "update_at": "2025-08-15T21:03:25.000Z"
    },
    {
      "shortPath": "l2/travel/organismPackageList.ts",
      "versionRef": "bbd42372fda7adbfe5a2940ef15fc117157e16ca",
      "Length": 7185,
      "update_at": "2025-08-15T21:03:25.000Z"
    },
    {
      "shortPath": "l2/travel/organismPasswordRecovery.defs.ts",
      "versionRef": "52029855b0e6c52ab733d51cfbe97a1fff353650",
      "Length": 1080,
      "update_at": "2025-08-15T21:03:25.000Z"
    },
    {
      "shortPath": "l2/travel/organismPasswordRecovery.html",
      "versionRef": "fcd745af445f1adaf7973edf04a41c1cf75c62c7",
      "Length": 87,
      "update_at": "2025-08-15T21:03:25.000Z"
    },
    {
      "shortPath": "l2/travel/organismPasswordRecovery.less",
      "versionRef": "8afcdfeb0436676cff9334fb88504ce3ded750a3",
      "Length": 2071,
      "update_at": "2025-08-15T21:03:25.000Z"
    },
    {
      "shortPath": "l2/travel/organismPasswordRecovery.test.ts",
      "versionRef": "372a087b19436726f0e8bfae643ce52021bf8ae5",
      "Length": 272,
      "update_at": "2025-08-15T21:03:25.000Z"
    },
    {
      "shortPath": "l2/travel/organismPasswordRecovery.ts",
      "versionRef": "96208c8430e40be0d981985d583825550b66e6e1",
      "Length": 1230,
      "update_at": "2025-08-15T21:03:25.000Z"
    },
    {
      "shortPath": "l2/travel/organismPaymentStatus.defs.ts",
      "versionRef": "d682ad6dad2f897138ffeb0b3ec905d489686183",
      "Length": 1097,
      "update_at": "2025-08-15T21:03:25.000Z"
    },
    {
      "shortPath": "l2/travel/organismPaymentStatus.html",
      "versionRef": "281f9b57920cd4c6d1d200e2e0b63b61ecea3fad",
      "Length": 81,
      "update_at": "2025-08-15T21:03:25.000Z"
    },
    {
      "shortPath": "l2/travel/organismPaymentStatus.less",
      "versionRef": "fbf3f978881d27e329b5a3e64c15fa84340a32e3",
      "Length": 1484,
      "update_at": "2025-08-15T21:03:25.000Z"
    },
    {
      "shortPath": "l2/travel/organismPaymentStatus.test.ts",
      "versionRef": "40603a14379058e23a4d557b7de353a583095257",
      "Length": 269,
      "update_at": "2025-08-15T21:03:25.000Z"
    },
    {
      "shortPath": "l2/travel/organismPaymentStatus.ts",
      "versionRef": "6fdc7842bd5d97303023bf93fc20ef0a85fb00e0",
      "Length": 2078,
      "update_at": "2025-08-15T21:03:25.000Z"
    },
    {
      "shortPath": "l2/travel/organismRegisterForm.defs.ts",
      "versionRef": "ced1838fec32b0f401f3a1a8604392799a021aea",
      "Length": 1053,
      "update_at": "2025-08-15T21:03:25.000Z"
    },
    {
      "shortPath": "l2/travel/organismRegisterForm.html",
      "versionRef": "b4b039d409d3d9d9bb358f89baa8f87948f63c65",
      "Length": 79,
      "update_at": "2025-08-15T21:03:25.000Z"
    },
    {
      "shortPath": "l2/travel/organismRegisterForm.less",
      "versionRef": "ddb4d50b14b6a9481d0f34e63eb38a373c22d1a1",
      "Length": 2114,
      "update_at": "2025-08-15T21:21:57.000Z"
    },
    {
      "shortPath": "l2/travel/organismRegisterForm.test.ts",
      "versionRef": "ba86e31b575820bbe039c3e46fc191ebf100e483",
      "Length": 268,
      "update_at": "2025-08-15T21:03:25.000Z"
    },
    {
      "shortPath": "l2/travel/organismRegisterForm.ts",
      "versionRef": "a58cc02346a8b767755102ba93f45189b62aa835",
      "Length": 1807,
      "update_at": "2025-08-15T21:03:25.000Z"
    },
    {
      "shortPath": "l2/travel/organismReservationCta.defs.ts",
      "versionRef": "11bff4f975c751c3f81d76c937476d1bb7b7339d",
      "Length": 1088,
      "update_at": "2025-08-15T21:03:25.000Z"
    },
    {
      "shortPath": "l2/travel/organismReservationCta.html",
      "versionRef": "b4a728fd3a39c50c73de6e7a7e80a7f9932b56fd",
      "Length": 83,
      "update_at": "2025-08-15T21:03:25.000Z"
    },
    {
      "shortPath": "l2/travel/organismReservationCta.less",
      "versionRef": "8a573bf2089110e347390ae8528f8062a8cc1dfc",
      "Length": 1705,
      "update_at": "2025-08-15T21:03:25.000Z"
    },
    {
      "shortPath": "l2/travel/organismReservationCta.test.ts",
      "versionRef": "6f40743eff53c37bca56832835dcd98f290d1ebc",
      "Length": 270,
      "update_at": "2025-08-15T21:03:25.000Z"
    },
    {
      "shortPath": "l2/travel/organismReservationCta.ts",
      "versionRef": "a8f8235787a6d2af0b7f64fa1678b8497e93ef7b",
      "Length": 938,
      "update_at": "2025-08-15T21:03:25.000Z"
    },
    {
      "shortPath": "l2/travel/organismReservationForm.defs.ts",
      "versionRef": "28834efdcb00360e00d6d478556f349e85c9bcab",
      "Length": 1105,
      "update_at": "2025-08-15T21:03:25.000Z"
    },
    {
      "shortPath": "l2/travel/organismReservationForm.html",
      "versionRef": "ef0987c6979fe5470b3faacc80c411ff3cba5a0f",
      "Length": 85,
      "update_at": "2025-08-15T21:03:25.000Z"
    },
    {
      "shortPath": "l2/travel/organismReservationForm.less",
      "versionRef": "8f0c3e91094c1da3c19a0cf6ca790cd06c9d84ad",
      "Length": 2842,
      "update_at": "2025-08-15T21:03:25.000Z"
    },
    {
      "shortPath": "l2/travel/organismReservationForm.test.ts",
      "versionRef": "73c68c2219bf3abe353627114232d6cf24fb5fb9",
      "Length": 271,
      "update_at": "2025-08-15T21:03:25.000Z"
    },
    {
      "shortPath": "l2/travel/organismReservationForm.ts",
      "versionRef": "3ba7065a4b8d6fab881099a5191cbb4ed4f20037",
      "Length": 4145,
      "update_at": "2025-08-15T21:03:25.000Z"
    },
    {
      "shortPath": "l2/travel/organismReviewForm.defs.ts",
      "versionRef": "e001e63fe22bd243bcfc513708c8f811a756e6e3",
      "Length": 1191,
      "update_at": "2025-08-15T21:03:25.000Z"
    },
    {
      "shortPath": "l2/travel/organismReviewForm.html",
      "versionRef": "73c856ca86cc617bb0ce76a1ee46bc83a7d6949a",
      "Length": 75,
      "update_at": "2025-08-15T21:03:25.000Z"
    },
    {
      "shortPath": "l2/travel/organismReviewForm.less",
      "versionRef": "6287ade57d7b54ebc4545d407bf7680539bb4613",
      "Length": 2336,
      "update_at": "2025-08-15T21:03:25.000Z"
    },
    {
      "shortPath": "l2/travel/organismReviewForm.test.ts",
      "versionRef": "0f9b683aeb0c5c1e5667f71dc9920b6c74bf1052",
      "Length": 266,
      "update_at": "2025-08-15T21:03:25.000Z"
    },
    {
      "shortPath": "l2/travel/organismReviewForm.ts",
      "versionRef": "d22e1e08be79c6e3d478528400f4d4ba4df67438",
      "Length": 2635,
      "update_at": "2025-08-15T21:03:25.000Z"
    },
    {
      "shortPath": "l2/travel/organismReviewsList.defs.ts",
      "versionRef": "b43e2460b4741c3703b62d7cf995bcebd3bb353d",
      "Length": 1089,
      "update_at": "2025-08-15T21:03:25.000Z"
    },
    {
      "shortPath": "l2/travel/organismReviewsList.html",
      "versionRef": "4572c725be7aebe39e30edbd0be7e341c5c5799b",
      "Length": 77,
      "update_at": "2025-08-15T21:03:25.000Z"
    },
    {
      "shortPath": "l2/travel/organismReviewsList.less",
      "versionRef": "ca0e5ea1560f3916f4d27423e1102fc9e302bb73",
      "Length": 1486,
      "update_at": "2025-08-15T21:03:25.000Z"
    },
    {
      "shortPath": "l2/travel/organismReviewsList.test.ts",
      "versionRef": "b7fa6ad2e3230bd14f1622ef373fbc88335adb55",
      "Length": 267,
      "update_at": "2025-08-15T21:03:25.000Z"
    },
    {
      "shortPath": "l2/travel/organismReviewsList.ts",
      "versionRef": "a5c03a900b27a477ba221e807aba7687a25b0e29",
      "Length": 2558,
      "update_at": "2025-08-15T21:03:25.000Z"
    },
    {
      "shortPath": "l2/travel/organismSearchBar.defs.ts",
      "versionRef": "5014480273a6943f5984922b716298beccab7d1a",
      "Length": 1131,
      "update_at": "2025-08-15T21:03:25.000Z"
    },
    {
      "shortPath": "l2/travel/organismSearchBar.html",
      "versionRef": "d4b8e30543ad0c829d917326a26d092ee05ef6d6",
      "Length": 73,
      "update_at": "2025-08-15T21:03:25.000Z"
    },
    {
      "shortPath": "l2/travel/organismSearchBar.less",
      "versionRef": "67e521568f78d3b81499a7f833b1a12777946449",
      "Length": 1894,
      "update_at": "2025-08-15T21:03:25.000Z"
    },
    {
      "shortPath": "l2/travel/organismSearchBar.test.ts",
      "versionRef": "30005f8fcbc7eea7620aa8017b8f35dee022f1f6",
      "Length": 265,
      "update_at": "2025-08-15T21:03:25.000Z"
    },
    {
      "shortPath": "l2/travel/organismSearchBar.ts",
      "versionRef": "111c7cae35702987e5623fefd3b02b69f501352a",
      "Length": 1182,
      "update_at": "2025-08-15T21:03:25.000Z"
    },
    {
      "shortPath": "l2/travel/organismUserProfile.defs.ts",
      "versionRef": "17a96544fd4c73e585f98f2864cc75c7473c9555",
      "Length": 1081,
      "update_at": "2025-08-15T21:03:25.000Z"
    },
    {
      "shortPath": "l2/travel/organismUserProfile.html",
      "versionRef": "e38d7cb768fd72f6cd41dc4f5dcf688b1dfe13da",
      "Length": 77,
      "update_at": "2025-08-15T21:03:25.000Z"
    },
    {
      "shortPath": "l2/travel/organismUserProfile.less",
      "versionRef": "d3682a138ab3105e8e9882517d06c9210ac1c14a",
      "Length": 3000,
      "update_at": "2025-08-15T21:03:25.000Z"
    },
    {
      "shortPath": "l2/travel/organismUserProfile.test.ts",
      "versionRef": "0683e88bd8b11c707073b2fe8e4a1d2901c385fe",
      "Length": 267,
      "update_at": "2025-08-15T21:03:25.000Z"
    },
    {
      "shortPath": "l2/travel/organismUserProfile.ts",
      "versionRef": "32570a46a6d497f18134a440cdf2dddc1ace672b",
      "Length": 2356,
      "update_at": "2025-08-15T21:03:25.000Z"
    },
    {
      "shortPath": "l2/travel/organismUserReservations.defs.ts",
      "versionRef": "4e5fe19aad77939d2825f1e8a1aea1d0583dbe93",
      "Length": 1092,
      "update_at": "2025-08-15T21:03:25.000Z"
    },
    {
      "shortPath": "l2/travel/organismUserReservations.html",
      "versionRef": "a8ea9bc0008c014088c9b12b929d15cd826e7234",
      "Length": 87,
      "update_at": "2025-08-15T21:03:25.000Z"
    },
    {
      "shortPath": "l2/travel/organismUserReservations.less",
      "versionRef": "e88c7bd3eb6b42a92bf5c62efaa7f74c609d6df9",
      "Length": 2994,
      "update_at": "2025-08-15T21:03:25.000Z"
    },
    {
      "shortPath": "l2/travel/organismUserReservations.test.ts",
      "versionRef": "be0d3fcd8db11b2e45c38933f9c1239e4e67899c",
      "Length": 272,
      "update_at": "2025-08-15T21:03:25.000Z"
    },
    {
      "shortPath": "l2/travel/organismUserReservations.ts",
      "versionRef": "4e4523e0ed78c83f7e273ff4e35091316b9e72f1",
      "Length": 4941,
      "update_at": "2025-08-15T21:03:25.000Z"
    },
    {
      "shortPath": "l2/travel/packageDetails.defs.ts",
      "versionRef": "dca887af56fe9a478f0035341fa375e096e6c420",
      "Length": 3318,
      "update_at": "2025-08-15T21:03:25.000Z"
    },
    {
      "shortPath": "l2/travel/packageDetails.html",
      "versionRef": "895958d307f4742bfdd15a9efdcb6b8d110cb3ca",
      "Length": 869,
      "update_at": "2025-08-15T21:03:25.000Z"
    },
    {
      "shortPath": "l2/travel/packageDetails.less",
      "versionRef": "7cbfeeda3b79fe5de2e113ab8cd8626e6ec46ba2",
      "Length": 698,
      "update_at": "2025-08-15T21:03:25.000Z"
    },
    {
      "shortPath": "l2/travel/packageDetails.test.ts",
      "versionRef": "269ebdadb226e576d9b32839f28a4fcf228901f2",
      "Length": 262,
      "update_at": "2025-08-15T21:03:25.000Z"
    },
    {
      "shortPath": "l2/travel/packageDetails.ts",
      "versionRef": "4c95f29682e58f8425694184294c907be21570d3",
      "Length": 454,
      "update_at": "2025-08-15T21:03:25.000Z"
    },
    {
      "shortPath": "l2/travel/reservation.defs.ts",
      "versionRef": "13e223fbf71d838b32bbff401e501d1479c6fa36",
      "Length": 2640,
      "update_at": "2025-08-15T21:03:25.000Z"
    },
    {
      "shortPath": "l2/travel/reservation.html",
      "versionRef": "af3558cbd7474ba48ba98e8abc5ea38e7994fa79",
      "Length": 600,
      "update_at": "2025-08-15T21:03:25.000Z"
    },
    {
      "shortPath": "l2/travel/reservation.less",
      "versionRef": "80b1012bb8fc675e8be980574e24b5273e988ecb",
      "Length": 910,
      "update_at": "2025-08-15T21:03:25.000Z"
    },
    {
      "shortPath": "l2/travel/reservation.test.ts",
      "versionRef": "7c94d811511bb3e3a7b2e200f88630ef55ef5c3e",
      "Length": 259,
      "update_at": "2025-08-15T21:03:25.000Z"
    },
    {
      "shortPath": "l2/travel/reservation.ts",
      "versionRef": "2c89a337ed06c5a43717c2d989ede5429ec979b6",
      "Length": 444,
      "update_at": "2025-08-15T21:03:25.000Z"
    },
    {
      "shortPath": "l2/travel/searchResults.defs.ts",
      "versionRef": "79ee6b857e8f4f9638e7959d708b6b94d32a7cb1",
      "Length": 2856,
      "update_at": "2025-08-15T21:03:25.000Z"
    },
    {
      "shortPath": "l2/travel/searchResults.html",
      "versionRef": "a5f0b831bc1bf4962fdc6b95860d7c4139a598a5",
      "Length": 630,
      "update_at": "2025-08-15T21:03:25.000Z"
    },
    {
      "shortPath": "l2/travel/searchResults.less",
      "versionRef": "37a9fd5b033c924b900705dcf48c957d9f8276f1",
      "Length": 160,
      "update_at": "2025-08-15T21:03:25.000Z"
    },
    {
      "shortPath": "l2/travel/searchResults.test.ts",
      "versionRef": "156e68d64d2364278c9fce11e4e6e3c1ff378b4e",
      "Length": 261,
      "update_at": "2025-08-15T21:03:25.000Z"
    },
    {
      "shortPath": "l2/travel/searchResults.ts",
      "versionRef": "d59d6b233b64d01fb40ae94bd5fb31f609d737c9",
      "Length": 451,
      "update_at": "2025-08-15T21:03:25.000Z"
    },
    {
      "shortPath": "l2/travel/userProfile.defs.ts",
      "versionRef": "8c3dcb1efe1f0c369ae625f84df34bb25d5847c2",
      "Length": 2849,
      "update_at": "2025-08-15T21:03:25.000Z"
    },
    {
      "shortPath": "l2/travel/userProfile.html",
      "versionRef": "6aadacd3dc36941bd2dbaf60c3d4d8c70a214cb8",
      "Length": 605,
      "update_at": "2025-08-15T21:03:25.000Z"
    },
    {
      "shortPath": "l2/travel/userProfile.less",
      "versionRef": "020db4ce3ce27048f33a7f38e565614cf5dae7fe",
      "Length": 806,
      "update_at": "2025-08-15T21:03:25.000Z"
    },
    {
      "shortPath": "l2/travel/userProfile.test.ts",
      "versionRef": "6e38086fb7589b61916538a3d197fbaef51ade0b",
      "Length": 259,
      "update_at": "2025-08-15T21:03:25.000Z"
    },
    {
      "shortPath": "l2/travel/userProfile.ts",
      "versionRef": "586572ae7996bdf4fd0d2740243229cc2fe72c2c",
      "Length": 445,
      "update_at": "2025-08-15T21:03:25.000Z"
    },
    {
      "shortPath": "l2/travelagency/adminDashboard.defs.ts",
      "versionRef": "ce56361585fdc4d75e60a36ddd606436a916193c",
      "Length": 3415,
      "update_at": "2025-08-15T21:03:25.000Z"
    },
    {
      "shortPath": "l2/travelagency/adminDashboard.html",
      "versionRef": "bc89234eead8108392b8b477e07e933cdbdb42f1",
      "Length": 1197,
      "update_at": "2025-08-15T21:03:25.000Z"
    },
    {
      "shortPath": "l2/travelagency/adminDashboard.less",
      "versionRef": "28d0b7eba676f2306af25dfeb72a031a8581ee2d",
      "Length": 1329,
      "update_at": "2025-08-15T21:03:25.000Z"
    },
    {
      "shortPath": "l2/travelagency/adminDashboard.test.ts",
      "versionRef": "a070903d15265af21ec60f84ff17125464233ced",
      "Length": 268,
      "update_at": "2025-08-15T21:03:25.000Z"
    },
    {
      "shortPath": "l2/travelagency/adminDashboard.ts",
      "versionRef": "cd9a7e65479ada2564e6b24a2b3706775befc830",
      "Length": 472,
      "update_at": "2025-08-15T21:03:25.000Z"
    },
    {
      "shortPath": "l2/travelagency/clientDashboard.defs.ts",
      "versionRef": "e6a1a730a578a8a11dd865913926c149bd2dea52",
      "Length": 2891,
      "update_at": "2025-08-15T21:03:25.000Z"
    },
    {
      "shortPath": "l2/travelagency/clientDashboard.html",
      "versionRef": "66847a3144604842e784f71e0b3bd45c94a6a514",
      "Length": 881,
      "update_at": "2025-08-15T21:03:25.000Z"
    },
    {
      "shortPath": "l2/travelagency/clientDashboard.less",
      "versionRef": "89ebe7daf7cdaed9b97e98490b5b9a2d804bd7db",
      "Length": 176,
      "update_at": "2025-08-15T21:03:25.000Z"
    },
    {
      "shortPath": "l2/travelagency/clientDashboard.test.ts",
      "versionRef": "ddd53e01404572c6365a80adb2a7543249ec74fc",
      "Length": 269,
      "update_at": "2025-08-15T21:03:25.000Z"
    },
    {
      "shortPath": "l2/travelagency/clientDashboard.ts",
      "versionRef": "1577d6e3e67308d25d8fab71b615511af399bfc6",
      "Length": 475,
      "update_at": "2025-08-15T21:03:25.000Z"
    },
    {
      "shortPath": "l2/travelagency/home.defs.ts",
      "versionRef": "fbc71e1a623a214f9e4a7dca71812c0f445c5a6b",
      "Length": 3390,
      "update_at": "2025-08-15T21:03:25.000Z"
    },
    {
      "shortPath": "l2/travelagency/home.html",
      "versionRef": "0b68efe75a40a5756814bcfa82a8bcd3627f0cff",
      "Length": 713,
      "update_at": "2025-08-15T21:03:25.000Z"
    },
    {
      "shortPath": "l2/travelagency/home.less",
      "versionRef": "79369a078b7ec156d723dc567eb8e07fabd7f39e",
      "Length": 553,
      "update_at": "2025-08-15T21:03:25.000Z"
    },
    {
      "shortPath": "l2/travelagency/home.test.ts",
      "versionRef": "955a1e3760fe8e75184174dc2c470dc709637d5f",
      "Length": 258,
      "update_at": "2025-08-15T21:03:25.000Z"
    },
    {
      "shortPath": "l2/travelagency/home.ts",
      "versionRef": "1b28a0f0e9f875ec9b87ff0c728733fbf7b6e5c9",
      "Length": 441,
      "update_at": "2025-08-15T21:03:25.000Z"
    },
    {
      "shortPath": "l2/travelagency/login.defs.ts",
      "versionRef": "f15cc46fa34ec65e0d1c841d70673dd67bed7685",
      "Length": 2012,
      "update_at": "2025-08-15T21:03:25.000Z"
    },
    {
      "shortPath": "l2/travelagency/login.html",
      "versionRef": "9a5fd61b2a506f417e9fc5b962523ec24ba57d4f",
      "Length": 450,
      "update_at": "2025-08-15T21:03:25.000Z"
    },
    {
      "shortPath": "l2/travelagency/login.less",
      "versionRef": "df8a0ddcedf2fd2b69458d5886183c50f342d5d3",
      "Length": 826,
      "update_at": "2025-08-15T21:03:25.000Z"
    },
    {
      "shortPath": "l2/travelagency/login.test.ts",
      "versionRef": "e33c798b0650bb242cb8041862a56279880397d5",
      "Length": 259,
      "update_at": "2025-08-15T21:03:25.000Z"
    },
    {
      "shortPath": "l2/travelagency/login.ts",
      "versionRef": "288d4bec7925b9d73d762dab94ab539bfd7ae389",
      "Length": 444,
      "update_at": "2025-08-15T21:03:25.000Z"
    },
    {
      "shortPath": "l2/travelagency/module.defs.ts",
      "versionRef": "a570ffc7692a6bab24473af03688941dec47d2d8",
      "Length": 92,
      "update_at": "2025-08-15T21:03:25.000Z"
    },
    {
      "shortPath": "l2/travelagency/module.html",
      "versionRef": "6e54754ae6e62592cfb1ba96840c597443af8605",
      "Length": 15,
      "update_at": "2025-08-15T21:03:25.000Z"
    },
    {
      "shortPath": "l2/travelagency/module.less",
      "versionRef": "f454f63a7accc395419bd68464505a3a22d58fd5",
      "Length": 157,
      "update_at": "2025-08-15T21:03:25.000Z"
    },
    {
      "shortPath": "l2/travelagency/module.test.ts",
      "versionRef": "1e59089d2331b4118d031eef69e80b624ac3f967",
      "Length": 260,
      "update_at": "2025-08-15T21:03:25.000Z"
    },
    {
      "shortPath": "l2/travelagency/module.ts",
      "versionRef": "c57722d9f41dd1449d996c4ab679c4a29fdc229f",
      "Length": 34997,
      "update_at": "2025-08-15T21:03:25.000Z"
    },
    {
      "shortPath": "l2/travelagency/organismAdminPackageManagement.defs.ts",
      "versionRef": "8eb0296d46ce3c1e0156a07cf4c71dc30a20c1b8",
      "Length": 1109,
      "update_at": "2025-08-15T21:03:25.000Z"
    },
    {
      "shortPath": "l2/travelagency/organismAdminPackageManagement.html",
      "versionRef": "7c470ed2a794a0ba0b8286eb583fa4a9b34b5f62",
      "Length": 113,
      "update_at": "2025-08-15T21:03:25.000Z"
    },
    {
      "shortPath": "l2/travelagency/organismAdminPackageManagement.less",
      "versionRef": "e756473c48df0c2cd4351b4e271a403aa416f907",
      "Length": 2217,
      "update_at": "2025-08-15T21:03:25.000Z"
    },
    {
      "shortPath": "l2/travelagency/organismAdminPackageManagement.test.ts",
      "versionRef": "1f0e2c88552030348f9bdb6b655e32c91a52ed25",
      "Length": 284,
      "update_at": "2025-08-15T21:03:25.000Z"
    },
    {
      "shortPath": "l2/travelagency/organismAdminPackageManagement.ts",
      "versionRef": "7c859a276485de25b4209d67c0f7684bb28b7a9c",
      "Length": 4053,
      "update_at": "2025-08-15T21:03:25.000Z"
    },
    {
      "shortPath": "l2/travelagency/organismAdminReservationManagement.defs.ts",
      "versionRef": "46bac71d2fc3fd909fac14b4b88fb0761325cc3a",
      "Length": 1102,
      "update_at": "2025-08-15T21:03:25.000Z"
    },
    {
      "shortPath": "l2/travelagency/organismAdminReservationManagement.html",
      "versionRef": "a0efd5b7cc3fab0c930f7fb2d76129ca6bd44847",
      "Length": 121,
      "update_at": "2025-08-15T21:03:25.000Z"
    },
    {
      "shortPath": "l2/travelagency/organismAdminReservationManagement.less",
      "versionRef": "2e1cbcb3d79c43638ca1d5fb5a14c57ca0d242c0",
      "Length": 1983,
      "update_at": "2025-08-15T21:03:25.000Z"
    },
    {
      "shortPath": "l2/travelagency/organismAdminReservationManagement.test.ts",
      "versionRef": "e5c2547cf8d5a226caee41799efd602a80f2ab99",
      "Length": 288,
      "update_at": "2025-08-15T21:03:25.000Z"
    },
    {
      "shortPath": "l2/travelagency/organismAdminReservationManagement.ts",
      "versionRef": "47470b06c9ef12849f72d40fc2655ee0a81e4040",
      "Length": 3516,
      "update_at": "2025-08-15T21:03:25.000Z"
    },
    {
      "shortPath": "l2/travelagency/organismAdminReviewManagement.defs.ts",
      "versionRef": "f8d85e02ea0c1a7af879482aea5e0108419a874a",
      "Length": 1108,
      "update_at": "2025-08-15T21:03:25.000Z"
    },
    {
      "shortPath": "l2/travelagency/organismAdminReviewManagement.html",
      "versionRef": "5df57d723a9b036659c5b3c56017e181df53a243",
      "Length": 111,
      "update_at": "2025-08-15T21:03:25.000Z"
    },
    {
      "shortPath": "l2/travelagency/organismAdminReviewManagement.less",
      "versionRef": "3bd97aabfbaa2568a4094068ba65aac52d11b1f9",
      "Length": 1590,
      "update_at": "2025-08-15T21:03:25.000Z"
    },
    {
      "shortPath": "l2/travelagency/organismAdminReviewManagement.test.ts",
      "versionRef": "a38ee10fd6d6227b88f0c581e4e2d38e30934abf",
      "Length": 283,
      "update_at": "2025-08-15T21:03:25.000Z"
    },
    {
      "shortPath": "l2/travelagency/organismAdminReviewManagement.ts",
      "versionRef": "caebc2bb1d1330d90b4aa626ef27fc9277e87d42",
      "Length": 3162,
      "update_at": "2025-08-15T21:03:25.000Z"
    },
    {
      "shortPath": "l2/travelagency/organismAdminSidebar.defs.ts",
      "versionRef": "60ddc51fb4ca64da3f3cb50d84d2d1a4d0b04f19",
      "Length": 1113,
      "update_at": "2025-08-15T21:03:25.000Z"
    },
    {
      "shortPath": "l2/travelagency/organismAdminSidebar.html",
      "versionRef": "2276a357596622b2dd2771281a2960cd48b4937f",
      "Length": 91,
      "update_at": "2025-08-15T21:03:25.000Z"
    },
    {
      "shortPath": "l2/travelagency/organismAdminSidebar.less",
      "versionRef": "9680593f97a9e7891cbbf9c9e1aacf91c1c3a806",
      "Length": 1708,
      "update_at": "2025-08-15T21:03:25.000Z"
    },
    {
      "shortPath": "l2/travelagency/organismAdminSidebar.test.ts",
      "versionRef": "4493aae2f0e14a190720f7c59c05ceed7d6a40e0",
      "Length": 274,
      "update_at": "2025-08-15T21:03:25.000Z"
    },
    {
      "shortPath": "l2/travelagency/organismAdminSidebar.ts",
      "versionRef": "b1a966984cb7dbd85ff9cbbd35cb129113c24286",
      "Length": 2348,
      "update_at": "2025-08-15T21:03:25.000Z"
    },
    {
      "shortPath": "l2/travelagency/organismAdminUserManagement.defs.ts",
      "versionRef": "1f6a7d455056552242c37363bed2ebd71b188cd9",
      "Length": 1108,
      "update_at": "2025-08-15T21:03:25.000Z"
    },
    {
      "shortPath": "l2/travelagency/organismAdminUserManagement.html",
      "versionRef": "b22a3ac7571e1accb0e262af70dbf078d17c6102",
      "Length": 107,
      "update_at": "2025-08-15T21:03:25.000Z"
    },
    {
      "shortPath": "l2/travelagency/organismAdminUserManagement.less",
      "versionRef": "8c552fe8bf88d4641efc91d70fea31f7e0c8c59c",
      "Length": 3390,
      "update_at": "2025-08-15T21:03:25.000Z"
    },
    {
      "shortPath": "l2/travelagency/organismAdminUserManagement.test.ts",
      "versionRef": "e287ef89a515156e3fcc5204e9c4ccf15796b410",
      "Length": 281,
      "update_at": "2025-08-15T21:03:25.000Z"
    },
    {
      "shortPath": "l2/travelagency/organismAdminUserManagement.ts",
      "versionRef": "56daab3e672039f6087a7d031d6f990758089f44",
      "Length": 3948,
      "update_at": "2025-08-15T21:03:25.000Z"
    },
    {
      "shortPath": "l2/travelagency/organismClientReservations.defs.ts",
      "versionRef": "5705dd8c6bc715527b845f94f3c879d012758d61",
      "Length": 1121,
      "update_at": "2025-08-15T21:03:25.000Z"
    },
    {
      "shortPath": "l2/travelagency/organismClientReservations.html",
      "versionRef": "a8758f2eaf9683fd323e33baed55d42edada1e17",
      "Length": 103,
      "update_at": "2025-08-15T21:03:25.000Z"
    },
    {
      "shortPath": "l2/travelagency/organismClientReservations.less",
      "versionRef": "fd29d235db55c67fbd7ba69abc43d27cacc2af62",
      "Length": 2166,
      "update_at": "2025-08-15T21:03:25.000Z"
    },
    {
      "shortPath": "l2/travelagency/organismClientReservations.test.ts",
      "versionRef": "600fcca8560463f442d3a039de03769e56b8780d",
      "Length": 280,
      "update_at": "2025-08-15T21:03:25.000Z"
    },
    {
      "shortPath": "l2/travelagency/organismClientReservations.ts",
      "versionRef": "15438d9d9076381edc704329951a3d207aae142c",
      "Length": 4517,
      "update_at": "2025-08-15T21:03:25.000Z"
    },
    {
      "shortPath": "l2/travelagency/organismClientReviews.defs.ts",
      "versionRef": "7be609194600f093158678bb6ef795a5ec3bf61d",
      "Length": 1100,
      "update_at": "2025-08-15T21:03:25.000Z"
    },
    {
      "shortPath": "l2/travelagency/organismClientReviews.html",
      "versionRef": "2af6cbe07c6e4b994c3acd41697ae68b89ce2aff",
      "Length": 93,
      "update_at": "2025-08-15T21:03:25.000Z"
    },
    {
      "shortPath": "l2/travelagency/organismClientReviews.less",
      "versionRef": "33e443df11d5f05b263eb8bbf798fb42608d6b58",
      "Length": 2369,
      "update_at": "2025-08-15T21:03:25.000Z"
    },
    {
      "shortPath": "l2/travelagency/organismClientReviews.test.ts",
      "versionRef": "c5083d3308fe5ddc1cdbe79bf4773b85cbe9fdcc",
      "Length": 275,
      "update_at": "2025-08-15T21:03:25.000Z"
    },
    {
      "shortPath": "l2/travelagency/organismClientReviews.ts",
      "versionRef": "11890547f636d41bb85a4d5671f887b8a31a87e9",
      "Length": 3398,
      "update_at": "2025-08-15T21:03:25.000Z"
    },
    {
      "shortPath": "l2/travelagency/organismClientSidebar.defs.ts",
      "versionRef": "d0bfbd02c34da131c8f0e4c715cdf80558c1a119",
      "Length": 1100,
      "update_at": "2025-08-15T21:03:25.000Z"
    },
    {
      "shortPath": "l2/travelagency/organismClientSidebar.html",
      "versionRef": "58592d098f56911ca28e4cba7baa9774e1348a4c",
      "Length": 93,
      "update_at": "2025-08-15T21:03:25.000Z"
    },
    {
      "shortPath": "l2/travelagency/organismClientSidebar.less",
      "versionRef": "3c4fb01f1ed0214292183f07b5ea14869da86ac8",
      "Length": 1293,
      "update_at": "2025-08-15T21:03:25.000Z"
    },
    {
      "shortPath": "l2/travelagency/organismClientSidebar.test.ts",
      "versionRef": "0c7a2a5fbde61d159e28e0e192f16d8605dc167e",
      "Length": 275,
      "update_at": "2025-08-15T21:03:25.000Z"
    },
    {
      "shortPath": "l2/travelagency/organismClientSidebar.ts",
      "versionRef": "6fb3e6270d63b021f035a6bdbf84f8d01b87ec8f",
      "Length": 1082,
      "update_at": "2025-08-15T21:03:25.000Z"
    },
    {
      "shortPath": "l2/travelagency/organismFeaturedPackages.defs.ts",
      "versionRef": "aa076df334e882d368988b8c5af71ad55138ccf5",
      "Length": 1105,
      "update_at": "2025-08-15T21:03:25.000Z"
    },
    {
      "shortPath": "l2/travelagency/organismFeaturedPackages.html",
      "versionRef": "296d4f32f4be2f566f8db202910361bbaffdac6c",
      "Length": 99,
      "update_at": "2025-08-15T21:03:25.000Z"
    },
    {
      "shortPath": "l2/travelagency/organismFeaturedPackages.less",
      "versionRef": "f3765254673fc0e292f485c2e457b472590b12ba",
      "Length": 1815,
      "update_at": "2025-08-15T21:03:25.000Z"
    },
    {
      "shortPath": "l2/travelagency/organismFeaturedPackages.test.ts",
      "versionRef": "3fd6cd3bbc390c51d720edb343264e2e903b65c8",
      "Length": 278,
      "update_at": "2025-08-15T21:03:25.000Z"
    },
    {
      "shortPath": "l2/travelagency/organismFeaturedPackages.ts",
      "versionRef": "7fe032a3dcd8be483beda512541cee7ebffd6ad7",
      "Length": 3669,
      "update_at": "2025-08-15T21:03:25.000Z"
    },
    {
      "shortPath": "l2/travelagency/organismFooterInfo.defs.ts",
      "versionRef": "4b7ee84c61d07560e0a936fab0a8ee65229f6c90",
      "Length": 1116,
      "update_at": "2025-08-15T21:03:25.000Z"
    },
    {
      "shortPath": "l2/travelagency/organismFooterInfo.html",
      "versionRef": "c6b39e2e80a97bb4e38f5b9a79f0fa83951641e1",
      "Length": 87,
      "update_at": "2025-08-15T21:03:25.000Z"
    },
    {
      "shortPath": "l2/travelagency/organismFooterInfo.less",
      "versionRef": "516a1814afa0d810a8e6c787fdd3c937cf7c7bec",
      "Length": 1519,
      "update_at": "2025-08-15T21:03:25.000Z"
    },
    {
      "shortPath": "l2/travelagency/organismFooterInfo.test.ts",
      "versionRef": "281e1d144599cddbfe2245b90596d97420fe5daf",
      "Length": 272,
      "update_at": "2025-08-15T21:03:25.000Z"
    },
    {
      "shortPath": "l2/travelagency/organismFooterInfo.ts",
      "versionRef": "671fef1532bb57b2cc825e6786fac38b31b334b4",
      "Length": 1970,
      "update_at": "2025-08-15T21:03:25.000Z"
    },
    {
      "shortPath": "l2/travelagency/organismHeroBanner.defs.ts",
      "versionRef": "00b5db06e531b13b5c998cf0e80738c17c698a90",
      "Length": 1153,
      "update_at": "2025-08-15T21:03:25.000Z"
    },
    {
      "shortPath": "l2/travelagency/organismHeroBanner.html",
      "versionRef": "06ad2cadb435ddef63bf4d03b817ea2a7a557b3b",
      "Length": 87,
      "update_at": "2025-08-15T21:03:25.000Z"
    },
    {
      "shortPath": "l2/travelagency/organismHeroBanner.less",
      "versionRef": "9c12d3f31d8812d9a3acbbef1b3d00b2a18629ca",
      "Length": 1956,
      "update_at": "2025-08-15T21:03:25.000Z"
    },
    {
      "shortPath": "l2/travelagency/organismHeroBanner.test.ts",
      "versionRef": "37984d57c7e05878af2801ef375fd542d4d58d26",
      "Length": 272,
      "update_at": "2025-08-15T21:03:25.000Z"
    },
    {
      "shortPath": "l2/travelagency/organismHeroBanner.ts",
      "versionRef": "306c46ee561b5f9d6b1d59f01e240f6763e2e699",
      "Length": 1501,
      "update_at": "2025-08-15T21:03:25.000Z"
    },
    {
      "shortPath": "l2/travelagency/organismLoginForm.defs.ts",
      "versionRef": "57a7942c924040569841a7e9ede94bb3d285424d",
      "Length": 1061,
      "update_at": "2025-08-15T21:03:25.000Z"
    },
    {
      "shortPath": "l2/travelagency/organismLoginForm.html",
      "versionRef": "5055859f6a3206657688661b94800708696722e9",
      "Length": 85,
      "update_at": "2025-08-15T21:03:25.000Z"
    },
    {
      "shortPath": "l2/travelagency/organismLoginForm.less",
      "versionRef": "23db430ce68eb59739b33a532c49404dc1e4d639",
      "Length": 3755,
      "update_at": "2025-08-15T21:03:25.000Z"
    },
    {
      "shortPath": "l2/travelagency/organismLoginForm.test.ts",
      "versionRef": "9533888157095cfe1f24035600ad39d93845ef9b",
      "Length": 271,
      "update_at": "2025-08-15T21:03:25.000Z"
    },
    {
      "shortPath": "l2/travelagency/organismLoginForm.ts",
      "versionRef": "e1f49c497c49f5ef2580f3cf36e3a01d7154e71d",
      "Length": 2870,
      "update_at": "2025-08-15T21:03:25.000Z"
    },
    {
      "shortPath": "l2/travelagency/organismNav.defs.ts",
      "versionRef": "6689850d9e6b62a222c48514658e7cad0ebc003b",
      "Length": 1482,
      "update_at": "2025-08-15T21:03:25.000Z"
    },
    {
      "shortPath": "l2/travelagency/organismNav.html",
      "versionRef": "2f2610d00502b76a7308fe3d2d69224f1cff23d0",
      "Length": 71,
      "update_at": "2025-08-15T21:03:25.000Z"
    },
    {
      "shortPath": "l2/travelagency/organismNav.less",
      "versionRef": "74a2c3c178b77026a9500870e00ae90ff7afa7dd",
      "Length": 4119,
      "update_at": "2025-08-15T21:03:25.000Z"
    },
    {
      "shortPath": "l2/travelagency/organismNav.test.ts",
      "versionRef": "ebe9cfe8ee08da6805ed0fc2682dcfe8d0926b67",
      "Length": 261,
      "update_at": "2025-08-15T21:03:25.000Z"
    },
    {
      "shortPath": "l2/travelagency/organismNav.ts",
      "versionRef": "99d9fb0dd781b2749085252735a969da9825a808",
      "Length": 3142,
      "update_at": "2025-08-15T21:03:25.000Z"
    },
    {
      "shortPath": "l2/travelagency/organismPackageDetail.defs.ts",
      "versionRef": "a0d18dfca30569aa693080f7ea3079bbb6f5e443",
      "Length": 1098,
      "update_at": "2025-08-15T21:03:25.000Z"
    },
    {
      "shortPath": "l2/travelagency/organismPackageDetail.html",
      "versionRef": "4725213de28c585a3ae9695e44c37179b6286606",
      "Length": 93,
      "update_at": "2025-08-15T21:03:25.000Z"
    },
    {
      "shortPath": "l2/travelagency/organismPackageDetail.less",
      "versionRef": "c57b33b17cf62c29e9e9b413b90656d1482454ee",
      "Length": 1733,
      "update_at": "2025-08-15T21:03:25.000Z"
    },
    {
      "shortPath": "l2/travelagency/organismPackageDetail.test.ts",
      "versionRef": "9e42fed8d3ccaa4c5dca443b2d223bce6520d852",
      "Length": 275,
      "update_at": "2025-08-15T21:03:25.000Z"
    },
    {
      "shortPath": "l2/travelagency/organismPackageDetail.ts",
      "versionRef": "55803a3d3ecc96e014ccf102bda7b2a904f9b784",
      "Length": 2567,
      "update_at": "2025-08-15T21:03:25.000Z"
    },
    {
      "shortPath": "l2/travelagency/organismPackageFilters.defs.ts",
      "versionRef": "cf3644dfea169b26b0dd53fcb35613ef05e22656",
      "Length": 1104,
      "update_at": "2025-08-15T21:03:25.000Z"
    },
    {
      "shortPath": "l2/travelagency/organismPackageFilters.html",
      "versionRef": "018406b3e39a0c75523eea928632894b02c0f24f",
      "Length": 95,
      "update_at": "2025-08-15T21:03:25.000Z"
    },
    {
      "shortPath": "l2/travelagency/organismPackageFilters.less",
      "versionRef": "a14827d8b642b035c761a4da952a2c9e7efec41f",
      "Length": 1600,
      "update_at": "2025-08-15T21:03:25.000Z"
    },
    {
      "shortPath": "l2/travelagency/organismPackageFilters.test.ts",
      "versionRef": "99dbc52884b5dfadfe775c9159dce553f5f4543d",
      "Length": 276,
      "update_at": "2025-08-15T21:03:25.000Z"
    },
    {
      "shortPath": "l2/travelagency/organismPackageFilters.ts",
      "versionRef": "5e6dd410bbeda20f8089199fbd0c2799ed76576b",
      "Length": 1532,
      "update_at": "2025-08-15T21:03:25.000Z"
    },
    {
      "shortPath": "l2/travelagency/organismPackageGallery.defs.ts",
      "versionRef": "4f016cf42d5143c5f6802332dbb752d7ccafec69",
      "Length": 1068,
      "update_at": "2025-08-15T21:03:25.000Z"
    },
    {
      "shortPath": "l2/travelagency/organismPackageGallery.html",
      "versionRef": "046e4753ada3d986805119cf8878c9b87a5938c0",
      "Length": 95,
      "update_at": "2025-08-15T21:03:25.000Z"
    },
    {
      "shortPath": "l2/travelagency/organismPackageGallery.less",
      "versionRef": "b1ae8d9015465044aca94f44874e92ea0bb6e9e7",
      "Length": 1624,
      "update_at": "2025-08-15T21:03:25.000Z"
    },
    {
      "shortPath": "l2/travelagency/organismPackageGallery.test.ts",
      "versionRef": "3c3d56bafe642640e8c1a2979493ca44cdf9e7d0",
      "Length": 276,
      "update_at": "2025-08-15T21:03:25.000Z"
    },
    {
      "shortPath": "l2/travelagency/organismPackageGallery.ts",
      "versionRef": "1421d0546f3a79c35129fe7a3d27f3c36df875eb",
      "Length": 3276,
      "update_at": "2025-08-15T21:03:25.000Z"
    },
    {
      "shortPath": "l2/travelagency/organismPackageList.defs.ts",
      "versionRef": "4decab0e142a8fb31d6600ec0022b0d1232ccf55",
      "Length": 1110,
      "update_at": "2025-08-15T21:03:25.000Z"
    },
    {
      "shortPath": "l2/travelagency/organismPackageList.html",
      "versionRef": "dc76535a0aad722de77af0bf3dfee462a6f026cc",
      "Length": 89,
      "update_at": "2025-08-15T21:03:25.000Z"
    },
    {
      "shortPath": "l2/travelagency/organismPackageList.less",
      "versionRef": "317c7b96edea5aa8416666bf991aec9969c2b7e9",
      "Length": 2402,
      "update_at": "2025-08-15T21:03:25.000Z"
    },
    {
      "shortPath": "l2/travelagency/organismPackageList.test.ts",
      "versionRef": "0da2c65b118e20eed158bcab5497414798c5119f",
      "Length": 273,
      "update_at": "2025-08-15T21:03:25.000Z"
    },
    {
      "shortPath": "l2/travelagency/organismPackageList.ts",
      "versionRef": "9cd1c17bd8752342b35c252a4820466648169c41",
      "Length": 3777,
      "update_at": "2025-08-15T21:03:25.000Z"
    },
    {
      "shortPath": "l2/travelagency/organismPackageReservationCta.defs.ts",
      "versionRef": "66be62ccddef006da1dfbe68a5b6fd2ac19e374b",
      "Length": 1107,
      "update_at": "2025-08-15T21:03:25.000Z"
    },
    {
      "shortPath": "l2/travelagency/organismPackageReservationCta.html",
      "versionRef": "241f4dd8505ac611e7e19e0e8629ac927bc33786",
      "Length": 111,
      "update_at": "2025-08-15T21:03:25.000Z"
    },
    {
      "shortPath": "l2/travelagency/organismPackageReservationCta.less",
      "versionRef": "655156a12a49c9c10457db346c5e48b9cfd02449",
      "Length": 1462,
      "update_at": "2025-08-15T21:03:25.000Z"
    },
    {
      "shortPath": "l2/travelagency/organismPackageReservationCta.test.ts",
      "versionRef": "d2bd214c1ac99d18ef175c8919e37556945ce03b",
      "Length": 283,
      "update_at": "2025-08-15T21:03:25.000Z"
    },
    {
      "shortPath": "l2/travelagency/organismPackageReservationCta.ts",
      "versionRef": "394295c1fa589bc1df79ae809e8f2a3ace7dc68d",
      "Length": 887,
      "update_at": "2025-08-15T21:03:25.000Z"
    },
    {
      "shortPath": "l2/travelagency/organismPackageReviews.defs.ts",
      "versionRef": "aa1c6059fa17326ea9adfc6d2b38c742e18ab879",
      "Length": 1362,
      "update_at": "2025-08-15T21:03:25.000Z"
    },
    {
      "shortPath": "l2/travelagency/organismPackageReviews.html",
      "versionRef": "84e8ac692867af856e80cfef38942fc429f23460",
      "Length": 95,
      "update_at": "2025-08-15T21:03:25.000Z"
    },
    {
      "shortPath": "l2/travelagency/organismPackageReviews.less",
      "versionRef": "35e6691d0ecb8e95859860e5078a8ad370cc9dec",
      "Length": 3024,
      "update_at": "2025-08-15T21:03:25.000Z"
    },
    {
      "shortPath": "l2/travelagency/organismPackageReviews.test.ts",
      "versionRef": "4707ae8693172ab759b37ceaad61d8f9112958df",
      "Length": 276,
      "update_at": "2025-08-15T21:03:25.000Z"
    },
    {
      "shortPath": "l2/travelagency/organismPackageReviews.ts",
      "versionRef": "e9be78e8a589be83e73c6a0016b4c814aba75a72",
      "Length": 4022,
      "update_at": "2025-08-15T21:03:25.000Z"
    },
    {
      "shortPath": "l2/travelagency/organismPackageSearch.defs.ts",
      "versionRef": "16ea5abff695122e6dfc99b75eefbd13877dc19e",
      "Length": 1135,
      "update_at": "2025-08-15T21:03:25.000Z"
    },
    {
      "shortPath": "l2/travelagency/organismPackageSearch.html",
      "versionRef": "b991c392f2dd3cc5c625933d5247531055373fbf",
      "Length": 93,
      "update_at": "2025-08-15T21:03:25.000Z"
    },
    {
      "shortPath": "l2/travelagency/organismPackageSearch.less",
      "versionRef": "b40f8dbc80aed5cf46c1220dfb7d586e60e50dfc",
      "Length": 1887,
      "update_at": "2025-08-15T21:03:25.000Z"
    },
    {
      "shortPath": "l2/travelagency/organismPackageSearch.test.ts",
      "versionRef": "358e9d314c446afae8c958eeb8de437aa8e086a7",
      "Length": 275,
      "update_at": "2025-08-15T21:03:25.000Z"
    },
    {
      "shortPath": "l2/travelagency/organismPackageSearch.ts",
      "versionRef": "55f27860c0f359cd2836e6fcb730f9571a8865c5",
      "Length": 1603,
      "update_at": "2025-08-15T21:03:25.000Z"
    },
    {
      "shortPath": "l2/travelagency/organismPaymentIntegration.defs.ts",
      "versionRef": "09cfc10519ce1239a45178d8d9fcc4110ed37b93",
      "Length": 1107,
      "update_at": "2025-08-15T21:03:25.000Z"
    },
    {
      "shortPath": "l2/travelagency/organismPaymentIntegration.html",
      "versionRef": "c6d03d9009dd3c70aad01bda4fe263620fda8783",
      "Length": 103,
      "update_at": "2025-08-15T21:03:25.000Z"
    },
    {
      "shortPath": "l2/travelagency/organismPaymentIntegration.less",
      "versionRef": "ad8cfd4e9fca415a5a1f7ea496119a490fb353f2",
      "Length": 2674,
      "update_at": "2025-08-15T21:25:04.000Z"
    },
    {
      "shortPath": "l2/travelagency/organismPaymentIntegration.test.ts",
      "versionRef": "d5cae6f23f88aeab6017219f874046b625b70f12",
      "Length": 280,
      "update_at": "2025-08-15T21:03:25.000Z"
    },
    {
      "shortPath": "l2/travelagency/organismPaymentIntegration.ts",
      "versionRef": "3438d9cfe186d81ff115a15fa33009b9fad21928",
      "Length": 3032,
      "update_at": "2025-08-15T21:03:25.000Z"
    },
    {
      "shortPath": "l2/travelagency/organismRegisterForm.defs.ts",
      "versionRef": "16efcd56f79ce0903e67b4cfd73eb95fc301638b",
      "Length": 1096,
      "update_at": "2025-08-15T21:03:25.000Z"
    },
    {
      "shortPath": "l2/travelagency/organismRegisterForm.html",
      "versionRef": "578396425d01b4403c77a42668adf859e75aa9ea",
      "Length": 91,
      "update_at": "2025-08-15T21:03:25.000Z"
    },
    {
      "shortPath": "l2/travelagency/organismRegisterForm.less",
      "versionRef": "716e285a59f364614a0fd35774a5cd35009787c0",
      "Length": 3394,
      "update_at": "2025-08-15T21:26:53.000Z"
    },
    {
      "shortPath": "l2/travelagency/organismRegisterForm.test.ts",
      "versionRef": "d553a588f8f913d24ad0819d81d54d50f90e5689",
      "Length": 274,
      "update_at": "2025-08-15T21:03:25.000Z"
    },
    {
      "shortPath": "l2/travelagency/organismRegisterForm.ts",
      "versionRef": "bbd3a0ad2b597c88bfa126a605aab3c0b81f1aaf",
      "Length": 4737,
      "update_at": "2025-08-15T21:03:25.000Z"
    },
    {
      "shortPath": "l2/travelagency/organismReservationConfirmation.defs.ts",
      "versionRef": "de2478830aff1804d6624706da228a7cf329a434",
      "Length": 1101,
      "update_at": "2025-08-15T21:03:25.000Z"
    },
    {
      "shortPath": "l2/travelagency/organismReservationConfirmation.html",
      "versionRef": "74f02802b022b4b9b1c5cfa56bf827ae84a79dd4",
      "Length": 113,
      "update_at": "2025-08-15T21:03:25.000Z"
    },
    {
      "shortPath": "l2/travelagency/organismReservationConfirmation.less",
      "versionRef": "0f1691393f2e98f55d38eb6311f01e815fec6e5f",
      "Length": 1994,
      "update_at": "2025-08-15T21:03:25.000Z"
    },
    {
      "shortPath": "l2/travelagency/organismReservationConfirmation.test.ts",
      "versionRef": "708e4d8dd53e6c4e6ef47dfa23939a52500bf7af",
      "Length": 285,
      "update_at": "2025-08-15T21:03:25.000Z"
    },
    {
      "shortPath": "l2/travelagency/organismReservationConfirmation.ts",
      "versionRef": "d5df733b7359964229ec9323b558787557695144",
      "Length": 2725,
      "update_at": "2025-08-15T21:03:25.000Z"
    },
    {
      "shortPath": "l2/travelagency/organismReservationForm.defs.ts",
      "versionRef": "7a77fa304eba3fa1357c2471e1a365def2667de6",
      "Length": 1109,
      "update_at": "2025-08-15T21:03:25.000Z"
    },
    {
      "shortPath": "l2/travelagency/organismReservationForm.html",
      "versionRef": "9cfb8fcc0a7a401000040323eb3ee9ac5962e716",
      "Length": 97,
      "update_at": "2025-08-15T21:03:25.000Z"
    },
    {
      "shortPath": "l2/travelagency/organismReservationForm.less",
      "versionRef": "a3a8a3142edee85258c601e3a89b0bfb1552f3aa",
      "Length": 2441,
      "update_at": "2025-08-15T21:28:40.000Z"
    },
    {
      "shortPath": "l2/travelagency/organismReservationForm.test.ts",
      "versionRef": "358d92cbfd788c4b7b0ba00dd5ccd5c8cde267a0",
      "Length": 277,
      "update_at": "2025-08-15T21:03:25.000Z"
    },
    {
      "shortPath": "l2/travelagency/organismReservationForm.ts",
      "versionRef": "4d1426d403e2a87ea69e95ae5eccbb88fed18f2c",
      "Length": 3752,
      "update_at": "2025-08-15T21:03:25.000Z"
    },
    {
      "shortPath": "l2/travelagency/packageDetail.defs.ts",
      "versionRef": "e28f7ddc88ca1ddbed6e061269d1aeb033dc3856",
      "Length": 3700,
      "update_at": "2025-08-15T21:03:25.000Z"
    },
    {
      "shortPath": "l2/travelagency/packageDetail.html",
      "versionRef": "b0543c7580788b292578b567b523439bf96bdc37",
      "Length": 999,
      "update_at": "2025-08-15T21:03:25.000Z"
    },
    {
      "shortPath": "l2/travelagency/packageDetail.less",
      "versionRef": "383b4beb84f2fb1a95b43dcb933a090aeebb349d",
      "Length": 919,
      "update_at": "2025-08-15T21:03:25.000Z"
    },
    {
      "shortPath": "l2/travelagency/packageDetail.test.ts",
      "versionRef": "7d0210a496b7b67ed71d68bde793e3cc9638cc1a",
      "Length": 267,
      "update_at": "2025-08-15T21:03:25.000Z"
    },
    {
      "shortPath": "l2/travelagency/packageDetail.ts",
      "versionRef": "c3731094440a4ea21d5f90bceffc1bd87854a25c",
      "Length": 469,
      "update_at": "2025-08-15T21:03:25.000Z"
    },
    {
      "shortPath": "l2/travelagency/packageList.defs.ts",
      "versionRef": "1d45886efe958295847d08ec2865e9ea3ab1876a",
      "Length": 2707,
      "update_at": "2025-08-15T21:03:25.000Z"
    },
    {
      "shortPath": "l2/travelagency/packageList.html",
      "versionRef": "0b8a2f3866a50c665b7898b9f2dfeb2b1a1ce708",
      "Length": 715,
      "update_at": "2025-08-15T21:03:25.000Z"
    },
    {
      "shortPath": "l2/travelagency/packageList.less",
      "versionRef": "31a2804411f0f338861df00bd0c4f0703985c2f4",
      "Length": 1411,
      "update_at": "2025-08-15T21:03:25.000Z"
    },
    {
      "shortPath": "l2/travelagency/packageList.test.ts",
      "versionRef": "8aa52472c4d0b1ebcb6c7957ffea4c819fe78913",
      "Length": 265,
      "update_at": "2025-08-15T21:03:25.000Z"
    },
    {
      "shortPath": "l2/travelagency/packageList.ts",
      "versionRef": "45ad5c4993a6b9e82a6a2000addae7a118d615a2",
      "Length": 463,
      "update_at": "2025-08-15T21:03:25.000Z"
    },
    {
      "shortPath": "l2/travelagency/register.defs.ts",
      "versionRef": "2f86bf32639a9ca19848f56c3106f2d16b3953dc",
      "Length": 1839,
      "update_at": "2025-08-15T21:03:25.000Z"
    },
    {
      "shortPath": "l2/travelagency/register.html",
      "versionRef": "bfb404127a5633ee66a3de77809c9aa7acf7af3b",
      "Length": 474,
      "update_at": "2025-08-15T21:03:25.000Z"
    },
    {
      "shortPath": "l2/travelagency/register.less",
      "versionRef": "c4ce61c353f2ac34e86748249f7a4d85d2a496b1",
      "Length": 825,
      "update_at": "2025-08-15T21:03:25.000Z"
    },
    {
      "shortPath": "l2/travelagency/register.test.ts",
      "versionRef": "b90fd4b2614264fdc500b2ebd61253d31d85e4b9",
      "Length": 262,
      "update_at": "2025-08-15T21:03:25.000Z"
    },
    {
      "shortPath": "l2/travelagency/register.ts",
      "versionRef": "9f87f94750933b27898f714c8386364a9d6fea91",
      "Length": 453,
      "update_at": "2025-08-15T21:03:25.000Z"
    },
    {
      "shortPath": "l2/travelagency/reservation.defs.ts",
      "versionRef": "5239774872f2dd068b5068e6136d21860f0d8db4",
      "Length": 2768,
      "update_at": "2025-08-15T21:03:25.000Z"
    },
    {
      "shortPath": "l2/travelagency/reservation.html",
      "versionRef": "82bc3091f0c2a435de1848712a7de149544059a1",
      "Length": 813,
      "update_at": "2025-08-15T21:03:25.000Z"
    },
    {
      "shortPath": "l2/travelagency/reservation.less",
      "versionRef": "23e3209714a50932b52bb29ca9ddd1a377497ac5",
      "Length": 803,
      "update_at": "2025-08-15T21:03:25.000Z"
    },
    {
      "shortPath": "l2/travelagency/reservation.test.ts",
      "versionRef": "98f2f24c52fadcf7d2bbd9f55d65d7839ee64aa5",
      "Length": 265,
      "update_at": "2025-08-15T21:03:25.000Z"
    },
    {
      "shortPath": "l2/travelagency/reservation.ts",
      "versionRef": "d165a5a60b3823a6f37095a2834c88081dd41200",
      "Length": 462,
      "update_at": "2025-08-15T21:03:25.000Z"
    },
    {
      "shortPath": "l2/traveldreams/home.defs.ts",
      "versionRef": "93ea731e2c2acc3cf59f6e3b8630cd160b7b0fd0",
      "Length": 4917,
      "update_at": "2025-08-15T21:03:25.000Z"
    },
    {
      "shortPath": "l2/traveldreams/home.html",
      "versionRef": "121980a526d47fa731a3cfa655182d0a845045fd",
      "Length": 992,
      "update_at": "2025-08-15T21:03:25.000Z"
    },
    {
      "shortPath": "l2/traveldreams/home.less",
      "versionRef": "5f4f3a9095c65164908c824887a4e174e459d904",
      "Length": 477,
      "update_at": "2025-08-15T21:03:25.000Z"
    },
    {
      "shortPath": "l2/traveldreams/home.test.ts",
      "versionRef": "98af0f88c71fde18cca7609139b7ea77868a49df",
      "Length": 258,
      "update_at": "2025-08-15T21:03:25.000Z"
    },
    {
      "shortPath": "l2/traveldreams/home.ts",
      "versionRef": "268b912a06caf3429b5b36acd12d94d14da69b45",
      "Length": 441,
      "update_at": "2025-08-15T21:03:25.000Z"
    },
    {
      "shortPath": "l2/traveldreams/module.defs.ts",
      "versionRef": "d9f66743976b76134a8972dab0631322e80fd69e",
      "Length": 92,
      "update_at": "2025-08-15T21:03:25.000Z"
    },
    {
      "shortPath": "l2/traveldreams/module.html",
      "versionRef": "6e54754ae6e62592cfb1ba96840c597443af8605",
      "Length": 15,
      "update_at": "2025-08-15T21:03:25.000Z"
    },
    {
      "shortPath": "l2/traveldreams/module.less",
      "versionRef": "1a8b4ce32728feeaa345c3e0b6859daf2ca13e66",
      "Length": 157,
      "update_at": "2025-08-15T21:03:25.000Z"
    },
    {
      "shortPath": "l2/traveldreams/module.test.ts",
      "versionRef": "ae68a878440cd09956d6a911d3c86224b30a52ed",
      "Length": 260,
      "update_at": "2025-08-15T21:03:25.000Z"
    },
    {
      "shortPath": "l2/traveldreams/module.ts",
      "versionRef": "2290fe98dbe75db5ec4b139711a342e979311bba",
      "Length": 21655,
      "update_at": "2025-08-15T21:03:25.000Z"
    },
    {
      "shortPath": "l2/traveldreams/organismFooter.defs.ts",
      "versionRef": "66e6fd5d0cfe4a4b0f8a52d6c035b66b2c2afcb3",
      "Length": 1247,
      "update_at": "2025-08-15T21:03:25.000Z"
    },
    {
      "shortPath": "l2/traveldreams/organismFooter.html",
      "versionRef": "94546ca1697e0f7647ab09a71a2a38bf273d76e5",
      "Length": 78,
      "update_at": "2025-08-15T21:03:25.000Z"
    },
    {
      "shortPath": "l2/traveldreams/organismFooter.less",
      "versionRef": "c557b33db1f9bea85bdc5da63275dfd2223700d3",
      "Length": 1670,
      "update_at": "2025-08-15T21:03:25.000Z"
    },
    {
      "shortPath": "l2/traveldreams/organismFooter.test.ts",
      "versionRef": "b2967a7270b6e28e725649bae46c471770b836ac",
      "Length": 268,
      "update_at": "2025-08-15T21:03:25.000Z"
    },
    {
      "shortPath": "l2/traveldreams/organismFooter.ts",
      "versionRef": "c6f66aaff18e4f3b8858b0314097421d1d3e9ed5",
      "Length": 2495,
      "update_at": "2025-08-15T21:03:25.000Z"
    },
    {
      "shortPath": "l2/traveldreams/organismHero.defs.ts",
      "versionRef": "2845a726b6bb4238c763f6f5675773feda77cb33",
      "Length": 1373,
      "update_at": "2025-08-15T21:03:25.000Z"
    },
    {
      "shortPath": "l2/traveldreams/organismHero.html",
      "versionRef": "25495199bc61e99bc2b1f8bc123755a28dbbf90b",
      "Length": 73,
      "update_at": "2025-08-15T21:03:25.000Z"
    },
    {
      "shortPath": "l2/traveldreams/organismHero.less",
      "versionRef": "2c11d9529fc7c8c1be66b8ad33debbd30a1126eb",
      "Length": 1977,
      "update_at": "2025-08-15T21:03:25.000Z"
    },
    {
      "shortPath": "l2/traveldreams/organismHero.test.ts",
      "versionRef": "73727fe462f6d5cffb2dcc2f127aeb4d7edc82c1",
      "Length": 266,
      "update_at": "2025-08-15T21:03:25.000Z"
    },
    {
      "shortPath": "l2/traveldreams/organismHero.ts",
      "versionRef": "1f9610f4f4c39965f9a0f557ba1e083795da51f4",
      "Length": 1210,
      "update_at": "2025-08-15T21:03:25.000Z"
    },
    {
      "shortPath": "l2/traveldreams/organismNav.defs.ts",
      "versionRef": "03ff359db78533bd78e6c2fd57e90e2235068e76",
      "Length": 1785,
      "update_at": "2025-08-15T21:03:25.000Z"
    },
    {
      "shortPath": "l2/traveldreams/organismNav.html",
      "versionRef": "51bdf74cd2e6450e944dd7be482ac9eb386e83bf",
      "Length": 71,
      "update_at": "2025-08-15T21:03:25.000Z"
    },
    {
      "shortPath": "l2/traveldreams/organismNav.less",
      "versionRef": "119bedc205122a01c52e88f4e6ca3f50be376244",
      "Length": 2341,
      "update_at": "2025-08-15T21:03:25.000Z"
    },
    {
      "shortPath": "l2/traveldreams/organismNav.test.ts",
      "versionRef": "2d202226efec18a7ef6fc190a6db76a12ca395bc",
      "Length": 265,
      "update_at": "2025-08-15T21:03:25.000Z"
    },
    {
      "shortPath": "l2/traveldreams/organismNav.ts",
      "versionRef": "8a00e1beb9c86e4d8d47b8280e358808ace23064",
      "Length": 1875,
      "update_at": "2025-08-15T21:03:25.000Z"
    },
    {
      "shortPath": "l2/traveldreams/organismPartners.defs.ts",
      "versionRef": "bfbef02879d18ce0ecf2079faf8902418d7630bd",
      "Length": 1172,
      "update_at": "2025-08-15T21:03:25.000Z"
    },
    {
      "shortPath": "l2/traveldreams/organismPartners.html",
      "versionRef": "216941b58619f124851b26f9502bd5f8e89897a6",
      "Length": 81,
      "update_at": "2025-08-15T21:03:25.000Z"
    },
    {
      "shortPath": "l2/traveldreams/organismPartners.less",
      "versionRef": "b73acc3e71cb444d0824111ce81910ddcaf380ff",
      "Length": 1276,
      "update_at": "2025-08-15T21:03:25.000Z"
    },
    {
      "shortPath": "l2/traveldreams/organismPartners.test.ts",
      "versionRef": "b56a4432ffdbcd2d83bf020a7122aa743ad81170",
      "Length": 270,
      "update_at": "2025-08-15T21:03:25.000Z"
    },
    {
      "shortPath": "l2/traveldreams/organismPartners.ts",
      "versionRef": "a8aec2dc48f67b59db8fcaba2e1614794e666491",
      "Length": 2577,
      "update_at": "2025-08-15T21:03:25.000Z"
    },
    {
      "shortPath": "l2/traveldreams/organismPromoSteps.defs.ts",
      "versionRef": "24bbdda7bc2b90cb4c0c775288162e185d927c01",
      "Length": 1238,
      "update_at": "2025-08-15T21:03:25.000Z"
    },
    {
      "shortPath": "l2/traveldreams/organismPromoSteps.html",
      "versionRef": "c7bdae7eacf0bfc3e9254ac71c71757bd116a569",
      "Length": 87,
      "update_at": "2025-08-15T21:03:25.000Z"
    },
    {
      "shortPath": "l2/traveldreams/organismPromoSteps.less",
      "versionRef": "bd8fe731e62de64eb32a4d311dd05963414615e7",
      "Length": 1792,
      "update_at": "2025-08-15T21:03:25.000Z"
    },
    {
      "shortPath": "l2/traveldreams/organismPromoSteps.test.ts",
      "versionRef": "72ce6939c37772f969f02cb25bae3497c8b996a8",
      "Length": 272,
      "update_at": "2025-08-15T21:03:25.000Z"
    },
    {
      "shortPath": "l2/traveldreams/organismPromoSteps.ts",
      "versionRef": "b3faab44d6e548b2f447bac6775aa77ce8990f84",
      "Length": 2096,
      "update_at": "2025-08-15T21:03:25.000Z"
    },
    {
      "shortPath": "l2/traveldreams/organismSubscribe.defs.ts",
      "versionRef": "56559930b381c2614626c84aa4b66a168e5f70ab",
      "Length": 1374,
      "update_at": "2025-08-15T21:03:25.000Z"
    },
    {
      "shortPath": "l2/traveldreams/organismSubscribe.html",
      "versionRef": "20c49ef2a3b6c9adad1eafbee653f0f3f34cc3b2",
      "Length": 83,
      "update_at": "2025-08-15T21:03:25.000Z"
    },
    {
      "shortPath": "l2/traveldreams/organismSubscribe.less",
      "versionRef": "1e57a9c246caa5076e55ed44a30fd5fed809d307",
      "Length": 1952,
      "update_at": "2025-08-15T21:03:25.000Z"
    },
    {
      "shortPath": "l2/traveldreams/organismSubscribe.test.ts",
      "versionRef": "a4b88d9a4dab33ff78f250d3a791ce82f096c4ec",
      "Length": 271,
      "update_at": "2025-08-15T21:03:25.000Z"
    },
    {
      "shortPath": "l2/traveldreams/organismSubscribe.ts",
      "versionRef": "46fe1bedb990e881b3201571010a23011fbce688",
      "Length": 1265,
      "update_at": "2025-08-15T21:03:25.000Z"
    },
    {
      "shortPath": "l2/traveldreams/organismTestimonials.defs.ts",
      "versionRef": "ba91fe31f9e1739b88b6cc5c61eedf9eddf4e69e",
      "Length": 1209,
      "update_at": "2025-08-15T21:03:25.000Z"
    },
    {
      "shortPath": "l2/traveldreams/organismTestimonials.html",
      "versionRef": "3cf2d02861f9d22b37286500e24f2ad32e0d3a64",
      "Length": 89,
      "update_at": "2025-08-15T21:03:25.000Z"
    },
    {
      "shortPath": "l2/traveldreams/organismTestimonials.less",
      "versionRef": "33c6be12ac4c7b46902ba55913610184c8d25599",
      "Length": 1759,
      "update_at": "2025-08-15T21:03:25.000Z"
    },
    {
      "shortPath": "l2/traveldreams/organismTestimonials.test.ts",
      "versionRef": "4efe135285b8d1ca102056dbdeb592c461709549",
      "Length": 274,
      "update_at": "2025-08-15T21:03:25.000Z"
    },
    {
      "shortPath": "l2/traveldreams/organismTestimonials.ts",
      "versionRef": "cef0c2966a0dc0a0e7b97abe257f341b6f98fdfe",
      "Length": 3400,
      "update_at": "2025-08-15T21:03:25.000Z"
    },
    {
      "shortPath": "l5/project.json",
      "versionRef": "1f1bd83da5b855b3059233e3e39ef0f841784c29",
      "Length": 357,
      "update_at": "2025-07-02T19:24:51.000Z"
    },
    {
      "shortPath": "l0/package.json",
      "versionRef": "a74873287289a3b43e8541b34372722a086e8a03",
      "Length": 470,
      "update_at": "2025-07-02T19:24:49.000Z"
    },
    {
      "shortPath": "l0/tsconfig.json",
      "versionRef": "6a95f6e8d8e3042af5f58de9c691a455a7221647",
      "Length": 1191,
      "update_at": "2025-07-02T19:24:50.000Z"
    }
  ]
}