{
  "lastModified": "2025-07-08T17:37:24.786Z",
  "files": [
    {
      "ShortPath": "l0/README.md",
      "versionRef": "2e1b14e8ed73119f964600f2fe185863d3fba359",
      "Length": 14,
      "update_at": "2025-07-02T19:24:46.000Z"
    },
    {
      "ShortPath": "l2/admin.defs.ts",
      "versionRef": "6f6a406efa5e342100871a85acdd05edda7445ca",
      "Length": 1341,
      "update_at": "2025-07-08T17:36:49.000Z"
    },
    {
      "ShortPath": "l2/admin.html",
      "versionRef": "7abae32624f5f85e4acd26c73601fae67e29f1ec",
      "Length": 645,
      "update_at": "2025-07-08T17:36:49.000Z"
    },
    {
      "ShortPath": "l2/admin.less",
      "versionRef": "7f40c55dfeb9f727dcd49f63cef435c77fb2534e",
      "Length": 173,
      "update_at": "2025-07-08T17:36:49.000Z"
    },
    {
      "ShortPath": "l2/admin.ts",
      "versionRef": "7850d53c833703a9600deb35271cda10703c95bb",
      "Length": 407,
      "update_at": "2025-07-08T17:36:49.000Z"
    },
    {
      "ShortPath": "l2/agendamento.defs.ts",
      "versionRef": "ad1806a85dc5a48682febd41cf362ff8a82d51b2",
      "Length": 1476,
      "update_at": "2025-07-08T17:36:49.000Z"
    },
    {
      "ShortPath": "l2/agendamento.html",
      "versionRef": "f0059b5cdf54b9be884e0502d469cddbc95d6207",
      "Length": 518,
      "update_at": "2025-07-08T17:36:49.000Z"
    },
    {
      "ShortPath": "l2/agendamento.less",
      "versionRef": "343ebe7b2c22d4fc09843b7d4a004ef7c87e5999",
      "Length": 185,
      "update_at": "2025-07-08T17:36:49.000Z"
    },
    {
      "ShortPath": "l2/agendamento.ts",
      "versionRef": "558ccbbb02917a41a294d5a7f4e2422caa808cbb",
      "Length": 425,
      "update_at": "2025-07-08T17:36:49.000Z"
    },
    {
      "ShortPath": "l2/catalogo.defs.ts",
      "versionRef": "02e2746bc77b9d560d56159f7feb47676f34dee2",
      "Length": 1414,
      "update_at": "2025-07-08T17:36:49.000Z"
    },
    {
      "ShortPath": "l2/catalogo.html",
      "versionRef": "99a67f6d8a1344a4da80183cac1f348d89b7eb0b",
      "Length": 625,
      "update_at": "2025-07-08T17:36:49.000Z"
    },
    {
      "ShortPath": "l2/catalogo.less",
      "versionRef": "c95b2677a51e82a7edf56d0172ad25133ff46b7e",
      "Length": 179,
      "update_at": "2025-07-08T17:36:49.000Z"
    },
    {
      "ShortPath": "l2/catalogo.ts",
      "versionRef": "473aceb13abab555bb0ab01a58df67bb970ba462",
      "Length": 416,
      "update_at": "2025-07-08T17:36:49.000Z"
    },
    {
      "ShortPath": "l2/contato.defs.ts",
      "versionRef": "7b0c45d7855b3ba12cc5203c486a6098ddafe65d",
      "Length": 1333,
      "update_at": "2025-07-08T17:36:49.000Z"
    },
    {
      "ShortPath": "l2/contato.html",
      "versionRef": "6e4fb40b91a354f941827a765927a83c0d9faf88",
      "Length": 588,
      "update_at": "2025-07-08T17:36:49.000Z"
    },
    {
      "ShortPath": "l2/contato.less",
      "versionRef": "fb7120a84ad537fedf40ece18e29ca42af0ae596",
      "Length": 177,
      "update_at": "2025-07-08T17:36:49.000Z"
    },
    {
      "ShortPath": "l2/contato.ts",
      "versionRef": "e041d371af2cf3f6d7045796c518dea50ba784b1",
      "Length": 413,
      "update_at": "2025-07-08T17:36:49.000Z"
    },
    {
      "ShortPath": "l2/designSystem.ts",
      "versionRef": "fa0c7aab7ee3e8920bd8766db5308d43d3ec5a40",
      "Length": 16180,
      "update_at": "2025-07-02T19:29:31.000Z"
    },
    {
      "ShortPath": "l2/home.defs.ts",
      "versionRef": "de45c75c4492fe9b2ec112fa5cba58703f101b8e",
      "Length": 1545,
      "update_at": "2025-07-08T17:36:49.000Z"
    },
    {
      "ShortPath": "l2/home.html",
      "versionRef": "08cfa547314f800b77e12a71152b0c095832a9e0",
      "Length": 709,
      "update_at": "2025-07-08T17:36:49.000Z"
    },
    {
      "ShortPath": "l2/home.less",
      "versionRef": "6757fd03defdacc34298341f6a49f46060824093",
      "Length": 171,
      "update_at": "2025-07-08T17:36:49.000Z"
    },
    {
      "ShortPath": "l2/home.ts",
      "versionRef": "2154b57b998d72734dba8d9e71a5e099fe6a4720",
      "Length": 404,
      "update_at": "2025-07-08T17:36:49.000Z"
    },
    {
      "ShortPath": "l2/login.defs.ts",
      "versionRef": "ae4605d202a8941957956b902c4170ddf6ab2f21",
      "Length": 1258,
      "update_at": "2025-07-08T17:36:49.000Z"
    },
    {
      "ShortPath": "l2/login.html",
      "versionRef": "1934f3feabecd06d51a1fdfce80124a7dc62ab2f",
      "Length": 362,
      "update_at": "2025-07-08T17:36:49.000Z"
    },
    {
      "ShortPath": "l2/login.less",
      "versionRef": "bdc2b1bc92a7e0a5fbed3e1152c1b9e0c6073525",
      "Length": 173,
      "update_at": "2025-07-08T17:36:49.000Z"
    },
    {
      "ShortPath": "l2/login.ts",
      "versionRef": "d3aee36935ea04dc3e8f6dbc5cc320eade037b4a",
      "Length": 407,
      "update_at": "2025-07-08T17:36:49.000Z"
    },
    {
      "ShortPath": "l2/organismBanner.defs.ts",
      "versionRef": "d56f71b05780f1ac1058a395f36a157481950721",
      "Length": 1063,
      "update_at": "2025-07-08T17:35:34.000Z"
    },
    {
      "ShortPath": "l2/organismBanner.html",
      "versionRef": "f25a9330d42d60e9222d1fdc0a2bd4502bb35779",
      "Length": 49,
      "update_at": "2025-07-08T17:35:34.000Z"
    },
    {
      "ShortPath": "l2/organismBanner.less",
      "versionRef": "80e4ee084d40f6be35b45a7ce066bf20c22d7686",
      "Length": 192,
      "update_at": "2025-07-08T17:35:34.000Z"
    },
    {
      "ShortPath": "l2/organismBanner.ts",
      "versionRef": "cf09355122f047060878e0aa12b639d108cd982d",
      "Length": 547,
      "update_at": "2025-07-08T17:35:34.000Z"
    },
    {
      "ShortPath": "l2/organismBuscaProdutos.defs.ts",
      "versionRef": "f2821ef95f94a5607fe709b7357c55e588d5aa0c",
      "Length": 985,
      "update_at": "2025-07-08T17:35:34.000Z"
    },
    {
      "ShortPath": "l2/organismBuscaProdutos.html",
      "versionRef": "ee34102f50232bf0f9c0cc79b1a3e8f1efb766f0",
      "Length": 65,
      "update_at": "2025-07-08T17:35:34.000Z"
    },
    {
      "ShortPath": "l2/organismBuscaProdutos.less",
      "versionRef": "bf6fb256c8e11aa8d4c7b2d9a85b0f357a3a526f",
      "Length": 207,
      "update_at": "2025-07-08T17:35:34.000Z"
    },
    {
      "ShortPath": "l2/organismBuscaProdutos.ts",
      "versionRef": "c28d35906af96dfab4018d4ec3bc69ed5601e49c",
      "Length": 533,
      "update_at": "2025-07-08T17:35:34.000Z"
    },
    {
      "ShortPath": "l2/organismChamadaAgendamento.defs.ts",
      "versionRef": "b3f465079eaae532baa073bc034176d6e7341904",
      "Length": 1027,
      "update_at": "2025-07-08T17:35:34.000Z"
    },
    {
      "ShortPath": "l2/organismChamadaAgendamento.html",
      "versionRef": "54596d6722cd03d91e25349cd5258d93d3692642",
      "Length": 75,
      "update_at": "2025-07-08T17:35:34.000Z"
    },
    {
      "ShortPath": "l2/organismChamadaAgendamento.less",
      "versionRef": "7c9d7777fe5473fc9d9658c0153724270cf0a2d2",
      "Length": 217,
      "update_at": "2025-07-08T17:35:34.000Z"
    },
    {
      "ShortPath": "l2/organismChamadaAgendamento.ts",
      "versionRef": "e00bfb1d543fcab604f9aa765129fdd7b2e34d92",
      "Length": 558,
      "update_at": "2025-07-08T17:35:34.000Z"
    },
    {
      "ShortPath": "l2/organismConfirmacaoPagamento.defs.ts",
      "versionRef": "eb3a248b88f635501cb5bffb5daaf0bdc7b7c05c",
      "Length": 1074,
      "update_at": "2025-07-08T17:35:34.000Z"
    },
    {
      "ShortPath": "l2/organismConfirmacaoPagamento.html",
      "versionRef": "ac42e7257a233530ff86cccc78f7307a1266dfda",
      "Length": 79,
      "update_at": "2025-07-08T17:35:34.000Z"
    },
    {
      "ShortPath": "l2/organismConfirmacaoPagamento.less",
      "versionRef": "10c7c75cbbc23be7f5ee7537644f3c43535f943c",
      "Length": 221,
      "update_at": "2025-07-08T17:35:34.000Z"
    },
    {
      "ShortPath": "l2/organismConfirmacaoPagamento.ts",
      "versionRef": "1708b16c7b90cb54775ccff78e1d61026aaf46f6",
      "Length": 575,
      "update_at": "2025-07-08T17:35:34.000Z"
    },
    {
      "ShortPath": "l2/organismDestaquesProdutos.defs.ts",
      "versionRef": "4c9f3387b45582ec97fa629215bf03b3b078274d",
      "Length": 1042,
      "update_at": "2025-07-08T17:35:34.000Z"
    },
    {
      "ShortPath": "l2/organismDestaquesProdutos.html",
      "versionRef": "953828168cc5a4d78b99fc99340a146e66b61da3",
      "Length": 73,
      "update_at": "2025-07-08T17:35:34.000Z"
    },
    {
      "ShortPath": "l2/organismDestaquesProdutos.less",
      "versionRef": "61df456271a3d69fe846a71aa9adb3e5cda9c78d",
      "Length": 215,
      "update_at": "2025-07-08T17:35:34.000Z"
    },
    {
      "ShortPath": "l2/organismDestaquesProdutos.ts",
      "versionRef": "64aeb9ffb0439fd98a356331cb81cac48108d49c",
      "Length": 570,
      "update_at": "2025-07-08T17:35:34.000Z"
    },
    {
      "ShortPath": "l2/organismFiltroCategorias.defs.ts",
      "versionRef": "7c1eacd15d8bf278686c2a44b82d7f0e801da300",
      "Length": 1044,
      "update_at": "2025-07-08T17:35:34.000Z"
    },
    {
      "ShortPath": "l2/organismFiltroCategorias.html",
      "versionRef": "4c5d0342bcabdc2c286b7e91b8daf679ea6bc484",
      "Length": 71,
      "update_at": "2025-07-08T17:35:34.000Z"
    },
    {
      "ShortPath": "l2/organismFiltroCategorias.less",
      "versionRef": "a4fda9d192951af7f83e12753456ab2d4b163730",
      "Length": 213,
      "update_at": "2025-07-08T17:35:34.000Z"
    },
    {
      "ShortPath": "l2/organismFiltroCategorias.ts",
      "versionRef": "b82edd501d1ced942ffb50470bb84cd2e27c2a75",
      "Length": 547,
      "update_at": "2025-07-08T17:35:34.000Z"
    },
    {
      "ShortPath": "l2/organismFooter.defs.ts",
      "versionRef": "c2646eba0639f7d3c7dda4e2ed36e62f5175112b",
      "Length": 1077,
      "update_at": "2025-07-08T17:35:34.000Z"
    },
    {
      "ShortPath": "l2/organismFooter.html",
      "versionRef": "cbffce0d71ef631a9214c07fba1bdae0aa2f6c75",
      "Length": 49,
      "update_at": "2025-07-08T17:35:34.000Z"
    },
    {
      "ShortPath": "l2/organismFooter.less",
      "versionRef": "c5e5d89b3924178ef56e0f659607c1ef5ebe7f20",
      "Length": 192,
      "update_at": "2025-07-08T17:35:34.000Z"
    },
    {
      "ShortPath": "l2/organismFooter.ts",
      "versionRef": "91ecf09a8ca759a8050295117d2a4b76f4111d48",
      "Length": 542,
      "update_at": "2025-07-08T17:35:34.000Z"
    },
    {
      "ShortPath": "l2/organismFormAgendamento.defs.ts",
      "versionRef": "f4fdae66252c0aa9c4cb3b998e64beba65a92025",
      "Length": 1380,
      "update_at": "2025-07-08T17:35:34.000Z"
    },
    {
      "ShortPath": "l2/organismFormAgendamento.html",
      "versionRef": "0251495b0f637293e8ab793c675156b01d72bca8",
      "Length": 69,
      "update_at": "2025-07-08T17:35:34.000Z"
    },
    {
      "ShortPath": "l2/organismFormAgendamento.less",
      "versionRef": "2ddb85601b06183737f6ecf3077d592d6693d27a",
      "Length": 211,
      "update_at": "2025-07-08T17:35:34.000Z"
    },
    {
      "ShortPath": "l2/organismFormAgendamento.ts",
      "versionRef": "7a18a9730215b6ca3df5008156da951733c0f539",
      "Length": 577,
      "update_at": "2025-07-08T17:35:34.000Z"
    },
    {
      "ShortPath": "l2/organismFormContato.defs.ts",
      "versionRef": "480b0443c156a5714c995cd512f76efc94ff402d",
      "Length": 1008,
      "update_at": "2025-07-08T17:35:34.000Z"
    },
    {
      "ShortPath": "l2/organismFormContato.html",
      "versionRef": "d0249e24196409e1c5462393a38e2f03cfc42c6c",
      "Length": 61,
      "update_at": "2025-07-08T17:35:34.000Z"
    },
    {
      "ShortPath": "l2/organismFormContato.less",
      "versionRef": "62c3c0b044cfab1c3a651fc26fdfafc081d8e7e5",
      "Length": 203,
      "update_at": "2025-07-08T17:35:34.000Z"
    },
    {
      "ShortPath": "l2/organismFormContato.ts",
      "versionRef": "8e7493a2460ad7805ea789f187f901be261e7606",
      "Length": 525,
      "update_at": "2025-07-08T17:35:34.000Z"
    },
    {
      "ShortPath": "l2/organismFormLogin.defs.ts",
      "versionRef": "eab7c18048ce0892da3f94f815880a29834361fa",
      "Length": 996,
      "update_at": "2025-07-08T17:35:34.000Z"
    },
    {
      "ShortPath": "l2/organismFormLogin.html",
      "versionRef": "aa3ca9b0d69a8cc68b1e786b2e0164b0878b58eb",
      "Length": 57,
      "update_at": "2025-07-08T17:35:34.000Z"
    },
    {
      "ShortPath": "l2/organismFormLogin.less",
      "versionRef": "a8005d4adac0bca9cf2e94505b1a013255aa2624",
      "Length": 199,
      "update_at": "2025-07-08T17:35:34.000Z"
    },
    {
      "ShortPath": "l2/organismFormLogin.ts",
      "versionRef": "f401bcf31b797bbc467f8d2aa79f3d81439521e4",
      "Length": 536,
      "update_at": "2025-07-08T17:35:34.000Z"
    },
    {
      "ShortPath": "l2/organismFormPagamento.defs.ts",
      "versionRef": "3b51ec12540b8179bbfa7f8d053af53e1fe474d8",
      "Length": 1093,
      "update_at": "2025-07-08T17:35:34.000Z"
    },
    {
      "ShortPath": "l2/organismFormPagamento.html",
      "versionRef": "c716501fecff4d83b41df5291faf06283847bbd1",
      "Length": 65,
      "update_at": "2025-07-08T17:35:34.000Z"
    },
    {
      "ShortPath": "l2/organismFormPagamento.less",
      "versionRef": "2917d6827d2e55191cc99b5277928ace594a8199",
      "Length": 207,
      "update_at": "2025-07-08T17:35:34.000Z"
    },
    {
      "ShortPath": "l2/organismFormPagamento.ts",
      "versionRef": "9adefe586be951b8493f471eb8bff6433b8aff5b",
      "Length": 548,
      "update_at": "2025-07-08T17:35:34.000Z"
    },
    {
      "ShortPath": "l2/organismGerenciarAgendamentos.defs.ts",
      "versionRef": "9dca98a4a43d03f857772818d6f73d91d01c7361",
      "Length": 1053,
      "update_at": "2025-07-08T17:35:34.000Z"
    },
    {
      "ShortPath": "l2/organismGerenciarAgendamentos.html",
      "versionRef": "5c650e9139e5b2721cb9beaf11476fd21921a28f",
      "Length": 81,
      "update_at": "2025-07-08T17:35:34.000Z"
    },
    {
      "ShortPath": "l2/organismGerenciarAgendamentos.less",
      "versionRef": "89d80b8be18883eda8c5cd25934d7e7baed408d7",
      "Length": 223,
      "update_at": "2025-07-08T17:35:34.000Z"
    },
    {
      "ShortPath": "l2/organismGerenciarAgendamentos.ts",
      "versionRef": "a644613d410a8e18c6ab97f22639334292ec7707",
      "Length": 589,
      "update_at": "2025-07-08T17:35:34.000Z"
    },
    {
      "ShortPath": "l2/organismGerenciarProdutos.defs.ts",
      "versionRef": "e9ac0ddd11cc6849ac0cded38e39d81ba57b82c1",
      "Length": 1025,
      "update_at": "2025-07-08T17:35:34.000Z"
    },
    {
      "ShortPath": "l2/organismGerenciarProdutos.html",
      "versionRef": "add3fed63207754f9f6eb92f49b0fb8f9b8e2c53",
      "Length": 73,
      "update_at": "2025-07-08T17:35:34.000Z"
    },
    {
      "ShortPath": "l2/organismGerenciarProdutos.less",
      "versionRef": "be701bb31f3431c131ec991e3634aa66435ddef4",
      "Length": 215,
      "update_at": "2025-07-08T17:35:34.000Z"
    },
    {
      "ShortPath": "l2/organismGerenciarProdutos.ts",
      "versionRef": "ea780758f166ea4a798fbf4eb51388bebadbbccc",
      "Length": 544,
      "update_at": "2025-07-08T17:35:34.000Z"
    },
    {
      "ShortPath": "l2/organismGerenciarUsuarios.defs.ts",
      "versionRef": "4be0f4f3d2c4fbf6963e269af400296e8703e224",
      "Length": 1025,
      "update_at": "2025-07-08T17:35:34.000Z"
    },
    {
      "ShortPath": "l2/organismGerenciarUsuarios.html",
      "versionRef": "d0c674894a52a8505477b66b54acebe6fab978a5",
      "Length": 73,
      "update_at": "2025-07-08T17:35:34.000Z"
    },
    {
      "ShortPath": "l2/organismGerenciarUsuarios.less",
      "versionRef": "e856ea8cd18bcd522f73ad7c19d6b8a5d512f7b6",
      "Length": 215,
      "update_at": "2025-07-08T17:35:34.000Z"
    },
    {
      "ShortPath": "l2/organismGerenciarUsuarios.ts",
      "versionRef": "cb88119f1201c2129ef632cd2c3ea4d62a05b7eb",
      "Length": 560,
      "update_at": "2025-07-08T17:35:34.000Z"
    },
    {
      "ShortPath": "l2/organismHistoricoAgendamentos.defs.ts",
      "versionRef": "c6cea139396debfed351ba90dbf8990995bf9e15",
      "Length": 1081,
      "update_at": "2025-07-08T17:35:34.000Z"
    },
    {
      "ShortPath": "l2/organismHistoricoAgendamentos.html",
      "versionRef": "6a40528ef1b4a68975d9c68a61a0a8f0a81b1bc3",
      "Length": 81,
      "update_at": "2025-07-08T17:35:34.000Z"
    },
    {
      "ShortPath": "l2/organismHistoricoAgendamentos.less",
      "versionRef": "3d7ee151ab95dc952da89479dbfdef4df9cf8b40",
      "Length": 223,
      "update_at": "2025-07-08T17:35:34.000Z"
    },
    {
      "ShortPath": "l2/organismHistoricoAgendamentos.ts",
      "versionRef": "5d4e38d7bf51331862e853ca888a11a720eaa2af",
      "Length": 588,
      "update_at": "2025-07-08T17:35:34.000Z"
    },
    {
      "ShortPath": "l2/organismInfoContato.defs.ts",
      "versionRef": "8e210e6944a59581bb39fd1f876777b43eb8595d",
      "Length": 1043,
      "update_at": "2025-07-08T17:35:34.000Z"
    },
    {
      "ShortPath": "l2/organismInfoContato.html",
      "versionRef": "be50766db8a82cfeecea1bfdfaf145d6dce68b02",
      "Length": 61,
      "update_at": "2025-07-08T17:35:34.000Z"
    },
    {
      "ShortPath": "l2/organismInfoContato.less",
      "versionRef": "ac977f98eaf35d96c73f7f14d014377ffad55057",
      "Length": 203,
      "update_at": "2025-07-08T17:35:34.000Z"
    },
    {
      "ShortPath": "l2/organismInfoContato.ts",
      "versionRef": "2649768598b06cae122389166e7fbeb0f48020a5",
      "Length": 559,
      "update_at": "2025-07-08T17:35:34.000Z"
    },
    {
      "ShortPath": "l2/organismListaProdutos.defs.ts",
      "versionRef": "0038902c4574612832643e28270e600235bddf4d",
      "Length": 1084,
      "update_at": "2025-07-08T17:35:34.000Z"
    },
    {
      "ShortPath": "l2/organismListaProdutos.html",
      "versionRef": "4a57f991cacd0610f3430ae425ce9eab3e154c1a",
      "Length": 65,
      "update_at": "2025-07-08T17:35:34.000Z"
    },
    {
      "ShortPath": "l2/organismListaProdutos.less",
      "versionRef": "51d550294680585ed41a281d39dda2c07595f7fd",
      "Length": 207,
      "update_at": "2025-07-08T17:35:34.000Z"
    },
    {
      "ShortPath": "l2/organismListaProdutos.ts",
      "versionRef": "80621dee799b0a6f435cfdef28576aa16b2add4a",
      "Length": 570,
      "update_at": "2025-07-08T17:35:34.000Z"
    },
    {
      "ShortPath": "l2/organismLoginSocial.defs.ts",
      "versionRef": "6f0aa7c9a9dc3ff8de1335665265ff590804ffbf",
      "Length": 1085,
      "update_at": "2025-07-08T17:35:34.000Z"
    },
    {
      "ShortPath": "l2/organismLoginSocial.html",
      "versionRef": "98a12a86e1e3c811eda9203ea6f4db34e2679022",
      "Length": 61,
      "update_at": "2025-07-08T17:35:34.000Z"
    },
    {
      "ShortPath": "l2/organismLoginSocial.less",
      "versionRef": "c85e1c5338dfa3751099f5c5e77d86bea25847b8",
      "Length": 203,
      "update_at": "2025-07-08T17:35:34.000Z"
    },
    {
      "ShortPath": "l2/organismLoginSocial.ts",
      "versionRef": "c6407b052d20aa936978093dc722f85419bbc26f",
      "Length": 550,
      "update_at": "2025-07-08T17:35:34.000Z"
    },
    {
      "ShortPath": "l2/organismMenuAdmin.defs.ts",
      "versionRef": "7e48957d7a043d842009c1fecb41135b1d8503b1",
      "Length": 1034,
      "update_at": "2025-07-08T17:35:34.000Z"
    },
    {
      "ShortPath": "l2/organismMenuAdmin.html",
      "versionRef": "c3c3547947d2d4989f4f413ef8a0c74788feeb1f",
      "Length": 57,
      "update_at": "2025-07-08T17:35:34.000Z"
    },
    {
      "ShortPath": "l2/organismMenuAdmin.less",
      "versionRef": "5106eba811505da53fbd5ae3dc905472523bff56",
      "Length": 199,
      "update_at": "2025-07-08T17:35:34.000Z"
    },
    {
      "ShortPath": "l2/organismMenuAdmin.ts",
      "versionRef": "ae434dcd38a82edba6ff52cf835a5ef20eb4cfb9",
      "Length": 542,
      "update_at": "2025-07-08T17:35:34.000Z"
    },
    {
      "ShortPath": "l2/organismNav.defs.ts",
      "versionRef": "b5e8651ef95fa2990ef968188b29337fbf0a7ea3",
      "Length": 1387,
      "update_at": "2025-07-08T17:35:34.000Z"
    },
    {
      "ShortPath": "l2/organismNav.html",
      "versionRef": "50f481e8b8ce8bf277d668322a7c9d254d75c5a3",
      "Length": 43,
      "update_at": "2025-07-08T17:35:34.000Z"
    },
    {
      "ShortPath": "l2/organismNav.less",
      "versionRef": "86636092f46fade4cf93de74411586e54ecc9018",
      "Length": 186,
      "update_at": "2025-07-08T17:35:34.000Z"
    },
    {
      "ShortPath": "l2/organismNav.ts",
      "versionRef": "c489a3b1eb107a32a78d6ba43e52a569155e744e",
      "Length": 569,
      "update_at": "2025-07-08T17:35:34.000Z"
    },
    {
      "ShortPath": "l2/organismNavAdmin.defs.ts",
      "versionRef": "63c367a3344f391c835278f50e74a10a0d5551bc",
      "Length": 1063,
      "update_at": "2025-07-08T17:35:34.000Z"
    },
    {
      "ShortPath": "l2/organismNavAdmin.html",
      "versionRef": "0178a8191a69c06bed10bd1a1f97c0b08581dcf3",
      "Length": 55,
      "update_at": "2025-07-08T17:35:34.000Z"
    },
    {
      "ShortPath": "l2/organismNavAdmin.less",
      "versionRef": "78c6520bffde4328260b313687d8062096041749",
      "Length": 197,
      "update_at": "2025-07-08T17:35:34.000Z"
    },
    {
      "ShortPath": "l2/organismNavAdmin.ts",
      "versionRef": "47376f782fd7cf3ab3bcf656902f0862f7c05da9",
      "Length": 552,
      "update_at": "2025-07-08T17:35:34.000Z"
    },
    {
      "ShortPath": "l2/organismRecuperarSenha.defs.ts",
      "versionRef": "e1a3a406db9f8aead49399bbe68522f3724188ac",
      "Length": 994,
      "update_at": "2025-07-08T17:35:34.000Z"
    },
    {
      "ShortPath": "l2/organismRecuperarSenha.html",
      "versionRef": "7219ac51fe5705e8e68c49ea774fb33501b35607",
      "Length": 67,
      "update_at": "2025-07-08T17:35:34.000Z"
    },
    {
      "ShortPath": "l2/organismRecuperarSenha.less",
      "versionRef": "7806743fd5d5a88aeb633c89f9c1133e7694fbaa",
      "Length": 209,
      "update_at": "2025-07-08T17:35:34.000Z"
    },
    {
      "ShortPath": "l2/organismRecuperarSenha.ts",
      "versionRef": "e22840b29b7db9217780eee315516e5d03c732f1",
      "Length": 532,
      "update_at": "2025-07-08T17:35:34.000Z"
    },
    {
      "ShortPath": "l2/organismRedesSociais.defs.ts",
      "versionRef": "2a7bb3f9a28f31e46eaa4be8da42518fe8480717",
      "Length": 1333,
      "update_at": "2025-07-08T17:35:34.000Z"
    },
    {
      "ShortPath": "l2/organismRedesSociais.html",
      "versionRef": "78592d5bd5fafa08141026fdaa398bfea63ce114",
      "Length": 63,
      "update_at": "2025-07-08T17:35:34.000Z"
    },
    {
      "ShortPath": "l2/organismRedesSociais.less",
      "versionRef": "beb86d874659b896504f99e4537c8e1fbad5b2f0",
      "Length": 205,
      "update_at": "2025-07-08T17:35:34.000Z"
    },
    {
      "ShortPath": "l2/organismRedesSociais.ts",
      "versionRef": "17bce4e2abab3b79f3b6214a00f700b83207b883",
      "Length": 555,
      "update_at": "2025-07-08T17:35:34.000Z"
    },
    {
      "ShortPath": "l2/organismResumoPedido.defs.ts",
      "versionRef": "e90c3bed18991c935c23330ec3de4134f0caf2dc",
      "Length": 1005,
      "update_at": "2025-07-08T17:35:34.000Z"
    },
    {
      "ShortPath": "l2/organismResumoPedido.html",
      "versionRef": "c8008251b1689085259bdfc88edb8ff031bc88cd",
      "Length": 63,
      "update_at": "2025-07-08T17:35:34.000Z"
    },
    {
      "ShortPath": "l2/organismResumoPedido.less",
      "versionRef": "7cc770e38771dd2dc8b426f93536da9a9bcf6e58",
      "Length": 205,
      "update_at": "2025-07-08T17:35:34.000Z"
    },
    {
      "ShortPath": "l2/organismResumoPedido.ts",
      "versionRef": "69d943ee1880c75176eca914f8201580d9855011",
      "Length": 547,
      "update_at": "2025-07-08T17:35:34.000Z"
    },
    {
      "ShortPath": "l2/organismServicosDestaque.defs.ts",
      "versionRef": "573990f465f40161e2507a06e699335909d42b3c",
      "Length": 1052,
      "update_at": "2025-07-08T17:35:34.000Z"
    },
    {
      "ShortPath": "l2/organismServicosDestaque.html",
      "versionRef": "c1d5cfeef6f5b14c2c975a0821ee46f38d4df929",
      "Length": 71,
      "update_at": "2025-07-08T17:35:34.000Z"
    },
    {
      "ShortPath": "l2/organismServicosDestaque.less",
      "versionRef": "8658aca9b517912c3f11c45d39082000f17bc01c",
      "Length": 213,
      "update_at": "2025-07-08T17:35:34.000Z"
    },
    {
      "ShortPath": "l2/organismServicosDestaque.ts",
      "versionRef": "e64b86647f0105a276782123feedc7df872d7f98",
      "Length": 569,
      "update_at": "2025-07-08T17:35:34.000Z"
    },
    {
      "ShortPath": "l2/pagamento.defs.ts",
      "versionRef": "cbb237a6a441cb1a8555cb6d55c193516edcf3e8",
      "Length": 1340,
      "update_at": "2025-07-08T17:36:49.000Z"
    },
    {
      "ShortPath": "l2/pagamento.html",
      "versionRef": "eb8bc9d4dc79457d25af85f5e2a3862996373857",
      "Length": 616,
      "update_at": "2025-07-08T17:36:49.000Z"
    },
    {
      "ShortPath": "l2/pagamento.less",
      "versionRef": "4fc474d059bc4ffd250dedbf8ef79edaf6d92f54",
      "Length": 181,
      "update_at": "2025-07-08T17:36:49.000Z"
    },
    {
      "ShortPath": "l2/pagamento.ts",
      "versionRef": "6cc005b86d88c2ac268bf9e257da512afae219d9",
      "Length": 419,
      "update_at": "2025-07-08T17:36:49.000Z"
    },
    {
      "ShortPath": "l2/tableAgendamento.defs.ts",
      "versionRef": "c8a86ba5929d95bc9181828c2f49c36f1a6c4303",
      "Length": 1275,
      "update_at": "2025-07-08T17:32:15.000Z"
    },
    {
      "ShortPath": "l2/tableAgendamento.html",
      "versionRef": "c944508609ee3501a2fd54e4a0c1659448f61d65",
      "Length": 33,
      "update_at": "2025-07-08T17:32:15.000Z"
    },
    {
      "ShortPath": "l2/tableAgendamento.less",
      "versionRef": "324330ee1c9b7ff38e60ef406a616575d54dcbca",
      "Length": 196,
      "update_at": "2025-07-08T17:32:15.000Z"
    },
    {
      "ShortPath": "l2/tableAgendamento.ts",
      "versionRef": "8fcd03f00fd0a1f84c1967d7b4bcef61cf667ecd",
      "Length": 576,
      "update_at": "2025-07-08T17:32:15.000Z"
    },
    {
      "ShortPath": "l2/tableCategoria.defs.ts",
      "versionRef": "9227be23875235199075daf48264c245be3c03a1",
      "Length": 1155,
      "update_at": "2025-07-08T17:32:15.000Z"
    },
    {
      "ShortPath": "l2/tableCategoria.html",
      "versionRef": "146bf72a5405d0962b38c1c0589b17b2e44a9f25",
      "Length": 31,
      "update_at": "2025-07-08T17:32:15.000Z"
    },
    {
      "ShortPath": "l2/tableCategoria.less",
      "versionRef": "16ed7935de9e50c863290325a27e5bb3a45f5d71",
      "Length": 192,
      "update_at": "2025-07-08T17:32:15.000Z"
    },
    {
      "ShortPath": "l2/tableCategoria.ts",
      "versionRef": "73f78d23a58a96c142fbcd8b9a57365a19afa3a3",
      "Length": 395,
      "update_at": "2025-07-08T17:32:15.000Z"
    },
    {
      "ShortPath": "l2/tableContato.defs.ts",
      "versionRef": "0d631bfe25514cdc8c1d302efd6fcf45be6357db",
      "Length": 1194,
      "update_at": "2025-07-08T17:32:15.000Z"
    },
    {
      "ShortPath": "l2/tableContato.html",
      "versionRef": "679b57c58844b459dd6d847a06649f76fdbf9dbd",
      "Length": 29,
      "update_at": "2025-07-08T17:32:15.000Z"
    },
    {
      "ShortPath": "l2/tableContato.less",
      "versionRef": "e5f8460061fb17afa97d7eb2a2e4f8f8540df08b",
      "Length": 188,
      "update_at": "2025-07-08T17:32:15.000Z"
    },
    {
      "ShortPath": "l2/tableContato.ts",
      "versionRef": "4c264bed1fb2a2a646c8c1f4af470ad856315cf7",
      "Length": 497,
      "update_at": "2025-07-08T17:32:15.000Z"
    },
    {
      "ShortPath": "l2/tableItempedido.defs.ts",
      "versionRef": "2fcaac00bbe9e94e995ba8b101c38878b7a03d56",
      "Length": 1211,
      "update_at": "2025-07-08T17:32:15.000Z"
    },
    {
      "ShortPath": "l2/tableItempedido.html",
      "versionRef": "fda428fb7e46f570178f54d6d1b97c7dceba420f",
      "Length": 32,
      "update_at": "2025-07-08T17:32:15.000Z"
    },
    {
      "ShortPath": "l2/tableItempedido.less",
      "versionRef": "8dd6d8f765b65285171c135fa51634866683d057",
      "Length": 194,
      "update_at": "2025-07-08T17:32:15.000Z"
    },
    {
      "ShortPath": "l2/tableItempedido.ts",
      "versionRef": "3e59c30583dd9be49c89680684ef2b56b866e1a1",
      "Length": 507,
      "update_at": "2025-07-08T17:32:15.000Z"
    },
    {
      "ShortPath": "l2/tablePagamento.defs.ts",
      "versionRef": "28e2632731db0a16c46c53670b71a6d3b29a026b",
      "Length": 1213,
      "update_at": "2025-07-08T17:32:15.000Z"
    },
    {
      "ShortPath": "l2/tablePagamento.html",
      "versionRef": "a82cd71019c5bf7bc6401febe8b74c2411c7b6e0",
      "Length": 31,
      "update_at": "2025-07-08T17:32:15.000Z"
    },
    {
      "ShortPath": "l2/tablePagamento.less",
      "versionRef": "65a814b2a94ef261c3e241c42fc85cbd45859dc3",
      "Length": 192,
      "update_at": "2025-07-08T17:32:15.000Z"
    },
    {
      "ShortPath": "l2/tablePagamento.ts",
      "versionRef": "41501cb2361cf39d88b06cee06bef5726b51d293",
      "Length": 503,
      "update_at": "2025-07-08T17:32:15.000Z"
    },
    {
      "ShortPath": "l2/tablePedido.defs.ts",
      "versionRef": "3ad51d94a661a1bfc5964e92fb25b195ddbd573a",
      "Length": 1205,
      "update_at": "2025-07-08T17:32:15.000Z"
    },
    {
      "ShortPath": "l2/tablePedido.html",
      "versionRef": "9fa8021ace9014fb6506891698af45ececc89304",
      "Length": 28,
      "update_at": "2025-07-08T17:32:15.000Z"
    },
    {
      "ShortPath": "l2/tablePedido.less",
      "versionRef": "230e4bcdb55ae81d2e08b3561781c131c879a955",
      "Length": 186,
      "update_at": "2025-07-08T17:32:15.000Z"
    },
    {
      "ShortPath": "l2/tablePedido.ts",
      "versionRef": "52c0efc98b65b562f6a45793e0fd800a6e1e9bf6",
      "Length": 518,
      "update_at": "2025-07-08T17:32:15.000Z"
    },
    {
      "ShortPath": "l2/tableProduto.defs.ts",
      "versionRef": "641c65c05aca64850dc9486950e99f8cbdf50ed3",
      "Length": 1261,
      "update_at": "2025-07-08T17:32:15.000Z"
    },
    {
      "ShortPath": "l2/tableProduto.html",
      "versionRef": "77bb5a515633838c998926b0b4a03c9e179d4f30",
      "Length": 29,
      "update_at": "2025-07-08T17:32:15.000Z"
    },
    {
      "ShortPath": "l2/tableProduto.less",
      "versionRef": "e0218e34876f2e48fd054f27fdd604f762d336b0",
      "Length": 188,
      "update_at": "2025-07-08T17:32:15.000Z"
    },
    {
      "ShortPath": "l2/tableProduto.ts",
      "versionRef": "1c974bdcf2de2bd24494abf7c4ebdb02006ea110",
      "Length": 616,
      "update_at": "2025-07-08T17:32:15.000Z"
    },
    {
      "ShortPath": "l2/tableUsuario.defs.ts",
      "versionRef": "a54a6541de8a2087f4ab4849a5470276043282be",
      "Length": 1371,
      "update_at": "2025-07-08T17:32:15.000Z"
    },
    {
      "ShortPath": "l2/tableUsuario.html",
      "versionRef": "c0d4982431ccf7d2286c9263764d6d22d3b61c30",
      "Length": 29,
      "update_at": "2025-07-08T17:32:15.000Z"
    },
    {
      "ShortPath": "l2/tableUsuario.less",
      "versionRef": "29a23ab8bd8acec72846a958fda840c42c92fe9f",
      "Length": 188,
      "update_at": "2025-07-08T17:32:15.000Z"
    },
    {
      "ShortPath": "l2/tableUsuario.ts",
      "versionRef": "4de646243858a6a82915772722598924c2a37b3b",
      "Length": 710,
      "update_at": "2025-07-08T17:32:15.000Z"
    },
    {
      "ShortPath": "l5/project.json",
      "versionRef": "1f1bd83da5b855b3059233e3e39ef0f841784c29",
      "Length": 357,
      "update_at": "2025-07-02T19:24:51.000Z"
    },
    {
      "ShortPath": "l0/package.json",
      "versionRef": "a74873287289a3b43e8541b34372722a086e8a03",
      "Length": 470,
      "update_at": "2025-07-02T19:24:49.000Z"
    },
    {
      "ShortPath": "l0/tsconfig.json",
      "versionRef": "6a95f6e8d8e3042af5f58de9c691a455a7221647",
      "Length": 1191,
      "update_at": "2025-07-02T19:24:50.000Z"
    }
  ]
}